-- phpMyAdmin SQL Dump
-- version 4.6.6deb5
-- https://www.phpmyadmin.net/
--
-- Host: localhost:3306
-- Generation Time: Apr 22, 2019 at 01:43 PM
-- Server version: 5.7.25-0ubuntu0.18.04.2
-- PHP Version: 7.2.15-0ubuntu0.18.04.2

SET SQL_MODE = "NO_AUTO_VALUE_ON_ZERO";
SET time_zone = "+00:00";


/*!40101 SET @OLD_CHARACTER_SET_CLIENT=@@CHARACTER_SET_CLIENT */;
/*!40101 SET @OLD_CHARACTER_SET_RESULTS=@@CHARACTER_SET_RESULTS */;
/*!40101 SET @OLD_COLLATION_CONNECTION=@@COLLATION_CONNECTION */;
/*!40101 SET NAMES utf8mb4 */;

--
-- Database: `yesplease1`
--

-- --------------------------------------------------------

--
-- Table structure for table `migrations`
--

CREATE TABLE `migrations` (
  `id` int(10) UNSIGNED NOT NULL,
  `migration` varchar(255) COLLATE utf8mb4_unicode_ci NOT NULL,
  `batch` int(11) NOT NULL
) ENGINE=InnoDB DEFAULT CHARSET=utf8mb4 COLLATE=utf8mb4_unicode_ci;

--
-- Dumping data for table `migrations`
--

INSERT INTO `migrations` (`id`, `migration`, `batch`) VALUES
(73, '2014_10_12_000000_create_users_table', 1),
(74, '2014_10_12_100000_create_password_resets_table', 1),
(79, '2019_01_09_113800_yp_users', 1),
(80, '2019_01_10_053944_create_admins_table', 2),
(81, '2019_01_10_064443_yp_admins', 3),
(82, '2019_01_10_064623_yp_business_users', 3),
(135, '2019_01_10_074403_create_yp_admins_table', 4),
(142, '2019_01_09_111822_yp_business_users', 5),
(143, '2019_01_09_111859_yp_business_details', 5),
(144, '2019_01_09_111935_yp_business_categories', 5),
(145, '2019_01_09_113419_yp_business_sub_categories', 5),
(146, '2019_01_18_115501_yp_general_users', 5),
(147, '2019_01_31_101150_yp_verification_business_users', 6),
(148, '2019_01_18_102353_yp_business_user_categories', 7),
(149, '2019_02_06_102157_yp_business_usercategories', 8),
(150, '2019_01_24_114103_yp_user_hashtags', 9),
(151, '2019_02_07_055258_yp_business_usercategories', 10),
(152, '2019_02_18_072858_yp_business_users_quotes', 11),
(153, '2019_02_18_102010_yp_business_user_quotes', 12),
(154, '2019_02_18_102613_yp_business_user_quotes', 13),
(155, '2019_02_18_104449_yp_business_users_quotes', 14),
(156, '2019_02_18_104531_yp_business_users_quotes_reply', 15),
(157, '2019_02_18_104857_yp_business_users_quotes', 16),
(158, '2019_02_19_133138_yp_business_user_reviews', 17),
(159, '2019_02_20_052335_yp_user_reviews', 18),
(160, '2019_02_21_110740_business_users', 19),
(161, '2019_02_21_110845_yp_business_user_quote_templates', 19),
(162, '2019_02_28_104634_yp_general_users_quotes', 20),
(163, '2019_03_01_112341_yp_business_selected_services', 21),
(164, '2019_03_28_073947_yp_business_user_cc_details_table.php', 21),
(167, '2019_03_29_073904_yp_general_users_questions', 24),
(168, '2019_03_29_074315_yp_business_users_questions', 25),
(169, '2019_04_04_072512_create_yp_campaign_detail_table', 23),
(170, '2019_04_04_104036_create_yp_campaign_category_table', 25),
(171, '2019_04_05_064959_create_yp_campaign_impression_table', 26),
(172, '2019_04_05_065017_create_yp_campaign_click_table', 26),
(173, '2019_04_22_104037_business_products', 27);

-- --------------------------------------------------------

--
-- Table structure for table `password_resets`
--

CREATE TABLE `password_resets` (
  `email` varchar(255) COLLATE utf8mb4_unicode_ci NOT NULL,
  `token` varchar(255) COLLATE utf8mb4_unicode_ci NOT NULL,
  `created_at` timestamp NULL DEFAULT NULL
) ENGINE=InnoDB DEFAULT CHARSET=utf8mb4 COLLATE=utf8mb4_unicode_ci;

-- --------------------------------------------------------

--
-- Table structure for table `users`
--

CREATE TABLE `users` (
  `id` int(10) UNSIGNED NOT NULL,
  `name` varchar(255) COLLATE utf8mb4_unicode_ci NOT NULL,
  `email` varchar(255) COLLATE utf8mb4_unicode_ci NOT NULL,
  `email_verified_at` timestamp NULL DEFAULT NULL,
  `password` varchar(255) COLLATE utf8mb4_unicode_ci NOT NULL,
  `remember_token` varchar(100) COLLATE utf8mb4_unicode_ci DEFAULT NULL,
  `created_at` timestamp NULL DEFAULT NULL,
  `updated_at` timestamp NULL DEFAULT NULL
) ENGINE=InnoDB DEFAULT CHARSET=utf8mb4 COLLATE=utf8mb4_unicode_ci;

--
-- Dumping data for table `users`
--

INSERT INTO `users` (`id`, `name`, `email`, `email_verified_at`, `password`, `remember_token`, `created_at`, `updated_at`) VALUES
(1, 'rupinder kaur', 'rupinder@gmail.com', NULL, '$2y$10$oxsS.15iyEt5iqiKgGnzou0REaG8S7J5..s3H5.FZ3Gt/xH9N7952', 'kpSnSCQ957JiEqUq2vy0LRhjTejzcjqWH88tLGCbCR1HoyeQ2uWym9S0wZlB', '2019-01-10 02:04:31', '2019-01-10 02:04:31'),
(2, 'rupinder kaur', 'rupinde1r@gmail.com', NULL, '$2y$10$n45GKeeD38RVP.6prYwKx.6xoTrfg4ljYkq0AO1APWu8QDMRDcKeq', 'f66Vo5syNEXlaufjMFrefplQ4ZOQB0tY7dNz1R6fBVvkxcjG3V8ZEyNjfkhC', '2019-01-10 02:04:53', '2019-01-10 02:04:53'),
(3, 'test test', 'rupinder344@gmail.com', NULL, '$2y$10$wliZtz1dziGCUClLm34XG./3vWQACftenrjWoFQzFotIy4wOqztbi', 'D1QOVSimJRvVAh4xumIDLWeHme1Op66Q7XkpXelU4svvuUFqTCIefDFD3oex', '2019-01-10 02:31:45', '2019-01-10 02:31:45'),
(4, 'rupinder kaur', 'rupindefgfr@gmail.com', NULL, '$2y$10$KKQ0POJsAN2O.ak0JFsmFO2UcsSmkySOlhR9veJoQA/KKjcg3Tj1S', 'iMAPUaic2Hi4MB9uJo8jlFyN8HxH6tIcINuF7lYg2EIlEHHqbk6J9BhkrVma', '2019-01-10 07:09:57', '2019-01-10 07:09:57');

-- --------------------------------------------------------

--
-- Table structure for table `yp_admins`
--

CREATE TABLE `yp_admins` (
  `id` int(10) UNSIGNED NOT NULL,
  `name` varchar(255) COLLATE utf8mb4_unicode_ci NOT NULL,
  `email` varchar(255) COLLATE utf8mb4_unicode_ci NOT NULL,
  `password` varchar(255) COLLATE utf8mb4_unicode_ci NOT NULL,
  `remember_token` varchar(100) COLLATE utf8mb4_unicode_ci DEFAULT NULL,
  `created_at` timestamp NOT NULL DEFAULT CURRENT_TIMESTAMP,
  `updated_at` timestamp NOT NULL DEFAULT CURRENT_TIMESTAMP ON UPDATE CURRENT_TIMESTAMP
) ENGINE=InnoDB DEFAULT CHARSET=utf8mb4 COLLATE=utf8mb4_unicode_ci;

--
-- Dumping data for table `yp_admins`
--

INSERT INTO `yp_admins` (`id`, `name`, `email`, `password`, `remember_token`, `created_at`, `updated_at`) VALUES
(1, 'admin', 'nishant@yopmail.com', '$2y$10$7cxqWMuQK0J0uJcsIDkVQu6RGCV6JBhvD4B/UzfAzJsPYmhYoxs3e', 'syvwFjYPySYtCqGINiCnsZB4twMqLXuaEt9Al6IaAKIouVKm3f6D5sB6nTZH', '2019-01-31 06:07:58', '2019-04-22 11:11:02');

-- --------------------------------------------------------

--
-- Table structure for table `yp_business_categories`
--

CREATE TABLE `yp_business_categories` (
  `id` int(10) UNSIGNED NOT NULL,
  `category_id` bigint(20) NOT NULL,
  `super_cat_id` int(11) NOT NULL DEFAULT '12345',
  `category_name` varchar(255) COLLATE utf8mb4_unicode_ci DEFAULT NULL,
  `category_status` tinyint(4) NOT NULL DEFAULT '1',
  `quote_with_ph` int(11) NOT NULL,
  `quote_without_ph` int(11) NOT NULL,
  `created_at` timestamp NOT NULL DEFAULT CURRENT_TIMESTAMP,
  `updated_at` timestamp NOT NULL DEFAULT CURRENT_TIMESTAMP ON UPDATE CURRENT_TIMESTAMP
) ENGINE=InnoDB DEFAULT CHARSET=utf8mb4 COLLATE=utf8mb4_unicode_ci;

--
-- Dumping data for table `yp_business_categories`
--

INSERT INTO `yp_business_categories` (`id`, `category_id`, `super_cat_id`, `category_name`, `category_status`, `quote_with_ph`, `quote_without_ph`, `created_at`, `updated_at`) VALUES
(7, 3575791522913, 1552658294, 'Barmen course', 1, 5, 4, '2019-03-18 20:01:17', '2019-03-28 06:57:13'),
(8, 5657995240617, 1552658364, 'Sea', 1, 3, 3, '2019-03-19 04:46:04', '2019-03-28 06:57:06'),
(9, 5157897230773, 1552658340, 'Chandigarh', 1, 2, 3, '2019-03-19 04:46:13', '2019-03-28 06:56:54'),
(10, 9555979520158, 1552658364, 'Bottle', 1, 5, 6, '2019-03-19 06:12:35', '2019-03-28 06:56:42'),
(12, 155583914772, 1552977361, 'Electrician', 1, 9, 7, '2019-03-19 06:38:01', '2019-03-28 06:56:32'),
(13, 912771495452, 1552977361, 'Baby Sitting', 1, 7, 7, '2019-03-19 06:38:14', '2019-03-28 06:56:25'),
(14, 877129475505, 1552977361, 'Cleaner', 1, 7, 7, '2019-03-19 06:38:28', '2019-03-28 06:56:16'),
(16, 1980305225194, 1552977361, 'PLUMBER', 1, 5, 5, '2019-03-19 07:24:50', '2019-03-28 06:56:09'),
(21, 9150503330153, 1553003098, 'Php', 1, 12, 7, '2019-03-19 13:45:03', '2019-03-28 06:56:01'),
(22, 3621173505310, 1552977607, 'clean', 1, 4, 4, '2019-03-19 13:45:21', '2019-03-28 06:55:50'),
(23, 515361033054, 1552658294, 'Math', 1, 2, 2, '2019-03-19 13:45:50', '2019-04-15 12:09:20'),
(24, 3055116381500, 1553003169, 'nokia', 1, 7, 5, '2019-03-19 13:46:20', '2019-03-28 06:55:25'),
(25, 13501295357, 1552977186, 'Watsapp', 1, 2, 4, '2019-03-20 04:44:52', '2019-03-28 06:55:15'),
(26, 1714555830954, 1552977025, 'bootstrap', 1, 2, 6, '2019-03-20 04:45:58', '2019-03-28 06:55:06'),
(27, 2245010238577, 1553072858, 'android', 1, 3, 5, '2019-03-20 09:07:52', '2019-03-28 06:54:59'),
(28, 8254091091553, 1553245858, 'GreenLand_Properties_Mohali', 1, 5, 4, '2019-03-22 09:11:41', '2019-03-28 06:54:49'),
(29, 4590325157463, 1552977361, 'Samsung_Helpers', 1, 25, 10, '2019-04-03 11:21:03', '2019-04-03 11:21:03'),
(30, 649420525612, 1552977361, 'Rich_Services', 1, 25, 10, '2019-04-03 11:23:44', '2019-04-03 11:23:44'),
(31, 5518553957524, 1552977361, 'PaperWorks', 1, 100, 50, '2019-04-03 12:42:37', '2019-04-03 12:42:37'),
(32, 1845311010395, 1552977361, 'Motorola', 1, 29, 19, '2019-04-03 14:30:19', '2019-04-03 14:30:19'),
(33, 4381145105835, 1554358590, 'Computer', 1, 70, 50, '2019-04-04 06:20:43', '2019-04-04 06:20:43'),
(34, 4856721536598, 1554358590, 'Windows', 1, 40, 20, '2019-04-04 06:21:02', '2019-04-04 06:21:02'),
(35, 4583355884301, 1554358590, 'Linux', 1, 60, 100, '2019-04-04 06:21:20', '2019-04-04 06:21:20'),
(36, 4545885938513, 1554358590, 'Android', 1, 200, 50, '2019-04-04 06:21:35', '2019-04-04 06:21:35'),
(37, 3590541518319, 1554358590, 'IOS', 1, 500, 300, '2019-04-04 06:21:51', '2019-04-04 06:21:51');

-- --------------------------------------------------------

--
-- Table structure for table `yp_business_details`
--

CREATE TABLE `yp_business_details` (
  `id` int(10) UNSIGNED NOT NULL,
  `b_id` int(10) UNSIGNED NOT NULL,
  `business_userid` bigint(20) NOT NULL,
  `website_url` varchar(255) COLLATE utf8mb4_unicode_ci DEFAULT NULL,
  `facebook_url` varchar(255) COLLATE utf8mb4_unicode_ci DEFAULT NULL,
  `schedule` text COLLATE utf8mb4_unicode_ci,
  `geographic` varchar(255) COLLATE utf8mb4_unicode_ci DEFAULT NULL,
  `business_profile` text COLLATE utf8mb4_unicode_ci,
  `pic_vid` text COLLATE utf8mb4_unicode_ci,
  `hash_tags` varchar(255) COLLATE utf8mb4_unicode_ci DEFAULT NULL,
  `review_count` varchar(255) COLLATE utf8mb4_unicode_ci DEFAULT NULL,
  `rating` varchar(255) COLLATE utf8mb4_unicode_ci DEFAULT NULL,
  `category` varchar(255) COLLATE utf8mb4_unicode_ci DEFAULT NULL,
  `created_at` timestamp NOT NULL DEFAULT CURRENT_TIMESTAMP,
  `updated_at` timestamp NOT NULL DEFAULT CURRENT_TIMESTAMP ON UPDATE CURRENT_TIMESTAMP,
  `distance_all` tinyint(4) NOT NULL DEFAULT '0',
  `distance_kms` tinyint(4) NOT NULL DEFAULT '0',
  `send_question` tinyint(4) NOT NULL DEFAULT '0',
  `send_schedule` tinyint(4) NOT NULL DEFAULT '0'
) ENGINE=InnoDB DEFAULT CHARSET=utf8mb4 COLLATE=utf8mb4_unicode_ci;

--
-- Dumping data for table `yp_business_details`
--

INSERT INTO `yp_business_details` (`id`, `b_id`, `business_userid`, `website_url`, `facebook_url`, `schedule`, `geographic`, `business_profile`, `pic_vid`, `hash_tags`, `review_count`, `rating`, `category`, `created_at`, `updated_at`, `distance_all`, `distance_kms`, `send_question`, `send_schedule`) VALUES
(1, 1, 2713965052578, '', '', NULL, NULL, NULL, NULL, NULL, NULL, NULL, NULL, '2019-03-15 14:15:12', '2019-03-15 14:37:18', 0, 10, 0, 0),
(4, 4, 68015592665, '', '', '{\"sunday_from\":\"20:12\",\"sunday_to\":\"20:12\",\"monday_from\":\"\",\"monday_to\":\"\",\"tuesday_from\":\"\",\"tuesday_to\":\"\",\"wednesday_from\":\"\",\"wednesday_to\":\"\",\"thursday_from\":\"\",\"thursday_to\":\"\",\"friday_from\":\"\",\"friday_to\":\"\",\"saturday_from\":\"20:12\",\"saturday_to\":\"20:12\"}', NULL, NULL, '{\"pic\":[\"801552660954.jpeg\",\"461552660954.jpeg\",\"351552660954.png\",\"261552660954.png\",\"be6cbd80b141486a901f0b4ce2bf14c1_665517419.png\"]}', NULL, NULL, NULL, NULL, '2019-03-15 14:40:16', '2019-03-15 14:42:53', 0, 100, 1, 0),
(5, 5, 9651461863152, '', '', '{\"sunday_from\":\"\",\"sunday_to\":\"\",\"monday_from\":\"\",\"monday_to\":\"\",\"tuesday_from\":\"\",\"tuesday_to\":\"\",\"wednesday_from\":\"\",\"wednesday_to\":\"\",\"thursday_from\":\"\",\"thursday_to\":\"\",\"friday_from\":\"20:16\",\"friday_to\":\"20:16\",\"saturday_from\":\"20:17\",\"saturday_to\":\"20:17\"}', NULL, 'Tell your clients about your business, you can also do it by uploading photos/videosTell your clients about your business, you can also do it by uploading photos/videosTell your clients about your business, you can also do it by uploading photos/videosTell your clients about your business, you can also do it by uploading photos/videos', '{\"pic\":[\"851552661208.jpeg\",\"681552661208.jpeg\",\"551552661208.png\",\"391552661208.png\"]}', NULL, NULL, NULL, NULL, '2019-03-15 14:45:54', '2019-03-15 14:47:06', 0, 100, 0, 0),
(6, 6, 5196324352611, '', '', '{\"sunday_from\":\"\",\"sunday_to\":\"\",\"monday_from\":\"20:20\",\"monday_to\":\"20:20\",\"tuesday_from\":\"20:20\",\"tuesday_to\":\"20:20\",\"wednesday_from\":\"\",\"wednesday_to\":\"\",\"thursday_from\":\"\",\"thursday_to\":\"\",\"friday_from\":\"\",\"friday_to\":\"\",\"saturday_from\":\"\",\"saturday_to\":\"\"}', NULL, NULL, '{\"pic\":[\"251552661408.png\"]}', NULL, NULL, NULL, NULL, '2019-03-15 14:49:15', '2019-03-15 14:50:25', 0, 10, 0, 0),
(7, 7, 2658681157151, '', '', '{\"sunday_from\":\"\",\"sunday_to\":\"\",\"monday_from\":\"\",\"monday_to\":\"\",\"tuesday_from\":\"\",\"tuesday_to\":\"\",\"wednesday_from\":\"\",\"wednesday_to\":\"\",\"thursday_from\":\"20:24\",\"thursday_to\":\"20:24\",\"friday_from\":\"\",\"friday_to\":\"\",\"saturday_from\":\"\",\"saturday_to\":\"\"}', NULL, NULL, '{\"pic\":[\"321552661629.jpeg\",\"291552661629.jpeg\",\"421552661629.png\",\"761552661629.png\"]}', NULL, NULL, NULL, NULL, '2019-03-15 14:53:13', '2019-03-15 14:54:10', 0, 100, 0, 0),
(8, 9, 4641388561528, '', '', '{\"available\":\"available\"}', NULL, 'test for best', '{\"pic\":[\"471552661899.png\",\"171552661899.jpg\",\"911552661899.jpeg\",\"621552661899.jpg\",\"221552661899.jpg\",\"271552661899.png\",\"441552661899.jpg\",\"411552661899.jpg\",\"791552661899.jpg\",\"611552661925.jpg\"]}', NULL, NULL, NULL, NULL, '2019-03-15 14:57:46', '2019-03-15 14:59:02', 0, 10, 1, 0),
(10, 11, 8952668807561, '', '', NULL, NULL, NULL, NULL, NULL, NULL, NULL, NULL, '2019-03-18 05:23:36', '2019-03-18 05:24:26', 0, 10, 0, 0),
(11, 14, 6420595715882, '  Are you social? Connect your facebook profile and add your website with your facebook group/page  ', '  Are you social? Connect your facebook profile and add your website with your facebook group/page  ', '{\"sunday_from\":\"13:38\",\"sunday_to\":\"13:39\",\"monday_from\":\"\",\"monday_to\":\"\",\"tuesday_from\":\"\",\"tuesday_to\":\"\",\"wednesday_from\":\"\",\"wednesday_to\":\"\",\"thursday_from\":\"\",\"thursday_to\":\"\",\"friday_from\":\"\",\"friday_to\":\"\",\"saturday_from\":\"\",\"saturday_to\":\"\"}', NULL, 'A cleaner or a cleaning operative is a type of industrial or domestic worker who cleans homes or commercial premises for payment. Cleaning operatives may specialise in cleaning particular things or places, such as window cleaners. Cleaning operatives often work when the people who otherwise occupy the space are not around. They may clean offices at night or houses during the workday.', '{\"pic\":[\"281552982844.png\",\"0bfe1182dabb4464a6fd977c06f8d32e_1984307596.png\"]}', NULL, NULL, NULL, NULL, '2019-03-19 06:29:14', '2019-03-19 10:22:50', 0, 10, 1, 0),
(12, 15, 5199527968526, '     Baby Sitting     ', '          ', '{\"sunday_from\":\"\",\"sunday_to\":\"\",\"monday_from\":\"13:41\",\"monday_to\":\"13:41\",\"tuesday_from\":\"13:41\",\"tuesday_to\":\"13:41\",\"wednesday_from\":\"\",\"wednesday_to\":\"\",\"thursday_from\":\"\",\"thursday_to\":\"\",\"friday_from\":\"\",\"friday_to\":\"\",\"saturday_from\":\"\",\"saturday_to\":\"\"}', NULL, 'Babysitting is temporarily caring for a child. Babysitting can be a paid job for all ages; however, it is best known as a temporary activity for young teenagers who are too young to be eligible for employment in the general economy. It provides autonomy from parental control, and spending money, as well as an introduction to the techniques of child care. It emerged as a social role for teenagers in the 1920s, and became especially important in suburban America in the 1950s and 1960s, when there was an abundance of small children. It stimulated an outpouring of folk culture in the form of urban legends, pulp novels, and horror films.[1]', '{\"pic\":[\"281552983058.jpg\",\"0bfe1182dabb4464a6fd977c06f8d32e_1826814504.png\"]}', NULL, NULL, NULL, NULL, '2019-03-19 08:09:39', '2019-04-04 06:41:50', 0, 10, 0, 0),
(13, 16, 4551559266388, '                  ', '                  ', '{\"sunday_from\":\"\",\"sunday_to\":\"\",\"monday_from\":\"\",\"monday_to\":\"\",\"tuesday_from\":\"\",\"tuesday_to\":\"\",\"wednesday_from\":\"\",\"wednesday_to\":\"\",\"thursday_from\":\"14:39\",\"thursday_to\":\"14:39\",\"friday_from\":\"14:39\",\"friday_to\":\"14:39\",\"saturday_from\":\"\",\"saturday_to\":\"\"}', NULL, 'A plumber is a tradesperson who specializes in installing and maintaining systems used for potable (drinking) water, sewage and drainage in plumbing systems. The term dates from ancient times and is related to the Latin word for lead, \"plumbum\".[1][2]', '{\"pic\":[\"341552986543.jpg\"]}', NULL, NULL, NULL, NULL, '2019-03-19 09:06:32', '2019-04-08 10:15:36', 0, 30, 0, 0),
(14, 17, 1281655939846, 'testing.iapp001@gmail.com', 'testing.iapp001@gmail.com', '{\"available\":\"available\"}', NULL, 'A plumber is a tradesperson who specializes in installing and maintaining systems used for potable (drinking) water, sewage and drainage in plumbing systems. The term dates from ancient times and is related to the Latin word for lead, \"plumbum\".[1][2]A plumber is a tradesperson who specializes in installing and maintaining systems used for potable (drinking) water, sewage and drainage in plumbing systems. The term dates from ancient times and is related to the Latin word for lead, \"plumbum\".[1][2]', '{\"pic\":[\"651552986667.jpeg\"]}', NULL, NULL, NULL, NULL, '2019-03-19 09:10:31', '2019-03-19 09:11:13', 0, 10, 0, 0),
(15, 18, 6563590248318, '', '', '{\"available\":\"available\"}', NULL, NULL, NULL, NULL, NULL, NULL, NULL, '2019-03-19 09:34:32', '2019-03-19 09:35:03', 0, 10, 0, 0),
(16, 20, 7849952251215, '', '', NULL, NULL, NULL, NULL, NULL, NULL, NULL, NULL, '2019-03-19 10:53:41', '2019-03-19 10:53:53', 0, 10, 0, 0),
(17, 21, 7924731922545, '        ', '        ', '{\"available\":\"available\"}', NULL, 'k-wallpaper-afterglow-blur-1236701.jpg, 4k-wallpaper-agriculture-clouds-842711.jpg, 4k-wallpaper-android-wallpaper-art-325044.jpg, 4k-wallpaper-android-wallpaper-astro-1146134.jpg, 4k-wallpaper-architecture-background-1308624.jpg, 4k-wallpaper-audi-audi-r8-1402787.jpg, 4k-wallpaper-background-beautiful-853199.jpg, 4k-wallpaper-blur-bokeh-1213447.jpg, 4k-wallpaper-calm-waters-dark-1252869.jpg, 41trnBjzshL.png, 41wGEmM0S4L.jpg, 5073.jpg, 5075.jpg, 5077.jpg, 5078.jpg, 5079.jpg, 5080.jpg, 5081.jpg, android-wallpaper-city-dark-248159.jpg, computer-dvd-disk-250x250.png, download.jpeg, download.png, Download-HD-Wallpaper-Paris-Eiffel-Tower-Beutiful-Amazing-Monument-City-WallpapersByte-com-1600x1200.jpg, images.jpeg, images (1).jpeg, Scalebound-4K-Wallpaper.jpg, Scalebound-4K-Wallpaper-1.jpg, Scalebound-4K-Wallpaper-2.jpg, sheldon.jpg, superman.png, Water.jpeg, Water1.jpeg, Water2.jpeg, Water3.jpeg, Water4.jpeg,', '{\"pic\":[\"491553248708.jpg\",\"861553248708.jpg\",\"831553248708.jpg\",\"111553248708.jpg\",\"481553248708.jpg\",\"461553248708.jpg\",\"201553248708.jpg\",\"401553248708.jpg\",\"661553248708.jpg\",\"121553248709.png\",\"351553248709.jpg\",\"631553248709.jpg\",\"821553248709.jpg\",\"941553248709.jpg\",\"331553248709.jpg\",\"181553248709.jpg\",\"781553248709.jpg\",\"701553248709.jpg\",\"631553248709.jpg\",\"841553248709.png\"]}', NULL, NULL, NULL, NULL, '2019-03-22 09:49:37', '2019-04-09 14:00:56', 0, 10, 1, 1),
(18, 22, 5348205618641, '', '', '{\"sunday_from\":\"\",\"sunday_to\":\"\",\"monday_from\":\"15:37\",\"monday_to\":\"15:37\",\"tuesday_from\":\"15:37\",\"tuesday_to\":\"15:37\",\"wednesday_from\":\"\",\"wednesday_to\":\"\",\"thursday_from\":\"\",\"thursday_to\":\"\",\"friday_from\":\"\",\"friday_to\":\"\",\"saturday_from\":\"\",\"saturday_to\":\"\"}', NULL, 'Tell your clients about your business, you can also do it by uploading photos/videosTell your clients about your business, you can also do it by uploading photos/videos', '{\"pic\":[\"351553249220.jpg\",\"771553249220.jpg\"]}', NULL, NULL, NULL, NULL, '2019-03-22 10:04:24', '2019-03-22 10:08:05', 0, 20, 0, 0),
(19, 23, 7555816243973, '', '', '{\"sunday_from\":\"\",\"sunday_to\":\"\",\"monday_from\":\"\",\"monday_to\":\"\",\"tuesday_from\":\"\",\"tuesday_to\":\"\",\"wednesday_from\":\"15:43\",\"wednesday_to\":\"15:43\",\"thursday_from\":\"15:43\",\"thursday_to\":\"15:43\",\"friday_from\":\"\",\"friday_to\":\"\",\"saturday_from\":\"\",\"saturday_to\":\"\"}', NULL, 'Tell your clients about your business, you can also do it by uploading photos/videosTell your clients about your business, you can also do it by uploading photos/videos', '{\"pic\":[\"901553249570.jpeg\",\"computer-dvd-disk-250x250_1269013934.png\"]}', NULL, NULL, NULL, NULL, '2019-03-22 10:09:34', '2019-03-22 10:15:12', 0, 30, 0, 0),
(20, 24, 5751285447359, '', '', '{\"available\":\"available\"}', NULL, 'Tell your clients about your business, you can also do it by uploading photos/videos', '{\"pic\":[\"521553250223.jpg\"]}', NULL, NULL, NULL, NULL, '2019-03-22 10:18:44', '2019-03-22 10:23:57', 0, 60, 0, 0),
(21, 25, 3821356150095, '  ', '  ', '{\"sunday_from\":\"\",\"sunday_to\":\"\",\"monday_from\":\"\",\"monday_to\":\"\",\"tuesday_from\":\"\",\"tuesday_to\":\"\",\"wednesday_from\":\"\",\"wednesday_to\":\"\",\"thursday_from\":\"\",\"thursday_to\":\"\",\"friday_from\":\"15:56\",\"friday_to\":\"15:56\",\"saturday_from\":\"\",\"saturday_to\":\"\"}', NULL, '', '{\"pic\":[\"931553250369.jpeg\",\"331553250369.png\",\"Water_1868681764.jpeg\"]}', NULL, NULL, NULL, NULL, '2019-03-22 10:20:46', '2019-04-16 11:24:26', 0, 80, 0, 0),
(22, 26, 3012405375575, '', '', '{\"sunday_from\":\"\",\"sunday_to\":\"\",\"monday_from\":\"\",\"monday_to\":\"\",\"tuesday_from\":\"\",\"tuesday_to\":\"\",\"wednesday_from\":\"\",\"wednesday_to\":\"\",\"thursday_from\":\"16:10\",\"thursday_to\":\"16:10\",\"friday_from\":\"\",\"friday_to\":\"\",\"saturday_from\":\"\",\"saturday_to\":\"\"}', NULL, 'Tell your clients about your business, you can also do it by uploading photos/videosTell your clients about your business, you can also do it by uploading photos/videos', '{\"pic\":[\"821553251162.jpg\",\"441553251162.jpg\"]}', NULL, NULL, NULL, NULL, '2019-03-22 10:32:29', '2019-03-22 10:40:44', 0, 100, 0, 0),
(23, 27, 8935152531156, '    ', '    ', '{\"sunday_from\":\"\",\"sunday_to\":\"\",\"monday_from\":\"\",\"monday_to\":\"\",\"tuesday_from\":\"\",\"tuesday_to\":\"\",\"wednesday_from\":\"16:37\",\"wednesday_to\":\"16:37\",\"thursday_from\":\"\",\"thursday_to\":\"\",\"friday_from\":\"\",\"friday_to\":\"\",\"saturday_from\":\"\",\"saturday_to\":\"\"}', NULL, 'Test for best', '{\"pic\":[\"581553252800.jpg\",\"371553252800.jpg\",\"221553252800.jpg\",\"771553252800.jpg\",\"551553252800.jpg\",\"471553252800.jpg\",\"791553252800.jpg\",\"601553252800.jpg\",\"231553252800.jpg\",\"82f3a470b5c14637aaf8e7bc50a86dc7_1023055185.jpg\"]}', NULL, NULL, NULL, NULL, '2019-03-22 10:43:33', '2019-03-22 13:15:19', 0, 10, 0, 0),
(24, 28, 1536352052335, '  ', '  ', '{\"sunday_from\":\"\",\"sunday_to\":\"\",\"monday_from\":\"\",\"monday_to\":\"\",\"tuesday_from\":\"\",\"tuesday_to\":\"\",\"wednesday_from\":\"\",\"wednesday_to\":\"\",\"thursday_from\":\"16:42\",\"thursday_to\":\"16:42\",\"friday_from\":\"\",\"friday_to\":\"\",\"saturday_from\":\"\",\"saturday_to\":\"\"}', NULL, '4k-wallpaper-afterglow-blur-1236701.jpg, download.jpeg, download.png,4k-wallpaper-afterglow-blur-1236701.jpg, download.jpeg, download.png,4k-wallpaper-afterglow-blur-1236701.jpg, download.jpeg, download.png,4k-wallpaper-afterglow-blur-1236701.jpg, download.jpeg, download.png,', '{\"pic\":[\"701553253164.jpg\",\"651553253164.jpeg\",\"201553253164.png\",\"sheldon_1179415075.jpg\"]}', NULL, NULL, NULL, NULL, '2019-03-22 11:10:59', '2019-03-22 11:14:32', 0, 50, 1, 1),
(25, 29, 5153312255553, '    ', '    ', '{\"sunday_from\":\"16:57\",\"sunday_to\":\"16:57\",\"monday_from\":\"16:57\",\"monday_to\":\"16:57\",\"tuesday_from\":\"16:57\",\"tuesday_to\":\"16:57\",\"wednesday_from\":\"16:57\",\"wednesday_to\":\"16:57\",\"thursday_from\":\"\",\"thursday_to\":\"\",\"friday_from\":\"\",\"friday_to\":\"\",\"saturday_from\":\"\",\"saturday_to\":\"\"}', NULL, '', '{\"pic\":[\"271553253947.jpg\",\"381553253947.jpg\",\"1001553253947.jpg\",\"691553253947.jpg\",\"161553253947.jpg\",\"901553253948.jpg\",\"371553253948.jpg\"]}', NULL, NULL, NULL, NULL, '2019-03-22 11:23:43', '2019-03-22 11:29:03', 0, 80, 0, 0),
(26, 30, 5256557917763, '    Are you social? Connect your facebook profile and add your website with your facebook group/page    ', '    Are you social? Connect your facebook profile and add your website with your facebook group/page    ', '{\"sunday_from\":\"15:15\",\"sunday_to\":\"10:55\",\"monday_from\":\"19:31\",\"monday_to\":\"13:31\",\"tuesday_from\":\"\",\"tuesday_to\":\"\",\"wednesday_from\":\"19:31\",\"wednesday_to\":\"22:31\",\"thursday_from\":\"\",\"thursday_to\":\"\",\"friday_from\":\"\",\"friday_to\":\"\",\"saturday_from\":\"\",\"saturday_to\":\"\"}', NULL, 'Tell your clients about your business, you can also do it by uploading photos/videosTell your clients about your business, you can also do it by uploading photos/videosTell your clients about your business, you can also do it by uploading photos/videos', '{\"pic\":[\"401553576359.jpg\",\"271553576359.jpg\",\"671553576359.jpg\",\"701553576360.jpg\",\"281553576360.jpg\",\"591553576360.jpg\",\"471553576360.jpg\",\"be6cbd80b141486a901f0b4ce2bf14c1_1490033015.png\"]}', NULL, NULL, NULL, NULL, '2019-03-26 04:58:25', '2019-03-26 05:12:21', 0, 100, 0, 0),
(27, 31, 5785942167849, '    Online presence Are you social? Connect your facebook profile and add your website with your facebook group/page    ', '    Online presence Are you social? Connect your facebook profile and add your website with your facebook group/page    ', '{\"available\":\"available\"}', NULL, '', '{\"pic\":[\"1001554294935.png\"]}', NULL, NULL, NULL, NULL, '2019-04-03 12:34:40', '2019-04-04 06:33:49', 0, 10, 1, 1),
(28, 32, 9298584152932, '', '', '{\"available\":\"available\"}', NULL, NULL, NULL, NULL, NULL, NULL, NULL, '2019-04-03 13:33:24', '2019-04-03 13:33:53', 0, 10, 0, 0),
(29, 33, 5756612353454, '        ', '        ', '{\"available\":\"available\"}', NULL, '', NULL, NULL, NULL, NULL, NULL, '2019-04-04 05:40:46', '2019-04-04 06:34:02', 0, 10, 0, 0),
(30, 34, 1165355457968, '  ', '  ', '{\"available\":\"available\"}', NULL, '', '{\"pic\":[\"591554357657.png\"]}', NULL, NULL, NULL, NULL, '2019-04-04 06:00:25', '2019-04-04 06:35:51', 0, 10, 0, 0),
(31, 36, 194534501947, '    ', '    ', '{\"available\":\"available\"}', NULL, '', NULL, NULL, NULL, NULL, NULL, '2019-04-04 12:12:35', '2019-04-22 06:32:14', 0, 10, 0, 0),
(32, 35, 9950141735095, '  ', '  ', '{\"available\":\"available\"}', NULL, '', NULL, NULL, NULL, NULL, NULL, '2019-04-04 12:12:38', '2019-04-12 06:42:10', 0, 10, 0, 0),
(33, 37, 3551595594179, '  ', '  ', '{\"available\":\"available\"}', NULL, '', NULL, NULL, NULL, NULL, NULL, '2019-04-04 12:19:23', '2019-04-04 12:23:59', 0, 10, 0, 0),
(34, 39, 6455933930418, '', '', '{\"available\":\"available\"}', NULL, NULL, NULL, NULL, NULL, NULL, NULL, '2019-04-04 13:09:41', '2019-04-04 13:14:09', 0, 10, 0, 0),
(35, 38, 8183013534215, '', '', '{\"available\":\"available\"}', NULL, NULL, NULL, NULL, NULL, NULL, NULL, '2019-04-04 13:12:36', '2019-04-04 13:14:46', 0, 10, 0, 0),
(36, 40, 1712755105421, '  ', '  ', '{\"available\":\"available\"}', NULL, '', '{\"pic\":[\"751555047593.png\",\"0bfe1182dabb4464a6fd977c06f8d32e_1931918222.png\"]}', NULL, NULL, NULL, NULL, '2019-04-12 05:32:11', '2019-04-12 06:42:41', 0, 90, 0, 0),
(37, 41, 9660943561555, '', '', '{\"available\":\"available\"}', NULL, NULL, '{\"pic\":[\"631555066959.png\",\"571555066959.jpeg\",\"501555066959.jpeg\",\"1001555066959.jpeg\",\"741555066959.jpeg\",\"301555066959.jpeg\",\"641555066959.jpeg\",\"991555066959.jpeg\",\"831555066959.jpeg\",\"411555066959.jpg\",\"991555066959.png\",\"561555066959.jpg\",\"611555066959.jpeg\",\"271555066959.png\",\"741555066959.jpg\",\"671555066959.png\",\"741555066959.jpg\",\"731555066959.png\",\"911555066959.jpg\",\"471555066959.jpg\"]}', NULL, NULL, NULL, NULL, '2019-04-12 10:55:59', '2019-04-12 11:02:51', 0, 10, 0, 0),
(38, 42, 8391526033155, '  ', '  ', '{\"sunday_from\":\"17:41\",\"sunday_to\":\"17:41\",\"monday_from\":\"17:41\",\"monday_to\":\"17:41\",\"tuesday_from\":\"17:41\",\"tuesday_to\":\"17:41\",\"wednesday_from\":\"17:41\",\"wednesday_to\":\"17:41\",\"thursday_from\":\"17:41\",\"thursday_to\":\"17:41\",\"friday_from\":\"17:41\",\"friday_to\":\"17:41\",\"saturday_from\":\"13:41\",\"saturday_to\":\"20:41\"}', NULL, '', '{\"pic\":[\"961555339295.jpg\"]}', NULL, NULL, NULL, NULL, '2019-04-15 14:39:31', '2019-04-21 13:50:54', 1, 0, 0, 0),
(39, 43, 8414535940385, '', '', '{\"available\":\"available\"}', NULL, 'this is description of the business profile.', NULL, NULL, NULL, NULL, NULL, '2019-04-17 09:47:22', '2019-04-19 10:55:33', 0, 10, 0, 0),
(40, 44, 4685627587315, '', '', '{\"sunday_from\":\"\",\"sunday_to\":\"\",\"monday_from\":\"\",\"monday_to\":\"\",\"tuesday_from\":\"\",\"tuesday_to\":\"\",\"wednesday_from\":\"\",\"wednesday_to\":\"\",\"thursday_from\":\"\",\"thursday_to\":\"\",\"friday_from\":\"\",\"friday_to\":\"19:38\",\"saturday_from\":\"\",\"saturday_to\":\"\"}', NULL, NULL, NULL, NULL, NULL, NULL, NULL, '2019-04-19 14:01:21', '2019-04-19 14:08:54', 0, 10, 0, 0);

-- --------------------------------------------------------

--
-- Table structure for table `yp_business_products`
--

CREATE TABLE `yp_business_products` (
  `id` int(10) UNSIGNED NOT NULL,
  `product_id` int(10) UNSIGNED NOT NULL,
  `business_id` int(10) UNSIGNED NOT NULL,
  `name` varchar(255) COLLATE utf8mb4_unicode_ci DEFAULT NULL,
  `category_id` int(10) UNSIGNED NOT NULL,
  `sub_category_id` int(10) UNSIGNED NOT NULL,
  `price_type` varchar(255) COLLATE utf8mb4_unicode_ci DEFAULT NULL,
  `price` varchar(255) COLLATE utf8mb4_unicode_ci DEFAULT NULL,
  `price_from` varchar(255) COLLATE utf8mb4_unicode_ci DEFAULT NULL,
  `price_to` varchar(255) COLLATE utf8mb4_unicode_ci DEFAULT NULL,
  `price_per` varchar(255) COLLATE utf8mb4_unicode_ci DEFAULT NULL,
  `product_description` text COLLATE utf8mb4_unicode_ci,
  `product_images` text COLLATE utf8mb4_unicode_ci,
  `created_at` timestamp NOT NULL DEFAULT CURRENT_TIMESTAMP,
  `updated_at` timestamp NOT NULL DEFAULT CURRENT_TIMESTAMP ON UPDATE CURRENT_TIMESTAMP
) ENGINE=InnoDB DEFAULT CHARSET=utf8mb4 COLLATE=utf8mb4_unicode_ci;

-- --------------------------------------------------------

--
-- Table structure for table `yp_business_selected_services`
--

CREATE TABLE `yp_business_selected_services` (
  `id` int(10) UNSIGNED NOT NULL,
  `business_id` int(10) UNSIGNED NOT NULL,
  `cat_id` int(10) UNSIGNED NOT NULL,
  `service_text` text COLLATE utf8mb4_unicode_ci,
  `created_at` timestamp NOT NULL DEFAULT CURRENT_TIMESTAMP,
  `updated_at` timestamp NOT NULL DEFAULT CURRENT_TIMESTAMP ON UPDATE CURRENT_TIMESTAMP
) ENGINE=InnoDB DEFAULT CHARSET=utf8mb4 COLLATE=utf8mb4_unicode_ci;

--
-- Dumping data for table `yp_business_selected_services`
--

INSERT INTO `yp_business_selected_services` (`id`, `business_id`, `cat_id`, `service_text`, `created_at`, `updated_at`) VALUES
(22, 14, 14, 'Sector 79', '2019-03-19 08:04:03', '2019-03-19 08:04:03'),
(23, 14, 13, 'Sector 66', '2019-03-19 08:05:47', '2019-03-19 08:05:47'),
(24, 14, 12, 'Sector 79', '2019-03-19 08:05:50', '2019-03-19 08:05:50'),
(25, 14, 12, 'Sector 66', '2019-03-19 08:05:50', '2019-03-19 08:05:50'),
(26, 14, 16, 'Sector 79', '2019-03-19 08:05:54', '2019-03-19 08:05:54'),
(27, 14, 16, 'Sector 66', '2019-03-19 08:05:54', '2019-03-19 08:05:54'),
(28, 15, 13, 'Sector 66', '2019-03-19 08:09:47', '2019-03-19 08:09:47'),
(29, 15, 12, 'Sector 79', '2019-03-19 08:09:51', '2019-03-19 08:09:51'),
(30, 15, 12, 'Sector 66', '2019-03-19 08:09:51', '2019-03-19 08:09:51'),
(31, 15, 14, 'Sector 79', '2019-03-19 08:09:58', '2019-03-19 08:09:58'),
(32, 15, 16, 'Sector 79', '2019-03-19 08:10:01', '2019-03-19 08:10:01'),
(33, 15, 16, 'Sector 66', '2019-03-19 08:10:02', '2019-03-19 08:10:02'),
(34, 16, 16, 'Sector 79', '2019-03-19 09:06:39', '2019-03-19 09:06:39'),
(35, 16, 16, 'Sector 66', '2019-03-19 09:06:39', '2019-03-19 09:06:39'),
(36, 16, 14, 'Sector 66', '2019-03-19 09:06:44', '2019-04-08 10:15:30'),
(37, 16, 13, 'Sector 66', '2019-03-19 09:06:47', '2019-03-19 09:06:47'),
(38, 16, 12, 'Sector 79', '2019-03-19 09:06:57', '2019-03-19 09:06:57'),
(39, 16, 12, 'Sector 66', '2019-03-19 09:06:57', '2019-03-19 09:06:57'),
(40, 17, 12, 'Sector 79', '2019-03-19 09:10:37', '2019-03-19 09:10:37'),
(41, 17, 12, 'Sector 66', '2019-03-19 09:10:37', '2019-03-19 09:10:37'),
(42, 17, 13, 'Sector 66', '2019-03-19 09:10:43', '2019-03-19 09:10:43'),
(43, 17, 14, 'Sector 79', '2019-03-19 09:10:47', '2019-03-19 09:10:47'),
(44, 17, 16, 'Sector 79', '2019-03-19 09:10:50', '2019-03-19 09:10:50'),
(45, 17, 16, 'Sector 66', '2019-03-19 09:10:50', '2019-03-19 09:10:50'),
(46, 18, 14, 'Sector 79', '2019-03-19 09:34:39', '2019-03-19 09:34:39'),
(47, 20, 9, 'Sector 43', '2019-03-19 10:53:48', '2019-03-19 10:53:48'),
(48, 21, 28, 'Sector 79', '2019-03-22 09:51:37', '2019-03-22 09:51:37'),
(49, 21, 16, 'Sector 79', '2019-03-22 09:51:44', '2019-03-22 09:51:44'),
(50, 21, 14, 'Sector 79', '2019-03-22 09:51:48', '2019-03-22 09:51:48'),
(51, 21, 13, 'Sector 79', '2019-03-22 09:51:52', '2019-03-22 09:51:52'),
(52, 21, 12, 'Sector 79', '2019-03-22 09:51:54', '2019-03-22 09:51:54'),
(53, 22, 28, 'Sector 66', '2019-03-22 10:05:20', '2019-03-22 10:05:20'),
(54, 22, 12, 'Sector 66', '2019-03-22 10:05:47', '2019-03-22 10:05:47'),
(55, 23, 13, 'Sector 79', '2019-03-22 10:09:53', '2019-03-22 10:09:53'),
(56, 23, 14, 'Sector 79', '2019-03-22 10:09:56', '2019-03-22 10:09:56'),
(57, 24, 12, 'Sector 66', '2019-03-22 10:21:03', '2019-03-22 10:21:03'),
(58, 24, 13, 'Sector 66', '2019-03-22 10:21:07', '2019-03-22 10:21:07'),
(59, 24, 16, 'Sector 66', '2019-03-22 10:21:12', '2019-03-22 10:21:12'),
(60, 25, 28, 'Sector 79', '2019-03-22 10:24:38', '2019-03-22 10:24:38'),
(61, 26, 16, 'Sector 66', '2019-03-22 10:38:19', '2019-03-22 10:38:19'),
(62, 26, 14, 'Sector 66', '2019-03-22 10:38:23', '2019-03-22 10:38:23'),
(63, 27, 16, 'Sector 79', '2019-03-22 11:05:30', '2019-03-22 11:05:30'),
(64, 27, 14, 'Sector 79', '2019-03-22 11:05:33', '2019-03-22 11:05:33'),
(65, 27, 12, 'Sector 79', '2019-03-22 11:05:36', '2019-03-22 11:05:36'),
(66, 28, 16, 'Sector 66', '2019-03-22 11:11:21', '2019-03-22 11:11:21'),
(67, 28, 28, 'Sector 66', '2019-03-22 11:11:26', '2019-03-22 11:11:26'),
(68, 29, 12, 'Sector 79', '2019-03-22 11:24:31', '2019-03-22 11:24:31'),
(69, 29, 13, 'Sector 79', '2019-03-22 11:24:48', '2019-03-22 11:24:48'),
(70, 29, 28, 'Sector 79', '2019-03-22 11:24:56', '2019-03-22 11:24:56'),
(71, 30, 9, 'Sector 22', '2019-03-26 04:58:40', '2019-03-26 04:58:40'),
(72, 30, 9, 'Sector 17', '2019-03-26 04:58:40', '2019-03-26 04:58:40'),
(73, 30, 9, 'Sector 43', '2019-03-26 04:58:40', '2019-03-26 04:58:40'),
(74, 30, 9, 'Sector 20-D', '2019-03-26 04:58:40', '2019-03-26 04:58:40'),
(75, 21, 16, 'Sector 66', '2019-03-28 12:02:57', '2019-03-28 12:02:57'),
(76, 31, 29, 'Sector 66', '2019-04-03 12:34:51', '2019-04-03 12:34:51'),
(77, 31, 30, 'Sector 66', '2019-04-03 12:35:01', '2019-04-03 12:35:01'),
(78, 31, 16, 'Sector 66', '2019-04-03 12:35:18', '2019-04-03 12:35:18'),
(79, 31, 31, 'A4', '2019-04-03 12:50:52', '2019-04-03 12:50:52'),
(80, 32, 31, 'A4', '2019-04-03 13:33:32', '2019-04-03 13:33:32'),
(81, 32, 31, 'A6', '2019-04-03 13:33:32', '2019-04-03 13:33:32'),
(82, 32, 31, 'A8', '2019-04-03 13:33:32', '2019-04-03 13:33:32'),
(83, 32, 31, 'Page', '2019-04-03 13:33:32', '2019-04-03 13:33:32'),
(84, 32, 30, 'Sector 66', '2019-04-03 13:33:35', '2019-04-03 13:33:35'),
(85, 32, 29, 'Sector 66', '2019-04-03 13:33:37', '2019-04-03 13:33:37'),
(86, 32, 29, 'Sector 79', '2019-04-03 13:33:37', '2019-04-03 13:33:37'),
(87, 32, 29, 'Sector Me', '2019-04-03 13:33:37', '2019-04-03 13:33:37'),
(88, 32, 16, 'Sector 79', '2019-04-03 13:33:44', '2019-04-03 13:33:44'),
(89, 32, 16, 'Sector 66', '2019-04-03 13:33:44', '2019-04-03 13:33:44'),
(90, 33, 31, 'Page', '2019-04-04 05:40:55', '2019-04-04 05:40:55'),
(91, 33, 30, 'Sector 66', '2019-04-04 05:40:58', '2019-04-04 05:40:58'),
(92, 33, 29, 'Sector 66', '2019-04-04 05:41:23', '2019-04-04 05:41:23'),
(93, 33, 7, 'bbbb', '2019-04-04 05:44:00', '2019-04-04 05:44:00'),
(94, 34, 29, 'Sector 66', '2019-04-04 06:00:36', '2019-04-04 06:00:36'),
(95, 34, 29, 'Sector 79', '2019-04-04 06:00:36', '2019-04-04 06:00:36'),
(96, 34, 30, 'Sector 66', '2019-04-04 06:00:47', '2019-04-04 06:00:47'),
(97, 33, 33, '84X', '2019-04-04 06:30:51', '2019-04-04 06:30:51'),
(98, 33, 34, '84X', '2019-04-04 06:30:57', '2019-04-04 06:30:57'),
(99, 33, 35, '84X', '2019-04-04 06:31:00', '2019-04-04 06:31:00'),
(100, 31, 35, '64X', '2019-04-04 06:32:17', '2019-04-04 06:32:17'),
(101, 31, 36, '64X', '2019-04-04 06:32:23', '2019-04-04 06:32:23'),
(102, 31, 37, '64X', '2019-04-04 06:32:26', '2019-04-04 06:32:26'),
(103, 34, 33, '84X', '2019-04-04 06:35:27', '2019-04-04 06:35:27'),
(104, 34, 34, '84X', '2019-04-04 06:35:30', '2019-04-04 06:35:30'),
(105, 34, 35, '84X', '2019-04-04 06:35:32', '2019-04-04 06:35:32'),
(106, 34, 36, '84X', '2019-04-04 06:35:34', '2019-04-04 06:35:34'),
(107, 34, 37, '84X', '2019-04-04 06:35:38', '2019-04-04 06:35:38'),
(108, 15, 33, '64X', '2019-04-04 06:41:18', '2019-04-04 06:41:18'),
(109, 15, 34, '64X', '2019-04-04 06:41:21', '2019-04-04 06:41:21'),
(110, 15, 35, '64X', '2019-04-04 06:41:23', '2019-04-04 06:41:23'),
(111, 15, 36, '64X', '2019-04-04 06:41:25', '2019-04-04 06:41:25'),
(112, 15, 37, '64X', '2019-04-04 06:41:29', '2019-04-04 06:41:29'),
(113, 16, 35, '64X', '2019-04-04 06:44:18', '2019-04-04 06:44:18'),
(114, 35, 35, '64X', '2019-04-04 12:14:09', '2019-04-04 12:14:09'),
(115, 36, 35, '84X', '2019-04-04 12:14:27', '2019-04-19 09:27:59'),
(116, 36, 36, '84X', '2019-04-04 12:14:32', '2019-04-04 12:18:21'),
(117, 35, 36, '84X', '2019-04-04 12:14:44', '2019-04-04 12:14:44'),
(118, 35, 37, '64X', '2019-04-04 12:15:27', '2019-04-04 12:15:27'),
(119, 35, 34, '84X', '2019-04-04 12:15:44', '2019-04-04 12:15:44'),
(120, 36, 34, '64X', '2019-04-04 12:16:10', '2019-04-04 12:17:57'),
(121, 35, 33, '64X', '2019-04-04 12:16:35', '2019-04-04 12:16:35'),
(122, 36, 33, '84X', '2019-04-04 12:17:32', '2019-04-04 12:17:54'),
(123, 36, 37, '84X', '2019-04-04 12:18:27', '2019-04-04 12:18:27'),
(124, 37, 35, '64X', '2019-04-04 12:19:53', '2019-04-04 12:19:53'),
(125, 37, 33, '64X', '2019-04-04 12:20:03', '2019-04-04 12:20:03'),
(126, 37, 34, '84X', '2019-04-04 12:20:17', '2019-04-04 12:20:17'),
(127, 37, 36, '84X', '2019-04-04 12:20:37', '2019-04-04 12:20:37'),
(128, 37, 37, '64X', '2019-04-04 12:20:44', '2019-04-04 12:20:44'),
(129, 39, 35, '64X', '2019-04-04 13:12:32', '2019-04-04 13:12:32'),
(130, 38, 35, '64X', '2019-04-04 13:12:45', '2019-04-04 13:12:45'),
(131, 39, 33, '84X', '2019-04-04 13:13:45', '2019-04-04 13:13:45'),
(132, 39, 36, '84X', '2019-04-04 13:13:57', '2019-04-04 13:13:57'),
(133, 38, 34, '84X', '2019-04-04 13:14:24', '2019-04-04 13:14:24'),
(134, 38, 37, '84X', '2019-04-04 13:14:35', '2019-04-04 13:14:35'),
(135, 16, 9, 'Sector 20-D', '2019-04-08 10:15:22', '2019-04-08 10:15:22'),
(136, 21, 35, '64X', '2019-04-09 13:14:11', '2019-04-09 13:14:11'),
(137, 26, 35, '64X', '2019-04-09 13:56:09', '2019-04-09 13:56:09'),
(138, 40, 35, '64X', '2019-04-12 05:32:22', '2019-04-12 05:35:06'),
(139, 40, 12, 'Sector 66', '2019-04-12 05:35:51', '2019-04-12 05:35:51'),
(140, 40, 7, 'aaaa', '2019-04-12 05:37:13', '2019-04-12 05:37:13'),
(141, 41, 9, 'Sector 22', '2019-04-12 10:57:20', '2019-04-12 10:57:20'),
(142, 41, 9, 'Sector 17', '2019-04-12 11:00:17', '2019-04-12 11:00:17'),
(143, 41, 9, 'Sector 43', '2019-04-12 11:00:18', '2019-04-12 11:00:18'),
(144, 41, 9, 'Sector 20-D', '2019-04-12 11:00:18', '2019-04-12 11:00:18'),
(145, 25, 16, 'Sector 79', '2019-04-16 11:24:21', '2019-04-16 11:24:21'),
(146, 25, 16, 'Sector 66', '2019-04-16 11:24:21', '2019-04-16 11:24:21'),
(147, 43, 7, 'aaaa', '2019-04-17 09:47:27', '2019-04-17 09:47:27'),
(148, 43, 9, 'Sector 22', '2019-04-17 09:47:38', '2019-04-17 09:47:38'),
(149, 43, 9, 'Sector 17', '2019-04-17 09:47:38', '2019-04-17 09:47:38'),
(150, 43, 9, 'Sector 43', '2019-04-17 09:47:38', '2019-04-17 09:47:38'),
(151, 43, 9, 'Sector 20-D', '2019-04-17 09:47:38', '2019-04-17 09:47:38'),
(152, 44, 14, 'Sector 79', '2019-04-19 14:01:43', '2019-04-19 14:01:43'),
(153, 44, 16, 'Sector 79', '2019-04-19 14:01:46', '2019-04-19 14:01:46'),
(154, 44, 28, 'Sector 66', '2019-04-19 14:01:58', '2019-04-19 14:04:34'),
(155, 44, 29, 'Sector 66', '2019-04-19 14:02:02', '2019-04-19 14:02:02'),
(156, 44, 29, 'Sector 79', '2019-04-19 14:02:02', '2019-04-19 14:02:02'),
(157, 44, 29, 'Sector Me', '2019-04-19 14:02:02', '2019-04-19 14:02:02'),
(158, 44, 30, 'Sector 79', '2019-04-19 14:02:05', '2019-04-19 14:02:29'),
(159, 44, 31, 'A4', '2019-04-19 14:02:22', '2019-04-19 14:02:22'),
(160, 44, 31, 'A6', '2019-04-19 14:02:22', '2019-04-19 14:02:22'),
(161, 44, 31, 'A8', '2019-04-19 14:02:22', '2019-04-19 14:02:22'),
(162, 44, 31, 'Page', '2019-04-19 14:02:22', '2019-04-19 14:02:22'),
(163, 44, 36, '64X', '2019-04-19 14:02:36', '2019-04-19 14:02:36'),
(164, 44, 35, '64X', '2019-04-19 14:02:38', '2019-04-19 14:04:28'),
(165, 44, 34, '64X', '2019-04-19 14:02:42', '2019-04-19 14:04:26'),
(166, 44, 37, '84X', '2019-04-19 14:02:55', '2019-04-19 14:03:18'),
(167, 44, 7, 'bbbb', '2019-04-19 14:04:15', '2019-04-19 14:04:15'),
(168, 44, 33, '64X', '2019-04-19 14:04:20', '2019-04-19 14:04:20');

-- --------------------------------------------------------

--
-- Table structure for table `yp_business_sub_categories`
--

CREATE TABLE `yp_business_sub_categories` (
  `id` int(10) UNSIGNED NOT NULL,
  `cat_id` int(10) UNSIGNED NOT NULL,
  `sub_category_id` bigint(20) NOT NULL,
  `sub_category_name` varchar(255) COLLATE utf8mb4_unicode_ci DEFAULT NULL,
  `sub_category_status` tinyint(4) NOT NULL DEFAULT '1',
  `created_at` timestamp NOT NULL DEFAULT CURRENT_TIMESTAMP,
  `updated_at` timestamp NOT NULL DEFAULT CURRENT_TIMESTAMP ON UPDATE CURRENT_TIMESTAMP
) ENGINE=InnoDB DEFAULT CHARSET=utf8mb4 COLLATE=utf8mb4_unicode_ci;

-- --------------------------------------------------------

--
-- Table structure for table `yp_business_super_categories`
--

CREATE TABLE `yp_business_super_categories` (
  `id` int(11) NOT NULL,
  `super_cat_id` int(100) NOT NULL,
  `cat_name` varchar(255) NOT NULL,
  `category_status` tinyint(4) NOT NULL DEFAULT '1',
  `created_at` timestamp NOT NULL DEFAULT CURRENT_TIMESTAMP ON UPDATE CURRENT_TIMESTAMP,
  `updated_at` timestamp NOT NULL DEFAULT CURRENT_TIMESTAMP
) ENGINE=InnoDB DEFAULT CHARSET=latin1;

--
-- Dumping data for table `yp_business_super_categories`
--

INSERT INTO `yp_business_super_categories` (`id`, `super_cat_id`, `cat_name`, `category_status`, `created_at`, `updated_at`) VALUES
(1, 1552658294, 'Course', 1, '2019-03-15 13:58:14', '2019-03-15 13:58:14'),
(2, 1552658340, 'City', 1, '2019-03-15 13:59:00', '2019-03-15 13:59:00'),
(3, 1552658364, 'Water', 1, '2019-03-15 13:59:24', '2019-03-15 13:59:24'),
(4, 1552658830, 'Downtown category', 1, '2019-03-15 14:07:10', '2019-03-15 14:07:10'),
(5, 1552977025, 'design', 1, '2019-03-19 06:30:25', '2019-03-19 06:30:25'),
(6, 1552977186, 'App', 1, '2019-03-19 06:33:06', '2019-03-19 06:33:06'),
(7, 1552977361, 'Miscellaneous Helper\'s', 1, '2019-03-19 06:36:01', '2019-03-19 06:36:01'),
(8, 1552977607, 'Water_Boy', 1, '2019-03-19 06:40:07', '2019-03-19 06:40:07'),
(9, 1552979412, 'Professionals', 1, '2019-03-19 07:10:12', '2019-03-19 07:10:12'),
(10, 1552981222, 'Water_Corp', 1, '2019-03-19 07:40:22', '2019-03-19 07:40:22'),
(11, 1552981611, 'Water_Corp1', 1, '2019-03-19 07:46:51', '2019-03-19 07:46:51'),
(12, 1553003098, 'Web Development', 1, '2019-03-19 13:44:58', '2019-03-19 13:44:58'),
(13, 1553003169, 'Mobile', 1, '2019-03-19 13:46:09', '2019-03-19 13:46:09'),
(14, 1553072858, 'Web dev', 1, '2019-03-20 09:07:38', '2019-03-20 09:07:38'),
(15, 1553245858, 'Greenland_Properties', 1, '2019-03-22 09:10:58', '2019-03-22 09:10:58'),
(16, 1554358590, 'WWW', 1, '2019-04-04 06:16:30', '2019-04-04 06:16:30');

-- --------------------------------------------------------

--
-- Table structure for table `yp_business_users`
--

CREATE TABLE `yp_business_users` (
  `id` int(10) UNSIGNED NOT NULL,
  `business_userid` bigint(20) NOT NULL,
  `business_name` varchar(255) COLLATE utf8mb4_unicode_ci DEFAULT NULL,
  `first_name` varchar(255) COLLATE utf8mb4_unicode_ci DEFAULT NULL,
  `last_name` varchar(255) COLLATE utf8mb4_unicode_ci DEFAULT NULL,
  `email` varchar(255) COLLATE utf8mb4_unicode_ci NOT NULL,
  `password` varchar(255) COLLATE utf8mb4_unicode_ci DEFAULT NULL,
  `phone_number` varchar(255) COLLATE utf8mb4_unicode_ci DEFAULT NULL,
  `full_address` varchar(255) COLLATE utf8mb4_unicode_ci DEFAULT NULL,
  `logitude` varchar(255) COLLATE utf8mb4_unicode_ci DEFAULT NULL,
  `latitude` varchar(255) COLLATE utf8mb4_unicode_ci DEFAULT NULL,
  `image_name` text COLLATE utf8mb4_unicode_ci,
  `remember_token` varchar(255) COLLATE utf8mb4_unicode_ci DEFAULT NULL,
  `completed_steps` varchar(255) COLLATE utf8mb4_unicode_ci DEFAULT NULL,
  `admin_approve` tinyint(4) NOT NULL DEFAULT '1',
  `fp_token` varchar(255) COLLATE utf8mb4_unicode_ci DEFAULT NULL,
  `advertise_mode` int(11) NOT NULL DEFAULT '0' COMMENT '0=>free mode,1=>pro mode',
  `points` int(10) NOT NULL DEFAULT '0' COMMENT 'user get points when give answer to any question.',
  `created_at` timestamp NOT NULL DEFAULT CURRENT_TIMESTAMP,
  `updated_at` timestamp NOT NULL DEFAULT CURRENT_TIMESTAMP ON UPDATE CURRENT_TIMESTAMP
) ENGINE=InnoDB DEFAULT CHARSET=utf8mb4 COLLATE=utf8mb4_unicode_ci;

--
-- Dumping data for table `yp_business_users`
--

INSERT INTO `yp_business_users` (`id`, `business_userid`, `business_name`, `first_name`, `last_name`, `email`, `password`, `phone_number`, `full_address`, `logitude`, `latitude`, `image_name`, `remember_token`, `completed_steps`, `admin_approve`, `fp_token`, `advertise_mode`, `points`, `created_at`, `updated_at`) VALUES
(1, 2713965052578, 'IT', 'Des', 'Raj', 'desraj.c@iapptechnologies.com', '$2y$10$AcDJ5pYfXQo6WJaOXILEUOE2MawixxgURWQ8kBwzysgOJDYY8gTHK', '546565644154', 'Mohali, Punjab, India', '76.71787259999999', '30.7046486', NULL, NULL, '4', 1, NULL, 0, 0, '2019-03-15 14:15:02', '2019-03-15 15:01:15'),
(4, 68015592665, 'WebDev', 'Shawn', 'michel', 'iapptest22@yahoo.com', '$2y$10$PkcF8UZ34W0rZPkNCerl7uMo.l2KZJtX4YyiCgmoYw6dvqE8miL36', '7412589630', 'Sector 67, Mohali, Punjab, India', '76.72932329999999', '30.67928239999999', NULL, '8HH8FwmwzPd4L1mRoclqmSZ1rolIwQ7mqmHXem27k96Twl0goEsgM3J8742X', '7', 1, NULL, 0, 0, '2019-03-15 14:40:06', '2019-03-18 05:57:31'),
(5, 9651461863152, 'Party_phase11', 'Manoj', 'Dogra', 'developers.iapp@outlook.com', '$2y$10$obScqQfd953KLRxTxZ01CuwVQFB2heBGuAFdOlrMSCTAwiFhtaugG', '7410258963', 'Phase 11, Sector 65, Sahibzada Ajit Singh Nagar, Punjab, India', '76.7466378', '30.6810732', NULL, 'ODrgR0nvPJTNNEn7NebiMtj9jlJV0x7He72YjRb4mLsyUSBTpudJepOnxLwM', '7', 1, NULL, 0, 0, '2019-03-15 14:45:43', '2019-03-15 15:01:08'),
(6, 5196324352611, 'WebDev1', 'Manoj', 'Singhaa', 'developer.iapptechnologies@gmail.com', '$2y$10$b.ydtsDJTtRz6yt40.NMXeZVxS8xHcNKRD9e0TBq2F/j6qOCHZC2.', '7412589630', 'Sector 71, Sahibzada Ajit Singh Nagar, Punjab, India', '76.7182478', '30.7312394', NULL, 'NWOd1b52fFXh6hlBOI8CFTgMVIO2EIezhOzhLLd3YqfPt21EJRXvo6lFizM3', '7', 1, 'Iu8VN32s4uUezxk6', 0, 0, '2019-03-15 14:49:09', '2019-03-26 06:00:55'),
(7, 2658681157151, 'GMX', 'gM', 'Mx', 'developers.iapp@gmx.com', '$2y$10$zaxo.PCk4WO2qxdfX7aVpOoNgHHvjj28JSMY1Wvm.NlRg5LiOOZYu', '1234567890', 'Sector 71, Mohali, Punjab, India', '76.7182478', '30.7312394', NULL, 'p8RKJOoPAXgspiAv55WDdGGhXBAMwU1E3dbF5SnRE4k1f28AFsGuB2AEOaFw', '7', 1, NULL, 0, 0, '2019-03-15 14:53:07', '2019-03-15 15:01:04'),
(8, 6626174151305, 'Courier_Service', 'RedIf', 'mail', 'developers.iapp@rediffmail.com', '$2y$10$oYEhLR86.FKdrgeHHAOp/u.7BzWwxKheA2E1NStooJeAEuNjdRyZ6', '7412589630', 'sector 67', '-89.345557', '43.098216', NULL, NULL, '1', 1, NULL, 0, 0, '2019-03-15 14:55:40', '2019-03-15 15:01:00'),
(9, 4641388561528, 'Courier_Service', 'RedIf', 'mail', 'manojdograaa@gmail.com', '$2y$10$pjsJmQmWHpNmtPAdl8359uLbMHEQ.kE6v0WaS4Fcc/9NXu5K5daJK', '7412589630', 'Sector 67, Mohali, Punjab, India', '76.72932329999999', '30.67928239999999', NULL, 'gBxODxshj1GesJ3QuZTRDkxEZ2Wg8bl4Pm22eoe1ufd76kacxOLqjsAr8A9y', '7', 1, NULL, 0, 0, '2019-03-15 14:57:28', '2019-03-18 10:42:21'),
(11, 8952668807561, 'asdasd', 'dasd', 'Singh', 'developer.ias@gmail.com', '$2y$10$8rhjNdqLSYPFzYVnm/xtq.7xPMDUwDnLISW27NbBl6hIJUQfGk8di', '07696633264', 'Moghalrajpuram, Labbipet, Vijayawada, Andhra Pradesh, India', '80.6414837', '16.5060235', NULL, NULL, '2', 0, NULL, 0, 0, '2019-03-18 05:23:28', '2019-03-18 05:24:26'),
(12, 7516881815204, 'asdasd', 'asdasd', 'asdasd', 'es@gmail.com', '$2y$10$zaUQlhYUezFIYskP8nda3u474mvaeoC.SWhsWzqa.BM.xbUiOWPCe', '07696633264', 'Mohali Bypass, Phase 11, Sector 65, Sahibzada Ajit Singh Nagar, Punjab, India', '76.7399384', '30.678252', NULL, NULL, '1', 0, NULL, 0, 0, '2019-03-18 05:25:19', '2019-03-18 05:25:19'),
(13, 8671279558868, 'Test', 'Man', 'Man', 'logies@gmail.com', '$2y$10$fxy1HAcT4M6aHVpnqMdgk.gRmceLD.E/PwJAv3W6sHeoEtu6ZePdS', '07696633264', 'Morinda, Punjab, India', '76.4996831', '30.7892586', NULL, 'jVVKWiDDVPRtFerzc8n3uUYgwhuqWHxU6fIZQkkJDR2qRTnplhaDCbwvf2KK', '1', 1, NULL, 0, 0, '2019-03-18 05:26:28', '2019-03-18 05:28:10'),
(14, 6420595715882, 'Tea_Stall', 'Manoj', 'Dogra', 'manoj.k@iapptechnologies.com', '$2y$10$T2/h0VlXtfaUCyu4qQvDM.eaZzNhP8zO1x0eSq3JXsuYNWstopvhK', '07412589630', 'Aroma Chowk Sector 21/22, 22C, Sector 22, Chandigarh', '76.7736749', '30.7301055', '', '4gdKL4tiPHsZzwhgU5DQB5G0kwISKZ3w4E2l1lL8AiiyV1yEBU4oRrXYPPRh', '7', 1, '', 0, 0, '2019-03-19 06:27:22', '2019-03-20 09:30:12'),
(15, 5199527968526, 'Baby_Sitting', 'MJ', 'DJ', 'redminote5pro4321@gmail.com', '$2y$10$6fcDBc9Ua8GkhAUbHZ3SUOE9HlXZK.gKCHXf/2mUbK3pIj7CryHgC', '7412589630', 'Kurukshetra University Thanesar, Haryana, India', '76.8173138', '29.9564963', '1554360110.jpg', 'PeqDodN50e9sccNANRN5SlQXkQ9EnOYclvx5Okm8M4a4LwaaXo6R0OWvCbqv', '7', 1, '', 1, 0, '2019-03-19 08:09:25', '2019-04-22 13:01:07'),
(16, 4551559266388, 'Plumber_InCity', 'Under', 'Taker', 'amudasir355@gmx.com', '$2y$10$z8vNDt1Zw3E5SwtqYwteP.b7zIAj8ATjygzdbIbk24nPVky2eMpHq', '1234567809', '9d, Madhya Marg Sector 8C, Sector 9, Chandigarh', '76.7978564', '30.7332665', '', '5kEQBtmQOckzkVfa8KLMtJQLLHfs3mtjlDvoK4YQ3vQfh0Fzr5IJ8rRJXEq8', '7', 1, '', 1, 0, '2019-03-19 09:06:25', '2019-04-10 04:55:30'),
(17, 1281655939846, 'Electrician_Schenider', 'MJ', 'Dogra', 'testing.iapp001@gmail.com', '$2y$10$6.PY/Wd0hITd/Ik1Lpx.R.yuhd8wSzHCPLwwzHfrM6pi9/u2bEXVu', '07412589630', 'Sector 67, Mohali, Punjab, India', '76.72932329999999', '30.67928239999999', NULL, 'mtOCB76J83ip2dtbre2QJrBHWJsOgAJX9Ga4Z6OzE1eIUPXp818FIEVcEGrT', '7', 1, '', 0, 0, '2019-03-19 09:10:19', '2019-04-09 09:06:48'),
(18, 6563590248318, 'Cleaner 79', 'MJ', 'Dogra', 'amudasir355@aol.com', '$2y$10$wh20y9z4Vb8DL.rOkd.MWOAg4YHMW795qFY96UKTtAy6r/e3Eqs8i', '07412589630', 'Sector 69, Mohali, Punjab, India', '76.7206652', '30.692499', NULL, 's65nYqCBoGr4p2eZ4ACxYXE3F0SnhFjDH8jgJooxQWP7HyoQ8cVMR3wiq3rI', '7', 1, '', 0, 0, '2019-03-19 09:34:23', '2019-03-19 09:52:44'),
(19, 3557529799891, 'asdas', 'ad', 'asd', 'asdasd@asdasd.fgh', '$2y$10$8hs84FiltxiYbit2HOrpR.siQqE1PVWDF3pooANdIIWUok694z4tG', '343434343434', 'Mohali Railway Station Road, Sector 62, Sahibzada Ajit Singh Nagar, Punjab, India', '76.72605039999999', '30.6949406', NULL, NULL, '1', 1, NULL, 0, 0, '2019-03-19 09:56:19', '2019-03-19 09:56:19'),
(20, 7849952251215, 'Cricket', 'Ricky', 'Ponting', 'ricky@gmail.com', '$2y$10$NMlk6QdAqxV7ALn8Cn5f3OIatSf9FimBW2cVzt07mZpWarug/2672', '9896554556', 'Sydney NSW, Australia', '151.2092955', '-33.8688197', NULL, NULL, '4', 1, NULL, 0, 0, '2019-03-19 10:53:32', '2019-03-19 10:53:53'),
(21, 7924731922545, 'Woodland', 'Sector_79', 'Mohali', 'dev1@iapptechnologies.com', '$2y$10$CMTlAfhvag/kXGaRRYO.zuNxsoQhC/1WIyYQByDrFFHzV.jckH60u', '7412589630', 'Aroma Chowk Sector 21/22, 22C, Sector 22, Chandigarh', '76.7736749', '30.7301055', '1554818456.jpeg', 'AsGi2jC3AK4ICJqe8nWJlZW7EdMyP8b7NjMwphhfiSKSDsg65HclcHyjsJTh', '7', 1, NULL, 1, 0, '2019-03-22 09:45:47', '2019-04-19 09:21:19'),
(22, 5348205618641, 'Nike', 'Sector_66', 'Mohali', 'dev2@iapptechnologies.com', '$2y$10$mHErXvhMqU07mdi9/YqbDuhLD1kYnv8kr5BlRNXZHp8bIPCnqtrna', '7412589630', 'Sector 8, Chandigarh, India', '76.7985669', '30.7400589', NULL, 'HZaj1a67WHZsnC4anSi4ObmZKR6iCx2HVn0VPpxREA8fhZ5KkX5fnzmRswyp', '7', 1, NULL, 1, 0, '2019-03-22 09:49:24', '2019-04-11 09:30:52'),
(23, 7555816243973, 'addidas', 'MJ_addidas', 'Dogra', 'dev3@iapptechnologies.com', '$2y$10$ZVhS.HnnrNgeX67Ue/f5rua2zasZyRwyf/FkNfKkFQ3zzmzcTQi1y', '7412589630', 'Bengaluru, Karnataka, India', '77.5945627', '12.9715987', NULL, 'cwQwkapM10iLKXNbancLMKdWMrJBvg4ClFZNaZ28sClwNPIZfwlmqK8qBQSy', '7', 1, NULL, 0, 0, '2019-03-22 10:09:27', '2019-03-28 05:16:25'),
(24, 5751285447359, 'Caterpiller', 'Sector_66', 'Dogra', 'dev4@iapptechnologies.com', '$2y$10$bCt34uLGkkQ8Y768UL6XTO1pvjCUpeAozj0sUyC97bcTQSEEmnza6', '741258963', 'North Country Mall Road, Sector 117, Sahibzada Ajit Singh Nagar, Punjab, India', '76.6787822', '30.738992', NULL, '6Vy6MLgXF4kPcT1wSf7jnVyNIY3Ko95sLRkTusVxvd58vHTvwq9rQKG1oVny', '7', 1, NULL, 1, 0, '2019-03-22 10:15:58', '2019-04-18 12:26:48'),
(25, 3821356150095, 'Timberland', 'Sector_79', 'Dogra', 'dev5@iapptechnologies.com', '$2y$10$uImXgKOW2paXO4f5pYrT7Owo4p6Urkpwxhm.iI3vm0bnxSahAOOYe', '7410258963', 'Rose Garden Road, Phase 3B-1, Sector 60, Sahibzada Ajit Singh Nagar, Chandigarh, Punjab, India', '76.72268079999999', '30.713544', '', 'bh8oHue61dvZGQ6Ixw9Z2DVGDSmesqfV0JtPMZoozAPu7kKFwBmcAODA4nyc', '7', 1, NULL, 1, 0, '2019-03-22 10:20:38', '2019-04-22 12:48:15'),
(26, 3012405375575, 'Kalonji', 'Sector_66', 'Mohali', 'dev6@iapptechnologies.com', '$2y$10$MPilWS1GOfYUfif1OFXxPuxZKW/HV6TwXTYlJtSMNBkjKYhRM3fvi', '7410258963', 'Paras Down Town Square mall, Green Enclave Road, Badal Colony, Zirakpur, Punjab, India', '76.8166378', '30.6479185', NULL, 'fDtFTHEZveSKP3moQGc4z4vBF5xzev4mf9cBHc5leyBPaVge0ejZkNH1KKyY', '7', 1, NULL, 1, 0, '2019-03-22 10:32:10', '2019-04-22 12:53:29'),
(27, 8935152531156, 'Reebok', 'Sector_79', 'Dogra', 'dev7@iapptechnologies.com', '$2y$10$9k/HoyyFGKD7I3IykJ4Qh.3hFTv2qb0Y2uAW5eJlr5xZ3mQflH/yW', '7410258963', ' HaPalmach St 1, Jerusalem, Israel', '35.2136561', '31.7683417', '1553260519.png', 'zmDWHxJOgpd45dSokLtoHFXlQUx1uAeRuakPk8BQaFE2fggIlYBrwkx5NeBR', '7', 1, NULL, 0, 0, '2019-03-22 10:42:36', '2019-04-01 05:40:59'),
(28, 1536352052335, 'Daft_Punk', 'Sector_66', 'Dogra', 'dev81@iapptechnologies.com', '$2y$10$e591NyzI594BMO3pTbg7Juq6pX9MLpFhNCJoAVVc2WLUUCKBYBQZm', '7410258963', 'Anandpur Sahib, Punjab, India', '76.5054652', '31.2344015', '1553253272.jpg', 'uQNliJLDemCArolx4eF3DAr751eDnmphVdkoamByuZF5gB4wxkOErlyyjD3H', '7', 1, NULL, 1, 0, '2019-03-22 11:10:35', '2019-04-12 05:30:07'),
(29, 5153312255553, 'Migos', 'Migos_Sector_79', 'Mohali', 'dev9@iapptechnologies.com', '$2y$10$cljx5wg3LroXlqGAraa4AOdlHyBzP8SW/DzXEHwfvxab/VGSSx44q', '7410258963', '3b2, Mohali Bypass, Phase 3B-2, Sector 60, Sahibzada Ajit Singh Nagar, Punjab, India', '76.7170519', '30.7061107', '1553254143.png', 'i9x7baZ0SGgZiZBCRn4XOaNzjN4aN5oPdynXYOY3jZKinxIFlZx53bAQw5jB', '7', 1, NULL, 0, 0, '2019-03-22 11:15:55', '2019-03-22 12:20:58'),
(30, 5256557917763, 'Qaswe', 'Man', 'Man', 'qa@qa.qa', '$2y$10$WX3VW7AqMD.8NlZ7wu3sjeUpwl7xiXdIczMpzk6K5o4LYvN7Z9q3q', '4545454545', 'Delhi Cantonment, New Delhi, Delhi, India', '77.1587375', '28.5961279', '1553577141.jpeg', 'lCKYphPdgndWvsc0Gc9Q0F5L2RVM0GAcWFktXXwIyppMi5Fe9sD2RsqSXERw', '7', 1, NULL, 0, 0, '2019-03-26 04:58:15', '2019-03-26 05:13:45'),
(31, 5785942167849, 'Samsung_Helper', 'tan', 'tan', 'tan@gmail.com', '$2y$10$RDMG3pOkF1/CH8wb6uOSnOyWv8CjH/RmwTcW4GIsxbcBPRH.XPhxu', '7412589632', 'Sector 67, Sahibzada Ajit Singh Nagar, Punjab, India', '76.72932329999999', '30.67928239999999', '1554359629.jpeg', 'WuM083HkYCf3R537bursiYJ2gqncWU5DbtEWiiGDeDzsdpXjziCUsOzZo4BZ', '7', 1, NULL, 1, 0, '2019-04-03 12:34:28', '2019-04-08 07:24:37'),
(32, 9298584152932, 'Watch', 'wat', 'wat', 'wat@wat.wat', '$2y$10$0fCEqV5YnHdA7kjExOup9OWAS0FePobja9T9RCBBn/UH5m6pMS6uO', '741412458785', 'Sector 67, Sahibzada Ajit Singh Nagar, Punjab, India', '76.72932329999999', '30.67928239999999', NULL, NULL, '7', 1, NULL, 0, 0, '2019-04-03 13:33:18', '2019-04-03 13:33:53'),
(33, 5756612353454, 'Samsung1', 'qwe', 'qwe', 'qwe@qwe.qwe', '$2y$10$BTugz.DmlqnZ.7nQhMKCFOXOdeIqZeIqT4evkJCx6Th5lzrnSR5uq', '3333333333', 'Sector 66, Sahibzada Ajit Singh Nagar, Punjab, India', '76.7350951', '30.6742338', '1554359642.png', '6PdShBAI6WpvjQE6t1M6MpL0yxm6DYodldg1NzofRLrUnFBilohsfPWc3DHg', '7', 1, NULL, 0, 0, '2019-04-04 05:40:32', '2019-04-04 06:34:02'),
(34, 1165355457968, 'Samsung2', 'asd', 'asd', 'asd@asd.asd', '$2y$10$oie/dgTBeg2chidR1PcAfOZqbBjINDE3u/ndfxOTNZ402iqAcJLFO', '6666666666', 'Sector 67, Sahibzada Ajit Singh Nagar, Punjab, India', '76.72932329999999', '30.67928239999999', '1554359751.jpg', 'sq3839aH5v8Lof3KRqRoZ5mqwe1vxo4BipjLmZDYkV4sYOu3IE4H4BgNdCGm', '7', 1, NULL, 0, 0, '2019-04-04 06:00:16', '2019-04-04 06:40:09'),
(35, 9950141735095, 'Samsung3', 'iop', 'iop', 'iop@iop.iop', '$2y$10$9lg1I8iFDrOHvwFyYfhu7evfrAeSoW4VNCrDuTLbvvscewd8s0Wge', '8888888888', 'Sector 67, Mohali, Punjab, India', '76.72932329999999', '30.67928239999999', '1555051330.png', 'ORMVYxufZl0d1B5XoeZGcBeCDlwpD33IhVSj9dVgKLZYIBVcVBXNZiz9MvOE', '7', 1, NULL, 1, 0, '2019-04-04 12:11:40', '2019-04-19 11:43:54'),
(36, 194534501947, 'Samsung4', 'jkl', 'jkl', 'jkl@jkl.jkl', '$2y$10$pIZZN4AI.rrnFjwMALiwxubPVt4ViCz1ACX6jmE6d5ZIVWXmrI9OW', '7412589630', ' HaPalmach St 1, Jerusalem, Israel', '35.2136561', '31.7683417', '', 'AlE2QBqL9eDOAwRso6zQj5IsjVtgwSbc0r8B4sZyXEJKOtXYRsCfgjn7tIOE', '7', 1, NULL, 1, 0, '2019-04-04 12:12:24', '2019-04-22 10:08:53'),
(37, 3551595594179, 'Samsung5', 'bnm', 'bnm', 'bnm@bnm.bnm', '$2y$10$o68GFWMDjr06Nu6hwEuc3OKZYKBUt0JU/QOG2PNTaCXsA2OB4N6c.', '6666666666', '67, Sector Road, Sector 67, Mohali, Punjab, India', '76.7242425', '30.679043', '1554380639.png', 'r23THBBnYC5J07ODO7BifDnmmYdKcZGqti0AoS7JpinbEVkYGpyn4kHAPrz3', '7', 1, NULL, 1, 0, '2019-04-04 12:13:15', '2019-04-11 14:12:00'),
(38, 8183013534215, 'samsung7', 'cxz', 'cxz', 'cxz@cxz.cxz', '$2y$10$UQYj.FPKGvLbMmsFM1rdVOHwtuniCKnE9mQ2rj4RUbIiLcTsNJxka', '7894561231', 'Sector 67, Mohali, Punjab, India', '76.72932329999999', '30.67928239999999', NULL, NULL, '7', 1, NULL, 1, 0, '2019-04-04 13:08:30', '2019-04-04 13:22:10'),
(39, 6455933930418, 'samsung6', 'zxc', 'zxc', 'zxc@zxc.zxc', '$2y$10$6xdBAOkmQqk3bRroAoD4X.lfk0vUKY87NN9rfQwAmEazQEfr0Uq8G', '1236547890', 'Sector 67, Mohali, Punjab, India', '76.72932329999999', '30.67928239999999', NULL, 'wNXAiswZrpsZFmG4Ptk38uby2aP4Q9HKTlkihYNyqxBdZ26JRAtkExGqTHmH', '7', 1, NULL, 1, 0, '2019-04-04 13:09:09', '2019-04-22 13:15:29'),
(40, 1712755105421, 'DaftPunk_dev8', 'daft', 'Punk', 'dev88@iapptechnologies.com', '$2y$10$0Gl8YSLuRMcmkivxWmWDxOwOR8a.sq3GuKEYEZYRdkIkgW55YxDie', '8558868399', 'Sector 66, Sahibzada Ajit Singh Nagar, Punjab, India', '76.7350951', '30.6742338', '1555051361.png', NULL, '7', 1, NULL, 1, 0, '2019-04-12 05:32:01', '2019-04-12 10:54:11'),
(41, 9660943561555, 'Daft-Punk', 'Daft', 'Punk', 'dev8@iapptechnologies.com', '$2y$10$wWa3zchrnhWkp2lve6ZtwehmxEBH2FBp4awI7Uk0jqQJ130OZNrq.', '1234567895', 'Sector 67, Mohali, Punjab, India', '76.72932329999999', '30.67928239999999', NULL, 'Gjl0UFA5w7cjFUKxLcGFNudqNdb8BBySHjc7Xuu1Aj7D8GzYm2WQ1oFpOY8M', '7', 1, '', 1, 1, '2019-04-12 10:55:46', '2019-04-12 13:03:35'),
(42, 8391526033155, 'yes please', 'roei', 'mizrahi', 'roei@yesplease.co.il', '$2y$10$iY8CFQgbzYB5K1fEpD63xOf872ImH1THPvGfQ70aHhVenUPqEBXVy', '0546612262', ' 60, , Israel', '34.8486294', '32.174949', '', 'aq90YiYpjE04siedRKS63p3SZTJO6EcoWYbwyTsf6A4eut1kw0456NR2qFha', '7', 1, NULL, 1, 0, '2019-04-15 14:39:22', '2019-04-21 14:11:42'),
(43, 8414535940385, 'ewq', 'Common', 'BU', 'ewq@ewq.ewq', '$2y$10$xthsfefpMZjDRBWZEyncPO4N.TV9iGwJK4iLRBcM1pmqqGO1nUXKS', '3333666555', 'Sector 67, Mohali, Punjab, India', '76.72932329999999', '30.67928239999999', NULL, 'D76KEYGfz5tMObdXY4seGuBOfbaUFkAxO96duHWeLVYsxvvlUvZsIsn5pozu', '7', 1, NULL, 0, 0, '2019-04-17 09:47:13', '2019-04-19 12:58:51'),
(44, 4685627587315, 'Clock', 'clo', 'clo', 'clo@clo.clo', '$2y$10$0y4WqKJ5UI5fBbbyq6lm6O4AqKi1Rhu93CQOETvH2dHDdrqHfe6dq', '324232323', 'Sector 67, Sahibzada Ajit Singh Nagar, Punjab, India', '76.72932329999999', '30.67928239999999', NULL, 'JMWImCtQgQCeQJyOAr7TyJ22RvJFggb1BknUnVF4jDWAkYFv8hGcP8le7JdM', '7', 1, NULL, 0, 0, '2019-04-19 14:01:13', '2019-04-22 10:02:02');

-- --------------------------------------------------------

--
-- Table structure for table `yp_business_users_questions`
--

CREATE TABLE `yp_business_users_questions` (
  `id` int(10) UNSIGNED NOT NULL,
  `business_id` int(10) UNSIGNED NOT NULL,
  `general_id` int(10) UNSIGNED NOT NULL,
  `question_id` int(10) UNSIGNED NOT NULL,
  `business_answer` text COLLATE utf8mb4_unicode_ci,
  `status_bus` tinyint(4) NOT NULL DEFAULT '1' COMMENT '1=>New, 2=>Read, 3=> Answered',
  `mark_answered` tinyint(4) NOT NULL DEFAULT '0' COMMENT '1=>Mark as answered',
  `created_at` timestamp NOT NULL DEFAULT CURRENT_TIMESTAMP,
  `updated_at` timestamp NOT NULL DEFAULT CURRENT_TIMESTAMP ON UPDATE CURRENT_TIMESTAMP
) ENGINE=InnoDB DEFAULT CHARSET=utf8mb4 COLLATE=utf8mb4_unicode_ci;

--
-- Dumping data for table `yp_business_users_questions`
--

INSERT INTO `yp_business_users_questions` (`id`, `business_id`, `general_id`, `question_id`, `business_answer`, `status_bus`, `mark_answered`, `created_at`, `updated_at`) VALUES
(1, 17, 1, 1, 'i am s dev.  this is answer for your question and this is answer this is this this is thasti am s dev.  this is answer for your question and this is answer this is this this is thasti am s dev.  this is answer for your question and this is answer this is this this is thasti am s dev.  this is answer for your question and this is answer this is this this is thast', 3, 0, '2019-04-01 09:06:37', '2019-04-08 06:25:44'),
(2, 17, 1, 2, 'this is answer kkkk hfgdfgdfg fgdsdfsdf fdsdf example example  example  example  example  example  example  example  example  example  example  example  example  example  example  example  example', 3, 1, '2019-04-01 13:51:53', '2019-04-08 07:48:42'),
(3, 16, 1, 3, NULL, 1, 0, '2019-04-02 04:56:20', '2019-04-02 04:56:20'),
(4, 17, 1, 4, 'testset example  example  example  example  example  example  example  example  example  example  example  example  example  example  example  example  example  example  example  example  example  example  example  example  example  example  example  example', 3, 1, '2019-04-02 05:12:56', '2019-04-08 11:14:38'),
(5, 17, 1, 7, 'this is answer/ this this is answer/ this this is answer/ this this is answer/ this this is answer/ this this is answer get pricer get pricer get pricer get pricer get pricer get pricer get pricer get pricer get pricer get price', 3, 0, '2019-04-02 10:07:42', '2019-04-05 12:59:02'),
(6, 16, 1, 7, 'fsdfsfsfd', 3, 1, '2019-04-02 10:07:42', '2019-04-05 12:59:02'),
(7, 29, 1, 8, NULL, 1, 0, '2019-04-02 10:23:40', '2019-04-02 10:23:40'),
(8, 37, 5, 14, NULL, 1, 0, '2019-04-05 07:40:35', '2019-04-05 07:40:35'),
(9, 39, 5, 14, 'Woodland i one the bost best boot company. Hence, the first hand-stitched leather shoe was launched, which took the entire shoe market by storm. That shoe made the brand \'Woodland', 3, 0, '2019-04-05 07:40:35', '2019-04-05 09:05:00'),
(10, 38, 5, 14, NULL, 1, 0, '2019-04-05 07:40:35', '2019-04-05 07:40:35'),
(11, 26, 5, 15, 'In my younger and more vulnerable years my father gave me some advice that I\'ve been turning over in my mind ever since. \'Whenever you feel like criticizing anyone,\' he told me, \'just remember that all the people in this world haven\'t had the advantages that you\'ve had.\'', 3, 0, '2019-04-05 09:25:32', '2019-04-05 09:40:49'),
(12, 24, 5, 15, 'In my younger and more vulnerable years my father gave me some advice that I\'ve been turning over in my mind ever since. \'Whenever you feel like criticizing anyone,\' he told me, \'just remember that all the people in this world haven\'t had the advantages that you\'ve had.\'', 3, 0, '2019-04-05 09:25:32', '2019-04-05 09:50:54'),
(13, 21, 5, 15, 'In my younger and more vulnerable years my father gave me some advice that I\'ve been turning over in my mind ever since. \'Whenever you feel like criticizing anyone,\' he told me, \'just remember that all the people in this world haven\'t had the advantages that you\'ve had.\'', 3, 0, '2019-04-05 09:25:32', '2019-04-05 09:40:26'),
(14, 17, 5, 18, NULL, 2, 0, '2019-04-05 13:31:28', '2019-04-08 12:14:55'),
(15, 26, 5, 19, NULL, 2, 0, '2019-04-05 13:33:44', '2019-04-05 13:48:01'),
(16, 24, 5, 19, NULL, 2, 0, '2019-04-05 13:33:44', '2019-04-05 13:47:47'),
(17, 21, 5, 19, NULL, 2, 0, '2019-04-05 13:33:44', '2019-04-05 13:46:27'),
(18, 21, 5, 20, NULL, 2, 0, '2019-04-08 09:48:02', '2019-04-08 14:23:01'),
(19, 32, 1, 22, NULL, 2, 0, '2019-04-08 12:36:33', '2019-04-08 12:39:27'),
(20, 26, 5, 24, NULL, 1, 0, '2019-04-08 13:50:36', '2019-04-08 13:50:36'),
(21, 24, 5, 24, NULL, 1, 0, '2019-04-08 13:50:36', '2019-04-08 13:50:36'),
(22, 26, 5, 25, 'http://i.prntscr.com/_vclrbE6RLm9lzsPFdzxOA.pnghttp://i.prntscr.com/_vclrbE6RLm9lzsPFdzxOA.pnghttp://i.prntscr.com/_vclrbE6RLm9lzsPFdzxOA.pnghttp://i.prntscr.comdsfsdaf sadf asdas dsa d', 3, 0, '2019-04-08 13:53:13', '2019-04-08 14:32:40'),
(23, 24, 5, 25, 'http://i.prntscr.com/_vclrbE6RLm9lzsPFdzxOA.pnghttp://i.prntscr.com/_vclrbE6RLm9lzsPFdzxOA.pnghttp://i.prntscr.com/_vclrbE6RLm9lzsPFdzxOA.pnghttp://i.prntscr.com/_vclrbE6RLm9lzsPFdzxOA.pnghttp://i.prntscr.com/_vclrbE6RLm9lzsPFdzxOA.pnghttp://i.prntscr.com/_vclrbE6RLm9lzsPFdzxOA.pnghttp://i.prntscr.com/_vclrbE6RLm9lzsPFdzxOA.png', 3, 0, '2019-04-08 13:53:13', '2019-04-08 14:32:40'),
(24, 21, 5, 25, 'ABOUT \nWOODLAND\nWoodland\'s parent company, Aero Group, has been a well known name in the outdoor shoe industry since the early 50s. Founded in Quebec, Canada, it entered the Indian market in 1992. Before that, Aero Group was majorly exporting its leather shoes to USSR. After the dissolution of the Soviet Union into various states, the group decided to launch some of its products in India. Hence, the first hand-stitched leather shoe was launched, which took the entire shoe market by storm. That shoe made the brand \'Woodland\'.', 3, 1, '2019-04-08 13:53:13', '2019-04-08 14:32:40'),
(25, 17, 1, 26, NULL, 1, 0, '2019-04-11 06:51:26', '2019-04-11 06:51:26'),
(26, 32, 5, 27, NULL, 1, 0, '2019-04-11 12:21:40', '2019-04-11 12:21:40'),
(27, 36, 5, 28, 'The use of indirect rather than direct taxes, so that the tax is hidden in the price of goods.\nInflation, by which the state reduces the value of everyone else\'s currency.\nBorrowing, so as to postpone the necessary taxation. \nGift and luxury taxes, where the tax accompanies the receipt or purchase of something special, lessening the annoyance of the tax. \n\"Temporary taxes, which somehow never get repealed when the emergency passes. \nTaxes that exploit social conflict, by placing higher taxes on unpopular groups. \nThe threat of social collapse or withholding monopoly government services if taxes are reduced. \nCollection of the total tax burden in relatively small increments over time, rather than in a yearly lump sum. \nTaxes whose exact incidence cannot be predicted in advance, thus keeping the taxpayer unaware of just how much he is paying. \nExtraordinary budget complexity to hide the budget process from public understanding. \nThe use of generalized expenditure categories to make it difficult for outsiders to assess the individual components of the budget.', 3, 0, '2019-04-11 12:34:37', '2019-04-11 12:43:05'),
(28, 37, 5, 28, 'Time is important and  price depends upon time.\n\nTime is precious that make prices n times multiple.\n\nPrice have limit but time is infinite.', 3, 1, '2019-04-11 12:34:37', '2019-04-11 12:43:05'),
(29, 35, 5, 28, 'he intent of this course is to present, for the first time, the true meaning and mechanics of the Squaring of Price & Time. It will provide absolute proof that the financial markets are mathematically controlled and predictable.  It will demonstrated that ALL market movement candd be categorized into only 9 possible binary cases that will exist in any type of vibrational chart. Because pivot points in the market have 3 bars composing them, these 9 types will then be intersected with each other resulting in 81 possible cases, represented in a 9x9 grid called the Universal Swing Chart, which logically orders and defines every possible variation of market action. This chart provides an objective mathematical determination of the exact nature of price swings and pivot points, allowing the energetic balancing of price and time to be calculated through the Law of Conservation of Energy.', 3, 0, '2019-04-11 12:34:37', '2019-04-11 12:43:05'),
(30, 36, 5, 29, 'Brick is for household purpose that is used to create HOme. Brick is used for various purpose.\nBrick is for household purpose that is used to create HOme. Brick is used for various purpose.', 3, 1, '2019-04-11 12:52:56', '2019-04-11 13:32:02'),
(31, 37, 5, 29, 'either MCDONALDS or BURGER KING either MCDONALDS or BURGER KING either MCDONALDS or BURGER KING either MCDONALDS or BURGER KING either MCDONALDS or BURGER KING either MCDONALDS or BURGER KING either MCDONALDS or BURGER KING either MCDONALDS or BURGER KING either MCDONALDS or BURGER KING', 3, 0, '2019-04-11 12:52:56', '2019-04-11 13:32:02'),
(32, 35, 5, 29, 'Food is preperaed with a receipe. Burger depends from where you are having, either MCFood is preperaed with a receipe. Burger depends from where you are having, either MCFood is preperaed with a receipe. Burger depends from where you are having, either MC', 3, 0, '2019-04-11 12:52:56', '2019-04-11 13:32:02'),
(33, 36, 5, 30, 'I prefer to have NETFIX to watch series f all popular series like GOT or FREINDSI prefer to have NETFIX to watch series f all popular series like GOT or FREINDSI prefer to have NETFIX to watch series f all popular series like GOT or FREINDSI prefer to have NETFIX to watch series f all popular series like GOT or FREINDS', 3, 0, '2019-04-11 12:55:05', '2019-04-11 13:31:53'),
(34, 37, 5, 30, 'YOUTUBE is music platform where user can have amazing music\'s. YOUTUBE is music platform where user can have amazing music\'s. YOUTUBE is music platform where user can have amazing music\'s. YOUTUBE is music platform where user can have amazing music\'s. YOUTUBE is music platform where user can have amazing music\'s. YOUTUBE is music platform where user can have amazing music\'s. YOUTUBE is music platform where user can have amazing music\'s.v', 3, 0, '2019-04-11 12:55:05', '2019-04-11 13:31:53'),
(35, 35, 5, 30, 'eries can also be downloaded from Torrentz YOUTUBE is music platform eries can also be downloaded from Torrentz YOUTUBE is music platform eries can also be downloaded from Torrentz YOUTUBE is music platform eries can also be downloaded from Torrentz YOUTUBE is music platform', 3, 1, '2019-04-11 12:55:05', '2019-04-11 13:31:53'),
(36, 36, 5, 31, 'Clothing is generally made of cloth. ... Different types of cloth are used for different types of clothing. Some common natural clothing materials are: Fabric made of cotton, flax, wool, ramie, silk.Clothing is generally made of cloth. ... Different types of cloth are used for different types of clothing. Some common natural clothing materials are: Fabric made of cotton, flax, wool, ramie, silk.Clothing is generally made of cloth. ... Different types of cloth are used for different types of clothing. Some common natural clothing materials are: Fabric made of cotton, flax, wool, ramie, silk.', 3, 0, '2019-04-11 12:57:00', '2019-04-11 13:31:44'),
(37, 37, 5, 31, 'Pink Color Meaning  The color of sensitivity  The passion of red combined with the purity of white create this color associated with love, tranquillity and femininity. Pink has associations with tenderness and nurturing while conveying a sense of safety and even vulnerability. Pink Color Meaning  The color of sensitivity  The passion of red combined with the purity of white create this color associated with love, tranquillity and femininity. Pink has associations with tenderness and nurturing while conveying a sense of safety and even vulnerability. Pink Color Meaning  The color of sensitivity  The passion of red combined with the purity of white create this color associated with love, tranquillity and femininity. Pink has associations with tenderness and nurturing while conveying a sense of safety and even vulnerability.', 3, 0, '2019-04-11 12:57:00', '2019-04-11 13:31:44'),
(38, 35, 5, 31, '. Outdoor tools such as garden forks, pruning shears, and rakes are additional forms of hand tools. Portable power tools are not hand tools. Pink Color Meaning  The col. Outdoor tools such as garden forks, pruning shears, and rakes are additional forms of hand tools. Portable power tools are not hand tools. Pink Color Meaning  The col. Outdoor tools such as garden forks, pruning shears, and rakes are additional forms of hand tools. Portable power tools are not hand tools. Pink Color Meaning  The col. Outdoor tools such as garden forks, pruning shears, and rakes are additional forms of hand tools. Portable power tools are not hand tools. Pink Color Meaning  The col', 3, 1, '2019-04-11 12:57:00', '2019-04-11 13:31:44'),
(39, 36, 5, 32, 'types of Pizza Crust. While the dough and crust of a pizza can fly under people\'s radar, they are the foundation of creating a delicious pizza. There are a number of ways to mold and shape your pizza dough and crusttypes of Pizza Crust. While the dough and crust of a pizza can fly under people\'s radar, they are the foundation of creating a delicious pizza. There are a number of ways to mold and shape your pizza dough and crust', 3, 1, '2019-04-11 12:59:34', '2019-04-11 13:31:35'),
(40, 37, 5, 32, 'The basic methods of cooking include (1) baking, (2) roasting, (3) broiling and grilling, (4) frying, (5) boiling, (6) simmering, and (7) steaming Soft drink, any of a class of nonalcoholic beverages, usually but not necessarily carbonated, normally containing a natural or artificial sweetening agent, edible acids, natural or artificial flavours, and sometimes juic The basic methods of cooking include (1) baking, (2) roasting, (3) broiling and grilling, (4) frying, (5) boiling, (6) simmering, and (7) steaming Soft drink, any of a class of nonalcoholic beverages, usually but not necessarily carbonated, normally containing a natural or artificial sweetening agent, edible acids, natural or artificial flavours, and sometimes juic', 3, 0, '2019-04-11 12:59:34', '2019-04-11 13:31:35'),
(41, 35, 5, 32, 'but the two most popular styles are thin and thick crusts Types Of Cooking. The basic methods of cooking include (1) baking, (2) roasting, (3) broiling and grilling, (4) frying, (5) boiling, (6) simmering, and (7) steaming Soft drink, any of a class of nonalcoholic beverages,  but the two most popular styles are thin and thick crusts Types Of Cooking. The basic methods of cooking include (1) baking, (2) roasting, (3) broiling and grilling, (4) frying, (5) boiling, (6) simmering, and (7) steaming Soft drink, any of a class of nonalcoholic beverages,  but the two most popular styles are thin and thick crusts Types Of Cooking. The basic methods of cooking include (1) baking, (2) roasting, (3) broiling and grilling, (4) frying, (5) boiling, (6) simmering, and (7) steaming Soft drink, any of a class of nonalcoholic beverages,  but the two most popular styles are thin and thick crusts Types Of Cooking. The basic methods of cooking include (1) baking, (2) roasting, (3) broiling and grilling, (4) frying, (5) boiling, (6) simmering, and (7) steaming Soft drink, any of a class of nonalcoholic beverages,', 3, 0, '2019-04-11 12:59:34', '2019-04-11 13:31:35'),
(42, 36, 5, 33, 'A laptop computer (also shortened to just laptop; or called a notebook or notebook computer) is a small, portable personal computer (PC) with a \"clamshell\" form factor,A laptop computer (also shortened to just laptop; or called a notebook or notebook computer) is a small, portable personal computer (PC) with a \"clamshell\" form factor,A laptop computer (also shortened to just laptop; or called a notebook or notebook computer) is a small, portable personal computer (PC) with a \"clamshell\" form factor,A laptop computer (also shortened to just laptop; or called a notebook or notebook computer) is a small, portable personal computer (PC) with a \"clamshell\" form factor,', 3, 0, '2019-04-11 13:02:41', '2019-04-11 13:31:27'),
(43, 37, 5, 33, 'typically having a thin LCD or LED computer screen mounted on the inside of the upper lid of the clamshell and an alphanumeric keyboard on the inside Modern computers are electronic and digital. The actual machinery (wires, transistors, and circuits) is called hardware; the instructions and data are called software.typically having a thin LCD or LED computer screen mounted on the inside of the upper lid of the clamshell and an alphanumeric keyboard on the inside Modern computers are electronic and digital. The actual machinery (wires, transistors, and circuits) is called hardware; the instructions and data are called software.', 3, 0, '2019-04-11 13:02:41', '2019-04-11 13:31:27'),
(44, 35, 5, 33, 'thin LCD or LED computer screen mounted on the inside of the upper lid of the clamshell and an alphanumeric keyboard on the inside Modern computers are electronic and digital. The actual machinery (wires, transistors, and circuits) is called hardware; the instructions and data are called software. thin LCD or LED computer screen mounted on the inside of the upper lid of the clamshell and an alphanumeric keyboard on the inside Modern computers are electronic and digital. The actual machinery (wires, transistors, and circuits) is called hardware; the instructions and data are called software.', 3, 1, '2019-04-11 13:02:41', '2019-04-11 13:31:27'),
(45, 36, 5, 34, 'iPhone is a line of smartphones designed and marketed by Apple Inc. All generations of the ... (contract manufacturers). Type, Smartphone ...... Wei, Will (September 7, 2016). \"The meaning of the \'i\' in \'iPhone\'  as explained by Steve Jobs\". A mobile phone, cell phone, cellphone, or hand phone, sometimes shortened to simply mobile', 3, 0, '2019-04-11 13:02:56', '2019-04-11 13:31:19'),
(46, 37, 5, 34, 'Thumb Culture: The Meaning of Mobile Phones for Society, 2005; Goggin, Gerard, Global Mobile Media In its most common usage, in electronics and telecommunication, this is a time varying voltage, current or electromagnetic wave used to carry information. A signal may also be defined as an \"observable change in a quantifiable entity\"Thumb Culture: The Meaning of Mobile Phones for Society, 2005; Goggin, Gerard, Global Mobile Media In its most common usage, in electronics and telecommunication, this is a time varying voltage, current or electromagnetic wave used to carry information. A signal may also be defined as an \"observable change in a quantifiable entity\"', 3, 0, '2019-04-11 13:02:56', '2019-04-11 13:31:19'),
(47, 35, 5, 34, 'as explained by Steve Jobs\". A mobile phone, cell phone, cellphone, or hand phone, sometimes shortened to simply mobile, .... Depending on the device\'s type and design, the screen fills most or nearly all of the space on a device\'s front surface. ...... Thumb Culture: The Meaning of Mobile Phones for Society, 2005; Goggin, Gerard, Global Mobile Media Inas explained by Steve Jobs\". A mobile phone, cell phone, cellphone, or hand phone, sometimes shortened to simply mobile, .... Depending on the device\'s type and design, the screen fills most or nearly all of the space on a device\'s front surface. ...... Thumb Culture: The Meaning of Mobile Phones for Society, 2005; Goggin, Gerard, Global Mobile Media In', 3, 1, '2019-04-11 13:02:56', '2019-04-11 13:31:19'),
(48, 36, 5, 35, 'A garden is a planned space, usually outdoors, set aside for the display, cultivation, or enjoyment of plants and other forms of nature. The garden can incorporate both natural and man-made materials. ... Some traditional types of eastern gardens, such as Zen gardens, use plants sparsely or not at all. Grass is', 3, 0, '2019-04-11 13:07:16', '2019-04-11 13:31:07'),
(49, 37, 5, 35, '2.Binary Search Tree: Binary Search Tree Pollution can take the form of chemical substances or energy, such as noise, heat or light. ... Major forms of pollution include: Air pollution, light pollution, littering, noise pollution, plastic pollution, soil contamination, radioactive contamination, thermal pollution, visual pollution, water pollution\n2.Binary Search Tree: Binary Search Tree Pollution can take the form of chemical substances or energy, such as noise, heat or light. ... Major forms of pollution include: Air pollution, light pollution, littering, noise pollution, plastic pollution, soil contamination, radioactive contamination, thermal pollution, visual pollution, water pollution', 3, 1, '2019-04-11 13:07:16', '2019-04-11 13:31:07'),
(50, 35, 5, 35, '.Binary Search Tree: Binary Search Tree Pollution can take the form of chemical substances or energy, such as noise, heat or light. ... Major forms of pollution include: Air pollution, light pollution, littering, noise pollution, plastic pollution, soil contamination, radioactive contamination, thermal pollution, visual pollution, water pollution.Binary Search Tree: Binary Search Tree Pollution can take the form of chemical substances or energy, such as noise, heat or light. ... Major forms of pollution include: Air pollution, light pollution, littering, noise pollution, plastic pollution, soil contamination, radioactive contamination, thermal pollution, visual pollution, water pollution.Binary Search Tree: Binary Search Tree Pollution can take the form of chemical substances or energy, such as noise, heat or light. ... Major forms of pollution include: Air pollution, light pollution, littering, noise pollution, plastic pollution, soil contamination, radioactive contamination, thermal pollution, visual pollution, water pollution', 3, 0, '2019-04-11 13:07:16', '2019-04-11 13:31:07'),
(51, 21, 5, 37, NULL, 1, 0, '2019-04-11 13:36:01', '2019-04-11 13:36:01'),
(52, 17, 5, 38, NULL, 1, 0, '2019-04-12 06:11:33', '2019-04-12 06:11:33'),
(53, 17, 5, 40, NULL, 1, 0, '2019-04-12 06:20:57', '2019-04-12 06:20:57'),
(54, 28, 5, 40, NULL, 1, 0, '2019-04-12 06:20:58', '2019-04-12 06:20:58'),
(55, 39, 5, 41, 'I need GOT series for all .\nabout\nwoodland\n\nWoodland\'s parent company, Aero Group, has been a well known name in the outdoor shoe industry since the early 50s. Founded in Quebec, Canada, it entered the Indian market in 1992. Before that, Aero Group was majorly exporting its leather shoes to USSR. After the dissolution of the Soviet Union into various states, the group decided to launchasas some of its products in India. Hence, the first hand-stitched leather shoe was launched, which took the entire shoe market by storm. That shoe made the brand \'Woodlan', 3, 1, '2019-04-12 06:31:07', '2019-04-12 06:38:40'),
(56, 35, 5, 41, 'Woodland offers an extensive line of footwear, performance apparel and outdoor gear. Whether it\'s a lightweight jacket for active pursuits or a summit tested parka for the coldest places on earth, the focus is on creating truly functional solutions for outdoor and adventure enthusiasts. Whether you\'re new to outdoor adventure or are a seasoned pro, Woodland\'s gear keeps you dry and warm for the trails and slopes, wherever you go.', 3, 0, '2019-04-12 06:31:07', '2019-04-12 06:38:40'),
(57, 14, 1, 69, NULL, 1, 0, '2019-04-12 10:00:03', '2019-04-12 10:00:03'),
(58, 21, 1, 69, NULL, 1, 0, '2019-04-12 10:00:03', '2019-04-12 10:00:03'),
(59, 17, 1, 69, NULL, 1, 0, '2019-04-12 10:00:03', '2019-04-12 10:00:03'),
(60, 40, 1, 69, NULL, 1, 0, '2019-04-12 10:00:03', '2019-04-12 10:00:03'),
(61, 22, 1, 69, NULL, 1, 0, '2019-04-12 10:00:03', '2019-04-12 10:00:03'),
(62, 29, 1, 69, NULL, 1, 0, '2019-04-12 10:00:03', '2019-04-12 10:00:03'),
(63, 16, 1, 69, NULL, 1, 0, '2019-04-12 10:00:03', '2019-04-12 10:00:03'),
(64, 27, 1, 69, NULL, 1, 0, '2019-04-12 10:00:03', '2019-04-12 10:00:03'),
(65, 24, 1, 69, NULL, 1, 0, '2019-04-12 10:00:03', '2019-04-12 10:00:03'),
(66, 28, 5, 70, NULL, 1, 0, '2019-04-12 11:18:31', '2019-04-12 11:18:31'),
(67, 16, 5, 71, NULL, 1, 0, '2019-04-12 11:21:40', '2019-04-12 11:24:54'),
(68, 41, 5, 71, 'Hello Sir,\n\nAs per you requirement in my shop we have brass metal utensils that can help you in creating your meals awesome.', 3, 1, '2019-04-12 11:21:40', '2019-04-12 13:03:52'),
(69, 36, 10, 74, NULL, 1, 0, '2019-04-19 09:45:13', '2019-04-19 09:45:13'),
(70, 39, 10, 74, 'http://i.prntscr.com/2_etBVd_Tw_onwF8Ti_oyg.pnghttp://i.prntscr.com/2_etBVd_Tw_onwF8Ti_oyg.pnghttp://i.prntscr.com/2_etBVd_Tw_onwF8Ti_oyg.pnghttp://i.prntscr.com/2_etBVd_Tw_onwF8Ti_oyg.pnghttp://i.prntscr.com/2_etBVd_Tw_onwF8Ti_oyg.pnghttp://i.prntscr.com/2_etBVd_Tw_onwF8Ti_oyg.pnghttp://i.prntscr.com/2_etBVd_Tw_onwF8Ti_oyg.pnghttp://i.prntscr.com/2_etBVd_Tw_onwF8Ti_oyg.pnghttp://i.prntscr.com/2_etBVd_Tw_onwF8Ti_oyg.pnghttp://i.prntscr.com/2_etBVd_Tw_onwF8Ti_oyg.pnghttp://i.prntscr.com/2_etBVd_Tw_onwF8Ti_oyg.pnghttp://i.prntscr.com/2_etBVd_Tw_onwF8Ti_oyg.pnghttp://i.prntscr.com/2_etBVd_Tw_onwF8Ti_oyg.pnghttp://i.prntscr.com/2_etBVd_Tw_onwF8Ti_oyg.pnghttp://i.prntscr.com/2_etBVd_Tw_onwF8Ti_oyg.pnghttp://i.prntscr.com/2_etBVd_Tw_onwF8Ti_oyg.pnghttp://i.prntscr.com/2_etBVd_Tw_onwF8Ti_oyg.pnghttp://i.prntscr.com/2_etBVd_Tw_onwF8Ti_oyg.pnghttp://i.prntscr.com/2_etBVd_Tw_onwF8Ti_oyg.pnghttp://i.prntscr.com/2_etBVd_Tw_onwF8Ti_oyg.pnghttp://i.prntscr.com/2_etBVd_Tw_onwF8Ti_oyg.pnghttp://i.prntscr.com/2_etBVd_Tw_onwF8Ti_oyg.pnghttp://i.prntscr.com/2_etBVd_Tw_onwF8Ti_oyg.pnghttp://i.prntscr.com/2_etBVd_Tw_onwF8Ti_oyg.pnghttp://i.prntscr.com/2_etBVd_Tw_onwF8Ti_oyg.pnghttp://i.prntscr.com/2_etBVd_Tw_onwF8Ti_oyg.pnghttp://i.prntscr.com/2_etBVd_Tw_onwF8Ti_oyg.pnghttp://i.prntscr.com/2_etBVd_Tw_onwF8Ti_oyg.png', 3, 0, '2019-04-19 09:45:13', '2019-04-19 14:23:58'),
(71, 16, 1, 75, NULL, 1, 0, '2019-04-22 11:22:21', '2019-04-22 11:22:21'),
(72, 17, 1, 75, NULL, 1, 0, '2019-04-22 11:22:21', '2019-04-22 11:22:21'),
(73, 21, 1, 75, NULL, 1, 0, '2019-04-22 11:22:21', '2019-04-22 11:22:21'),
(74, 22, 1, 75, NULL, 1, 0, '2019-04-22 11:22:21', '2019-04-22 11:22:21'),
(75, 24, 1, 75, NULL, 1, 0, '2019-04-22 11:22:21', '2019-04-22 11:22:21'),
(76, 27, 1, 75, NULL, 1, 0, '2019-04-22 11:22:21', '2019-04-22 11:22:21'),
(77, 29, 1, 75, NULL, 1, 0, '2019-04-22 11:22:21', '2019-04-22 11:22:21'),
(78, 40, 1, 75, NULL, 1, 0, '2019-04-22 11:22:21', '2019-04-22 11:22:21'),
(79, 43, 1, 75, NULL, 1, 0, '2019-04-22 11:22:21', '2019-04-22 11:22:21'),
(80, 14, 1, 75, NULL, 1, 0, '2019-04-22 11:22:21', '2019-04-22 11:22:21'),
(81, 17, 1, 76, NULL, 1, 0, '2019-04-22 11:23:06', '2019-04-22 11:23:06'),
(82, 44, 1, 77, NULL, 1, 0, '2019-04-22 11:24:33', '2019-04-22 11:24:33'),
(83, 32, 1, 78, NULL, 1, 0, '2019-04-22 11:32:00', '2019-04-22 11:32:00'),
(84, 44, 1, 78, NULL, 1, 0, '2019-04-22 11:32:00', '2019-04-22 11:32:00'),
(85, 32, 1, 79, NULL, 1, 0, '2019-04-22 11:36:03', '2019-04-22 11:36:03'),
(86, 44, 1, 79, NULL, 1, 0, '2019-04-22 11:36:03', '2019-04-22 11:36:03'),
(87, 32, 1, 80, NULL, 1, 0, '2019-04-22 11:36:27', '2019-04-22 11:36:27'),
(88, 44, 1, 80, NULL, 1, 0, '2019-04-22 11:36:27', '2019-04-22 11:36:27'),
(89, 44, 1, 81, NULL, 1, 0, '2019-04-22 11:39:34', '2019-04-22 11:39:34'),
(90, 32, 1, 82, NULL, 1, 0, '2019-04-22 11:54:25', '2019-04-22 11:54:25'),
(91, 44, 1, 82, NULL, 1, 0, '2019-04-22 11:54:25', '2019-04-22 11:54:25'),
(92, 17, 1, 83, NULL, 1, 0, '2019-04-22 13:35:52', '2019-04-22 13:35:52'),
(93, 17, 1, 84, NULL, 1, 0, '2019-04-22 13:36:35', '2019-04-22 13:36:35'),
(94, 17, 1, 85, NULL, 1, 0, '2019-04-22 13:37:27', '2019-04-22 13:37:27'),
(95, 17, 1, 86, NULL, 1, 0, '2019-04-22 13:38:40', '2019-04-22 13:38:40');

-- --------------------------------------------------------

--
-- Table structure for table `yp_business_users_quotes`
--

CREATE TABLE `yp_business_users_quotes` (
  `id` int(10) UNSIGNED NOT NULL,
  `business_id` int(10) UNSIGNED NOT NULL,
  `general_id` int(10) UNSIGNED NOT NULL,
  `quote_id` int(10) UNSIGNED NOT NULL,
  `status` tinyint(4) NOT NULL DEFAULT '1' COMMENT '0=>cancelled, 1=>new, 2=>Read, 3=>Quoted, 4=>Accepted, 5=>Rejected/Ignored, 6=>Completed',
  `created_at` timestamp NOT NULL DEFAULT CURRENT_TIMESTAMP,
  `updated_at` timestamp NOT NULL DEFAULT CURRENT_TIMESTAMP ON UPDATE CURRENT_TIMESTAMP
) ENGINE=InnoDB DEFAULT CHARSET=utf8mb4 COLLATE=utf8mb4_unicode_ci;

--
-- Dumping data for table `yp_business_users_quotes`
--

INSERT INTO `yp_business_users_quotes` (`id`, `business_id`, `general_id`, `quote_id`, `status`, `created_at`, `updated_at`) VALUES
(1, 26, 1, 1, 6, '2019-03-27 10:59:08', '2019-03-27 11:09:21'),
(2, 26, 1, 2, 4, '2019-03-27 11:54:52', '2019-03-27 11:56:24'),
(3, 26, 1, 3, 3, '2019-03-27 12:14:14', '2019-03-28 05:22:16'),
(4, 26, 5, 4, 4, '2019-03-28 05:11:09', '2019-03-28 05:47:29'),
(5, 24, 5, 4, 3, '2019-03-28 05:11:09', '2019-03-28 05:22:06'),
(6, 17, 5, 4, 2, '2019-03-28 05:11:09', '2019-04-05 04:40:54'),
(7, 14, 5, 4, 1, '2019-03-28 05:11:09', '2019-03-28 05:11:09'),
(8, 15, 5, 4, 1, '2019-03-28 05:11:09', '2019-03-28 05:11:09'),
(9, 26, 5, 5, 6, '2019-03-28 05:49:57', '2019-03-28 05:56:40'),
(10, 24, 5, 5, 3, '2019-03-28 05:49:57', '2019-03-28 05:52:45'),
(11, 21, 5, 5, 3, '2019-03-28 05:49:57', '2019-03-28 05:52:14'),
(12, 26, 5, 6, 4, '2019-03-28 06:14:46', '2019-03-28 06:22:22'),
(13, 24, 5, 6, 3, '2019-03-28 06:14:46', '2019-03-28 06:17:42'),
(14, 15, 5, 6, 1, '2019-03-28 06:14:46', '2019-03-28 06:14:46'),
(15, 28, 5, 6, 1, '2019-03-28 06:14:46', '2019-03-28 06:14:46'),
(16, 14, 5, 6, 1, '2019-03-28 06:14:46', '2019-03-28 06:14:46'),
(17, 26, 5, 7, 5, '2019-03-28 06:29:51', '2019-04-19 14:21:51'),
(18, 26, 5, 8, 6, '2019-03-28 06:33:15', '2019-03-28 06:36:50'),
(19, 26, 5, 9, 6, '2019-03-28 06:39:36', '2019-03-28 06:45:19'),
(20, 26, 5, 10, 6, '2019-03-28 06:46:18', '2019-03-28 07:07:43'),
(21, 24, 5, 11, 6, '2019-03-28 06:48:11', '2019-03-28 06:52:55'),
(22, 24, 5, 12, 6, '2019-03-28 06:56:25', '2019-03-28 07:08:14'),
(23, 26, 5, 13, 4, '2019-03-28 07:14:46', '2019-03-28 07:18:27'),
(24, 24, 5, 13, 1, '2019-03-28 07:14:46', '2019-03-28 07:14:46'),
(25, 26, 5, 14, 6, '2019-03-28 07:15:59', '2019-03-28 07:54:34'),
(26, 26, 5, 15, 6, '2019-03-28 07:22:31', '2019-03-28 07:54:50'),
(27, 27, 5, 16, 1, '2019-03-28 09:48:07', '2019-03-28 09:48:07'),
(28, 23, 5, 16, 1, '2019-03-28 09:48:07', '2019-03-28 09:48:07'),
(29, 18, 5, 16, 1, '2019-03-28 09:48:07', '2019-03-28 09:48:07'),
(30, 14, 5, 16, 1, '2019-03-28 09:48:07', '2019-03-28 09:48:07'),
(31, 22, 5, 16, 1, '2019-03-28 09:48:07', '2019-03-28 09:48:07'),
(32, 26, 5, 17, 4, '2019-03-28 09:51:40', '2019-03-28 09:57:20'),
(33, 24, 5, 17, 3, '2019-03-28 09:51:41', '2019-03-28 09:55:40'),
(34, 21, 5, 17, 3, '2019-03-28 09:51:41', '2019-03-28 09:56:07'),
(35, 26, 5, 18, 6, '2019-03-28 10:19:47', '2019-03-28 10:27:05'),
(36, 17, 1, 25, 1, '2019-03-29 06:56:21', '2019-03-29 06:56:21'),
(37, 17, 1, 26, 1, '2019-03-29 06:58:34', '2019-03-29 06:58:34'),
(38, 17, 1, 27, 2, '2019-03-29 06:58:49', '2019-04-03 13:10:54'),
(39, 15, 5, 29, 1, '2019-03-29 09:57:44', '2019-03-29 09:57:44'),
(40, 16, 5, 29, 2, '2019-03-29 09:57:44', '2019-04-01 07:32:03'),
(41, 21, 5, 29, 1, '2019-03-29 09:57:45', '2019-03-29 09:57:45'),
(42, 14, 5, 29, 1, '2019-03-29 09:57:45', '2019-03-29 09:57:45'),
(43, 17, 5, 29, 1, '2019-03-29 09:57:45', '2019-03-29 09:57:45'),
(44, 15, 5, 30, 1, '2019-03-29 09:59:04', '2019-03-29 09:59:04'),
(45, 16, 5, 30, 1, '2019-03-29 09:59:04', '2019-03-29 09:59:04'),
(46, 21, 5, 30, 1, '2019-03-29 09:59:04', '2019-03-29 09:59:04'),
(47, 14, 5, 30, 1, '2019-03-29 09:59:04', '2019-03-29 09:59:04'),
(48, 17, 5, 30, 2, '2019-03-29 09:59:04', '2019-04-08 12:19:29'),
(49, 15, 5, 31, 1, '2019-03-29 10:00:38', '2019-03-29 10:00:38'),
(50, 16, 5, 31, 1, '2019-03-29 10:00:38', '2019-03-29 10:00:38'),
(51, 21, 5, 31, 1, '2019-03-29 10:00:38', '2019-03-29 10:00:38'),
(52, 14, 5, 31, 1, '2019-03-29 10:00:38', '2019-03-29 10:00:38'),
(53, 17, 5, 31, 1, '2019-03-29 10:00:38', '2019-03-29 10:00:38'),
(54, 26, 5, 32, 2, '2019-04-01 05:43:53', '2019-04-01 09:46:10'),
(55, 24, 5, 32, 1, '2019-04-01 05:43:53', '2019-04-01 05:43:53'),
(56, 21, 5, 32, 2, '2019-04-01 05:43:53', '2019-04-01 05:45:43'),
(57, 15, 5, 33, 1, '2019-04-01 05:53:33', '2019-04-01 05:53:33'),
(58, 16, 5, 33, 6, '2019-04-01 05:53:33', '2019-04-03 06:20:10'),
(59, 21, 5, 33, 1, '2019-04-01 05:53:33', '2019-04-01 05:53:33'),
(60, 14, 5, 33, 1, '2019-04-01 05:53:33', '2019-04-01 05:53:33'),
(61, 17, 5, 33, 2, '2019-04-01 05:53:33', '2019-04-08 12:19:23'),
(62, 15, 5, 34, 1, '2019-04-01 05:54:12', '2019-04-01 05:54:12'),
(63, 16, 5, 34, 3, '2019-04-01 05:54:12', '2019-04-03 05:49:23'),
(64, 21, 5, 34, 1, '2019-04-01 05:54:13', '2019-04-01 05:54:13'),
(65, 14, 5, 34, 1, '2019-04-01 05:54:13', '2019-04-01 05:54:13'),
(66, 17, 5, 34, 2, '2019-04-01 05:54:13', '2019-04-08 12:15:44'),
(67, 15, 5, 35, 1, '2019-04-01 06:06:31', '2019-04-01 06:06:31'),
(68, 16, 5, 35, 6, '2019-04-01 06:06:31', '2019-04-03 06:18:40'),
(69, 21, 5, 35, 1, '2019-04-01 06:06:31', '2019-04-01 06:06:31'),
(70, 14, 5, 35, 1, '2019-04-01 06:06:32', '2019-04-01 06:06:32'),
(71, 17, 5, 35, 2, '2019-04-01 06:06:32', '2019-04-08 12:15:41'),
(72, 17, 1, 36, 2, '2019-04-01 06:50:12', '2019-04-08 12:19:20'),
(73, 24, 5, 37, 2, '2019-04-01 07:17:56', '2019-04-01 09:50:16'),
(74, 21, 5, 37, 1, '2019-04-01 07:17:56', '2019-04-01 07:17:56'),
(75, 15, 5, 38, 1, '2019-04-01 07:22:03', '2019-04-01 07:22:03'),
(76, 16, 5, 38, 4, '2019-04-01 07:22:03', '2019-04-03 06:13:56'),
(77, 21, 5, 38, 1, '2019-04-01 07:22:03', '2019-04-01 07:22:03'),
(78, 14, 5, 38, 1, '2019-04-01 07:22:03', '2019-04-01 07:22:03'),
(79, 17, 5, 38, 2, '2019-04-01 07:22:03', '2019-04-09 07:02:41'),
(80, 24, 5, 39, 3, '2019-04-01 07:22:58', '2019-04-01 07:27:41'),
(81, 21, 5, 39, 3, '2019-04-01 07:22:58', '2019-04-01 07:28:42'),
(82, 16, 5, 40, 2, '2019-04-03 09:03:55', '2019-04-03 09:04:32'),
(83, 21, 5, 40, 2, '2019-04-03 09:03:55', '2019-04-17 12:59:03'),
(84, 15, 5, 40, 1, '2019-04-03 09:03:55', '2019-04-03 09:03:55'),
(85, 14, 5, 40, 1, '2019-04-03 09:03:55', '2019-04-03 09:03:55'),
(86, 28, 5, 40, 1, '2019-04-03 09:03:55', '2019-04-03 09:03:55'),
(87, 31, 5, 42, 6, '2019-04-03 13:24:10', '2019-04-03 13:31:03'),
(88, 31, 5, 43, 1, '2019-04-03 14:26:25', '2019-04-03 14:26:25'),
(89, 32, 5, 43, 1, '2019-04-03 14:26:25', '2019-04-03 14:26:25'),
(90, 32, 5, 44, 1, '2019-04-03 14:27:48', '2019-04-03 14:27:48'),
(91, 31, 5, 45, 1, '2019-04-03 14:28:33', '2019-04-03 14:28:33'),
(92, 32, 5, 45, 1, '2019-04-03 14:28:33', '2019-04-03 14:28:33'),
(93, 28, 5, 47, 1, '2019-04-04 04:58:36', '2019-04-04 04:58:36'),
(94, 22, 5, 47, 1, '2019-04-04 04:58:36', '2019-04-04 04:58:36'),
(95, 28, 5, 48, 1, '2019-04-04 05:00:15', '2019-04-04 05:00:15'),
(96, 22, 5, 48, 1, '2019-04-04 05:00:15', '2019-04-04 05:00:15'),
(97, 32, 5, 52, 1, '2019-04-04 05:09:27', '2019-04-04 05:09:27'),
(98, 32, 5, 53, 1, '2019-04-04 05:10:07', '2019-04-04 05:10:07'),
(99, 31, 5, 54, 1, '2019-04-04 05:51:11', '2019-04-04 05:51:11'),
(100, 33, 5, 54, 1, '2019-04-04 05:51:11', '2019-04-04 05:51:11'),
(101, 32, 5, 54, 1, '2019-04-04 05:51:11', '2019-04-04 05:51:11'),
(102, 31, 5, 55, 2, '2019-04-04 05:57:21', '2019-04-04 05:58:25'),
(103, 33, 5, 55, 1, '2019-04-04 05:57:21', '2019-04-04 05:57:21'),
(104, 32, 5, 55, 1, '2019-04-04 05:57:22', '2019-04-04 05:57:22'),
(105, 31, 5, 56, 6, '2019-04-04 06:03:27', '2019-04-04 06:09:25'),
(106, 33, 5, 56, 3, '2019-04-04 06:03:27', '2019-04-04 06:05:22'),
(107, 34, 5, 56, 3, '2019-04-04 06:03:27', '2019-04-04 06:06:04'),
(108, 32, 5, 56, 1, '2019-04-04 06:03:27', '2019-04-04 06:03:27'),
(109, 31, 5, 57, 6, '2019-04-04 07:02:37', '2019-04-04 07:06:59'),
(110, 34, 5, 58, 1, '2019-04-04 07:26:49', '2019-04-04 07:26:49'),
(111, 33, 5, 58, 1, '2019-04-04 07:26:49', '2019-04-04 07:26:49'),
(112, 33, 5, 59, 1, '2019-04-04 07:27:45', '2019-04-04 07:27:45'),
(113, 34, 5, 59, 1, '2019-04-04 07:27:45', '2019-04-04 07:27:45'),
(114, 31, 5, 60, 1, '2019-04-04 07:30:57', '2019-04-04 07:30:57'),
(115, 31, 5, 61, 1, '2019-04-04 09:42:44', '2019-04-04 09:42:44'),
(116, 16, 5, 61, 1, '2019-04-04 09:42:44', '2019-04-04 09:42:44'),
(117, 15, 5, 61, 1, '2019-04-04 09:42:44', '2019-04-04 09:42:44'),
(118, 16, 5, 61, 1, '2019-04-04 09:42:44', '2019-04-04 09:42:44'),
(119, 31, 5, 61, 1, '2019-04-04 09:42:44', '2019-04-04 09:42:44'),
(120, 31, 5, 62, 1, '2019-04-04 09:48:58', '2019-04-04 09:48:58'),
(121, 16, 5, 62, 1, '2019-04-04 09:48:58', '2019-04-04 09:48:58'),
(122, 15, 5, 62, 1, '2019-04-04 09:48:58', '2019-04-04 09:48:58'),
(123, 16, 5, 62, 1, '2019-04-04 09:48:58', '2019-04-04 09:48:58'),
(124, 15, 5, 62, 1, '2019-04-04 09:48:58', '2019-04-04 09:48:58'),
(125, 31, 5, 63, 1, '2019-04-04 09:49:49', '2019-04-04 09:49:49'),
(126, 15, 5, 63, 1, '2019-04-04 09:49:49', '2019-04-04 09:49:49'),
(127, 15, 5, 63, 1, '2019-04-04 09:49:49', '2019-04-04 09:49:49'),
(128, 16, 5, 63, 1, '2019-04-04 09:49:49', '2019-04-04 09:49:49'),
(129, 31, 5, 63, 1, '2019-04-04 09:49:49', '2019-04-04 09:49:49'),
(130, 31, 5, 64, 1, '2019-04-04 09:53:34', '2019-04-04 09:53:34'),
(131, 15, 5, 64, 1, '2019-04-04 09:53:34', '2019-04-04 09:53:34'),
(132, 31, 5, 64, 1, '2019-04-04 09:53:34', '2019-04-04 09:53:34'),
(133, 16, 5, 64, 1, '2019-04-04 09:53:34', '2019-04-04 09:53:34'),
(134, 31, 5, 65, 1, '2019-04-04 09:58:13', '2019-04-04 09:58:13'),
(135, 15, 5, 65, 2, '2019-04-04 09:58:13', '2019-04-09 09:49:54'),
(136, 31, 5, 65, 1, '2019-04-04 09:58:13', '2019-04-04 09:58:13'),
(137, 16, 5, 65, 1, '2019-04-04 09:58:13', '2019-04-04 09:58:13'),
(138, 31, 5, 66, 1, '2019-04-04 10:01:27', '2019-04-04 10:01:27'),
(139, 31, 5, 67, 1, '2019-04-04 12:25:21', '2019-04-04 12:25:21'),
(140, 35, 5, 67, 1, '2019-04-04 12:25:21', '2019-04-04 12:25:21'),
(141, 36, 5, 67, 1, '2019-04-04 12:25:21', '2019-04-04 12:25:21'),
(142, 37, 5, 67, 1, '2019-04-04 12:25:21', '2019-04-04 12:25:21'),
(143, 36, 5, 68, 1, '2019-04-04 12:38:59', '2019-04-04 12:38:59'),
(144, 34, 5, 68, 1, '2019-04-04 12:38:59', '2019-04-04 12:38:59'),
(145, 35, 5, 69, 1, '2019-04-04 12:42:18', '2019-04-04 12:42:18'),
(146, 31, 5, 69, 1, '2019-04-04 12:42:18', '2019-04-04 12:42:18'),
(147, 37, 5, 69, 1, '2019-04-04 12:42:18', '2019-04-04 12:42:18'),
(148, 36, 5, 70, 1, '2019-04-04 12:45:13', '2019-04-04 12:45:13'),
(149, 35, 5, 70, 1, '2019-04-04 12:45:13', '2019-04-04 12:45:13'),
(150, 31, 5, 70, 1, '2019-04-04 12:45:13', '2019-04-04 12:45:13'),
(151, 37, 5, 70, 1, '2019-04-04 12:45:13', '2019-04-04 12:45:13'),
(152, 36, 5, 71, 1, '2019-04-04 13:23:07', '2019-04-04 13:23:07'),
(153, 35, 5, 71, 1, '2019-04-04 13:23:07', '2019-04-04 13:23:07'),
(154, 31, 5, 71, 1, '2019-04-04 13:23:07', '2019-04-04 13:23:07'),
(155, 38, 5, 71, 1, '2019-04-04 13:23:07', '2019-04-04 13:23:07'),
(156, 39, 5, 71, 2, '2019-04-04 13:23:07', '2019-04-19 14:23:47'),
(157, 36, 5, 72, 1, '2019-04-04 13:29:12', '2019-04-04 13:29:12'),
(158, 31, 5, 72, 1, '2019-04-04 13:29:12', '2019-04-04 13:29:12'),
(159, 35, 5, 72, 1, '2019-04-04 13:29:12', '2019-04-04 13:29:12'),
(160, 37, 5, 72, 1, '2019-04-04 13:29:12', '2019-04-04 13:29:12'),
(161, 38, 5, 72, 1, '2019-04-04 13:29:12', '2019-04-04 13:29:12'),
(162, 31, 5, 73, 1, '2019-04-04 13:29:39', '2019-04-04 13:29:39'),
(163, 35, 5, 73, 1, '2019-04-04 13:29:39', '2019-04-04 13:29:39'),
(164, 36, 5, 73, 1, '2019-04-04 13:29:39', '2019-04-04 13:29:39'),
(165, 38, 5, 73, 1, '2019-04-04 13:29:39', '2019-04-04 13:29:39'),
(166, 37, 5, 73, 1, '2019-04-04 13:29:39', '2019-04-04 13:29:39'),
(167, 21, 5, 74, 1, '2019-04-08 09:44:25', '2019-04-08 09:44:25'),
(168, 36, 5, 75, 1, '2019-04-11 13:25:34', '2019-04-11 13:25:34'),
(169, 36, 5, 76, 1, '2019-04-11 13:25:37', '2019-04-11 13:25:37'),
(170, 36, 5, 77, 1, '2019-04-11 13:25:38', '2019-04-11 13:25:38'),
(171, 36, 5, 78, 1, '2019-04-11 13:26:55', '2019-04-11 13:26:55'),
(172, 36, 5, 79, 1, '2019-04-11 13:26:56', '2019-04-11 13:26:56'),
(173, 36, 5, 80, 1, '2019-04-11 13:26:56', '2019-04-11 13:26:56'),
(174, 36, 5, 81, 1, '2019-04-11 13:26:56', '2019-04-11 13:26:56'),
(175, 36, 5, 82, 1, '2019-04-11 13:26:57', '2019-04-11 13:26:57'),
(176, 36, 5, 83, 1, '2019-04-11 13:26:57', '2019-04-11 13:26:57'),
(177, 35, 5, 84, 2, '2019-04-12 06:07:12', '2019-04-12 06:35:35'),
(178, 42, 3, 85, 1, '2019-04-15 16:00:18', '2019-04-15 16:00:18'),
(179, 42, 3, 86, 1, '2019-04-15 17:12:51', '2019-04-15 17:12:51'),
(180, 35, 10, 87, 1, '2019-04-19 09:46:31', '2019-04-19 09:46:31'),
(181, 31, 10, 87, 1, '2019-04-19 09:46:31', '2019-04-19 09:46:31'),
(182, 40, 10, 87, 1, '2019-04-19 09:46:31', '2019-04-19 09:46:31'),
(183, 16, 10, 87, 1, '2019-04-19 09:46:31', '2019-04-19 09:46:31'),
(184, 21, 10, 87, 1, '2019-04-19 09:46:32', '2019-04-19 09:46:32'),
(185, 36, 5, 89, 1, '2019-04-19 14:21:31', '2019-04-19 14:21:31'),
(186, 14, 5, 92, 1, '2019-04-22 06:23:26', '2019-04-22 06:23:26'),
(187, 21, 5, 92, 1, '2019-04-22 06:23:26', '2019-04-22 06:23:26'),
(188, 27, 5, 94, 1, '2019-04-22 06:27:41', '2019-04-22 06:27:41'),
(189, 36, 5, 97, 1, '2019-04-22 06:37:11', '2019-04-22 06:37:11'),
(190, 36, 5, 98, 1, '2019-04-22 06:37:13', '2019-04-22 06:37:13'),
(191, 36, 5, 99, 1, '2019-04-22 06:37:14', '2019-04-22 06:37:14'),
(192, 36, 5, 100, 1, '2019-04-22 06:37:15', '2019-04-22 06:37:15'),
(193, 36, 5, 101, 1, '2019-04-22 06:37:15', '2019-04-22 06:37:15'),
(194, 36, 5, 102, 1, '2019-04-22 06:37:16', '2019-04-22 06:37:16'),
(195, 36, 5, 103, 1, '2019-04-22 06:37:16', '2019-04-22 06:37:16'),
(196, 36, 5, 104, 1, '2019-04-22 06:37:17', '2019-04-22 06:37:17'),
(197, 36, 5, 105, 1, '2019-04-22 06:37:17', '2019-04-22 06:37:17'),
(198, 36, 5, 106, 1, '2019-04-22 06:37:17', '2019-04-22 06:37:17'),
(199, 36, 5, 107, 1, '2019-04-22 06:37:39', '2019-04-22 06:37:39'),
(200, 36, 5, 108, 1, '2019-04-22 06:37:42', '2019-04-22 06:37:42'),
(201, 27, 5, 109, 1, '2019-04-22 06:38:33', '2019-04-22 06:38:33'),
(202, 27, 5, 110, 1, '2019-04-22 06:39:48', '2019-04-22 06:39:48'),
(203, 27, 5, 111, 1, '2019-04-22 06:40:21', '2019-04-22 06:40:21'),
(204, 17, 5, 112, 1, '2019-04-22 06:43:00', '2019-04-22 06:43:00'),
(205, 28, 5, 112, 1, '2019-04-22 06:43:00', '2019-04-22 06:43:00'),
(206, 26, 5, 112, 1, '2019-04-22 06:43:00', '2019-04-22 06:43:00'),
(207, 25, 5, 112, 1, '2019-04-22 06:43:00', '2019-04-22 06:43:00'),
(208, 24, 5, 112, 1, '2019-04-22 06:43:00', '2019-04-22 06:43:00'),
(209, 25, 5, 113, 1, '2019-04-22 06:54:18', '2019-04-22 06:54:18'),
(210, 28, 5, 113, 1, '2019-04-22 06:54:18', '2019-04-22 06:54:18'),
(211, 24, 5, 113, 1, '2019-04-22 06:54:18', '2019-04-22 06:54:18'),
(212, 26, 5, 113, 1, '2019-04-22 06:54:18', '2019-04-22 06:54:18'),
(213, 21, 5, 113, 1, '2019-04-22 06:54:18', '2019-04-22 06:54:18'),
(214, 36, 5, 114, 1, '2019-04-22 06:57:02', '2019-04-22 06:57:02'),
(215, 36, 5, 115, 1, '2019-04-22 06:58:07', '2019-04-22 06:58:07'),
(216, 25, 5, 116, 1, '2019-04-22 07:01:07', '2019-04-22 07:01:07'),
(217, 21, 5, 116, 1, '2019-04-22 07:01:07', '2019-04-22 07:01:07'),
(218, 24, 5, 116, 1, '2019-04-22 07:01:07', '2019-04-22 07:01:07'),
(219, 26, 5, 116, 1, '2019-04-22 07:01:07', '2019-04-22 07:01:07'),
(220, 28, 5, 116, 1, '2019-04-22 07:01:07', '2019-04-22 07:01:07'),
(221, 25, 5, 117, 1, '2019-04-22 07:02:11', '2019-04-22 07:02:11'),
(222, 26, 5, 117, 1, '2019-04-22 07:02:11', '2019-04-22 07:02:11'),
(223, 24, 5, 117, 1, '2019-04-22 07:02:11', '2019-04-22 07:02:11'),
(224, 28, 5, 117, 1, '2019-04-22 07:02:11', '2019-04-22 07:02:11'),
(225, 21, 5, 117, 1, '2019-04-22 07:02:11', '2019-04-22 07:02:11'),
(226, 17, 5, 118, 1, '2019-04-22 07:03:22', '2019-04-22 07:03:22'),
(227, 28, 5, 118, 1, '2019-04-22 07:03:22', '2019-04-22 07:03:22'),
(228, 26, 5, 118, 1, '2019-04-22 07:03:22', '2019-04-22 07:03:22'),
(229, 36, 5, 119, 1, '2019-04-22 07:04:09', '2019-04-22 07:04:09'),
(230, 25, 5, 120, 1, '2019-04-22 07:10:19', '2019-04-22 07:10:19'),
(231, 28, 5, 120, 1, '2019-04-22 07:10:19', '2019-04-22 07:10:19'),
(232, 24, 5, 120, 1, '2019-04-22 07:10:19', '2019-04-22 07:10:19'),
(233, 21, 5, 120, 1, '2019-04-22 07:10:19', '2019-04-22 07:10:19'),
(234, 26, 5, 120, 1, '2019-04-22 07:10:19', '2019-04-22 07:10:19'),
(235, 25, 5, 121, 1, '2019-04-22 07:10:50', '2019-04-22 07:10:50'),
(236, 21, 5, 121, 1, '2019-04-22 07:10:50', '2019-04-22 07:10:50'),
(237, 28, 5, 121, 1, '2019-04-22 07:10:50', '2019-04-22 07:10:50'),
(238, 26, 5, 121, 1, '2019-04-22 07:10:50', '2019-04-22 07:10:50'),
(239, 24, 5, 121, 1, '2019-04-22 07:10:50', '2019-04-22 07:10:50'),
(240, 36, 5, 122, 1, '2019-04-22 07:11:14', '2019-04-22 07:11:14'),
(241, 17, 1, 123, 1, '2019-04-22 07:37:52', '2019-04-22 07:37:52'),
(242, 17, 1, 124, 1, '2019-04-22 07:40:45', '2019-04-22 07:40:45'),
(243, 17, 1, 125, 1, '2019-04-22 07:47:05', '2019-04-22 07:47:05'),
(244, 17, 1, 126, 1, '2019-04-22 07:48:32', '2019-04-22 07:48:32'),
(245, 17, 1, 127, 1, '2019-04-22 07:58:30', '2019-04-22 07:58:30'),
(246, 17, 1, 128, 1, '2019-04-22 08:00:56', '2019-04-22 08:00:56'),
(247, 36, 5, 129, 1, '2019-04-22 08:13:30', '2019-04-22 08:13:30'),
(248, 27, 5, 129, 1, '2019-04-22 08:13:30', '2019-04-22 08:13:30'),
(249, 36, 5, 130, 1, '2019-04-22 08:13:52', '2019-04-22 08:13:52'),
(250, 36, 5, 131, 1, '2019-04-22 08:24:37', '2019-04-22 08:24:37'),
(251, 36, 3, 132, 1, '2019-04-22 11:11:15', '2019-04-22 11:11:15'),
(252, 42, 3, 133, 1, '2019-04-22 11:15:43', '2019-04-22 11:15:43'),
(253, 16, 1, 134, 1, '2019-04-22 11:23:31', '2019-04-22 11:23:31'),
(254, 24, 1, 134, 1, '2019-04-22 11:23:31', '2019-04-22 11:23:31'),
(255, 22, 1, 134, 1, '2019-04-22 11:23:31', '2019-04-22 11:23:31'),
(256, 40, 1, 134, 1, '2019-04-22 11:23:31', '2019-04-22 11:23:31'),
(257, 17, 1, 134, 1, '2019-04-22 11:23:31', '2019-04-22 11:23:31'),
(258, 17, 1, 135, 1, '2019-04-22 11:23:47', '2019-04-22 11:23:47'),
(259, 44, 1, 139, 1, '2019-04-22 11:50:44', '2019-04-22 11:50:44'),
(260, 32, 1, 139, 1, '2019-04-22 11:50:44', '2019-04-22 11:50:44'),
(261, 34, 1, 139, 1, '2019-04-22 11:50:44', '2019-04-22 11:50:44'),
(262, 44, 1, 140, 1, '2019-04-22 11:51:10', '2019-04-22 11:51:10'),
(263, 34, 1, 140, 1, '2019-04-22 11:51:10', '2019-04-22 11:51:10'),
(264, 32, 1, 140, 1, '2019-04-22 11:51:10', '2019-04-22 11:51:10'),
(265, 44, 10, 141, 1, '2019-04-22 13:27:18', '2019-04-22 13:27:18');

-- --------------------------------------------------------

--
-- Table structure for table `yp_business_user_categories`
--

CREATE TABLE `yp_business_user_categories` (
  `id` int(10) UNSIGNED NOT NULL,
  `business_userid` int(100) UNSIGNED NOT NULL,
  `category_id` int(10) UNSIGNED NOT NULL,
  `quote_with_ph` int(11) NOT NULL DEFAULT '0',
  `quote_without_ph` int(11) NOT NULL DEFAULT '0',
  `accept_request` int(11) NOT NULL DEFAULT '0',
  `created_at` timestamp NOT NULL DEFAULT CURRENT_TIMESTAMP,
  `updated_at` timestamp NOT NULL DEFAULT CURRENT_TIMESTAMP ON UPDATE CURRENT_TIMESTAMP,
  `sub_category_id` int(10) DEFAULT NULL
) ENGINE=InnoDB DEFAULT CHARSET=utf8mb4 COLLATE=utf8mb4_unicode_ci;

--
-- Dumping data for table `yp_business_user_categories`
--

INSERT INTO `yp_business_user_categories` (`id`, `business_userid`, `category_id`, `quote_with_ph`, `quote_without_ph`, `accept_request`, `created_at`, `updated_at`, `sub_category_id`) VALUES
(41, 14, 14, 0, 0, 0, '2019-03-19 08:03:50', '2019-03-19 08:03:50', NULL),
(42, 14, 13, 0, 0, 0, '2019-03-19 08:05:34', '2019-03-19 08:05:34', NULL),
(43, 14, 12, 0, 0, 0, '2019-03-19 08:05:48', '2019-03-19 08:05:48', NULL),
(44, 14, 16, 0, 0, 0, '2019-03-19 08:05:52', '2019-03-19 08:05:52', NULL),
(53, 16, 12, 30, 6, 1, '2019-03-19 09:06:55', '2019-04-08 10:16:33', NULL),
(56, 17, 12, 0, 0, 0, '2019-03-19 09:10:35', '2019-03-19 09:10:35', NULL),
(57, 17, 13, 0, 0, 0, '2019-03-19 09:10:38', '2019-03-19 09:10:38', NULL),
(58, 17, 14, 0, 0, 0, '2019-03-19 09:10:45', '2019-03-19 09:10:45', NULL),
(59, 17, 16, 0, 0, 0, '2019-03-19 09:10:48', '2019-03-19 09:10:48', NULL),
(60, 18, 14, 0, 0, 0, '2019-03-19 09:34:37', '2019-03-19 09:34:37', NULL),
(61, 20, 7, 0, 0, 0, '2019-03-19 10:53:44', '2019-03-19 10:53:44', NULL),
(62, 20, 9, 0, 0, 0, '2019-03-19 10:53:46', '2019-03-19 10:53:46', NULL),
(65, 21, 28, 5, 4, 1, '2019-03-22 09:51:34', '2019-04-17 10:04:18', NULL),
(66, 21, 16, 5, 5, 0, '2019-03-22 09:51:42', '2019-04-17 10:04:18', NULL),
(67, 21, 14, 7, 7, 1, '2019-03-22 09:51:47', '2019-04-17 10:04:18', NULL),
(68, 21, 13, 7, 7, 0, '2019-03-22 09:51:50', '2019-04-17 10:04:18', NULL),
(69, 21, 12, 9, 7, 1, '2019-03-22 09:51:52', '2019-04-17 10:04:18', NULL),
(70, 22, 28, 5, 4, 1, '2019-03-22 10:05:18', '2019-04-11 09:30:52', NULL),
(71, 22, 12, 9, 7, 1, '2019-03-22 10:05:44', '2019-04-11 09:30:52', NULL),
(72, 23, 13, 0, 0, 0, '2019-03-22 10:09:43', '2019-03-22 10:09:43', NULL),
(73, 23, 14, 0, 0, 0, '2019-03-22 10:09:54', '2019-03-22 10:09:54', NULL),
(74, 24, 12, 9, 7, 1, '2019-03-22 10:20:54', '2019-04-17 07:09:51', NULL),
(75, 24, 13, 7, 7, 1, '2019-03-22 10:21:05', '2019-04-17 07:09:51', NULL),
(76, 24, 16, 5, 5, 0, '2019-03-22 10:21:10', '2019-04-17 07:09:52', NULL),
(77, 25, 28, 5, 4, 1, '2019-03-22 10:24:37', '2019-04-16 11:25:36', NULL),
(78, 26, 16, 5, 5, 0, '2019-03-22 10:38:06', '2019-04-09 13:54:17', NULL),
(79, 26, 14, 7, 7, 0, '2019-03-22 10:38:21', '2019-04-09 13:54:17', NULL),
(80, 27, 16, 0, 0, 0, '2019-03-22 11:05:28', '2019-03-22 11:05:28', NULL),
(82, 27, 12, 0, 0, 0, '2019-03-22 11:05:34', '2019-03-22 11:05:34', NULL),
(83, 28, 16, 5, 5, 0, '2019-03-22 11:11:04', '2019-04-10 12:36:50', NULL),
(84, 28, 28, 5, 4, 0, '2019-03-22 11:11:23', '2019-04-10 12:36:50', NULL),
(85, 29, 12, 0, 0, 0, '2019-03-22 11:24:30', '2019-03-22 11:24:30', NULL),
(86, 29, 13, 0, 0, 0, '2019-03-22 11:24:46', '2019-03-22 11:24:46', NULL),
(87, 29, 28, 0, 0, 0, '2019-03-22 11:24:54', '2019-03-22 11:24:54', NULL),
(88, 30, 9, 0, 0, 0, '2019-03-26 04:58:37', '2019-03-26 04:58:37', NULL),
(93, 32, 31, 0, 0, 0, '2019-04-03 13:33:29', '2019-04-03 13:33:29', NULL),
(94, 32, 30, 0, 0, 0, '2019-04-03 13:33:33', '2019-04-03 13:33:33', NULL),
(95, 32, 29, 0, 0, 0, '2019-04-03 13:33:35', '2019-04-03 13:33:35', NULL),
(96, 32, 16, 0, 0, 0, '2019-04-03 13:33:41', '2019-04-03 13:33:41', NULL),
(106, 33, 33, 0, 0, 0, '2019-04-04 06:30:48', '2019-04-04 06:30:48', NULL),
(107, 33, 34, 0, 0, 0, '2019-04-04 06:30:55', '2019-04-04 06:30:55', NULL),
(108, 33, 35, 10, 10, 0, '2019-04-04 06:30:57', '2019-04-04 09:28:09', NULL),
(109, 31, 35, 60, 100, 1, '2019-04-04 06:32:13', '2019-04-04 07:25:41', NULL),
(110, 31, 36, 200, 50, 1, '2019-04-04 06:32:19', '2019-04-04 07:25:41', NULL),
(111, 31, 37, 500, 300, 0, '2019-04-04 06:32:24', '2019-04-04 07:25:41', NULL),
(112, 34, 33, 0, 0, 0, '2019-04-04 06:35:25', '2019-04-04 06:35:25', NULL),
(113, 34, 34, 0, 0, 0, '2019-04-04 06:35:28', '2019-04-04 06:35:28', NULL),
(114, 34, 35, 20, 20, 0, '2019-04-04 06:35:30', '2019-04-04 09:28:24', NULL),
(115, 34, 36, 0, 0, 0, '2019-04-04 06:35:33', '2019-04-04 06:35:33', NULL),
(116, 34, 37, 0, 0, 0, '2019-04-04 06:35:35', '2019-04-04 06:35:35', NULL),
(117, 15, 33, 70, 50, 0, '2019-04-04 06:41:17', '2019-04-22 13:01:07', NULL),
(118, 15, 34, 40, 20, 0, '2019-04-04 06:41:19', '2019-04-22 13:01:07', NULL),
(119, 15, 35, 30, 30, 0, '2019-04-04 06:41:21', '2019-04-22 13:01:07', NULL),
(120, 15, 36, 200, 50, 0, '2019-04-04 06:41:24', '2019-04-22 13:01:07', NULL),
(121, 15, 37, 500, 300, 0, '2019-04-04 06:41:27', '2019-04-22 13:01:07', NULL),
(122, 16, 35, 12, 9, 0, '2019-04-04 06:44:16', '2019-04-08 10:16:33', NULL),
(123, 35, 35, 60, 100, 1, '2019-04-04 12:14:05', '2019-04-04 12:22:49', NULL),
(126, 35, 36, 200, 50, 1, '2019-04-04 12:14:34', '2019-04-04 12:22:49', NULL),
(127, 35, 37, 500, 300, 1, '2019-04-04 12:15:24', '2019-04-04 12:22:49', NULL),
(128, 35, 34, 40, 20, 0, '2019-04-04 12:15:41', '2019-04-04 12:22:49', NULL),
(130, 35, 33, 70, 50, 0, '2019-04-04 12:16:33', '2019-04-04 12:22:49', NULL),
(132, 36, 33, 70, 50, 0, '2019-04-04 12:17:51', '2019-04-04 12:23:14', NULL),
(133, 36, 34, 40, 20, 0, '2019-04-04 12:17:55', '2019-04-04 12:23:14', NULL),
(134, 36, 35, 60, 100, 1, '2019-04-04 12:18:12', '2019-04-04 12:23:14', NULL),
(135, 36, 36, 200, 50, 1, '2019-04-04 12:18:19', '2019-04-04 12:23:14', NULL),
(136, 36, 37, 500, 300, 1, '2019-04-04 12:18:22', '2019-04-04 12:23:14', NULL),
(137, 37, 35, 60, 100, 0, '2019-04-04 12:19:38', '2019-04-04 12:24:09', NULL),
(138, 37, 33, 70, 50, 0, '2019-04-04 12:20:00', '2019-04-04 12:24:09', NULL),
(139, 37, 34, 40, 20, 0, '2019-04-04 12:20:14', '2019-04-04 12:24:09', NULL),
(140, 37, 36, 200, 50, 0, '2019-04-04 12:20:35', '2019-04-04 12:24:09', NULL),
(141, 37, 37, 500, 300, 0, '2019-04-04 12:20:42', '2019-04-04 12:24:09', NULL),
(142, 39, 35, 60, 100, 0, '2019-04-04 13:12:29', '2019-04-04 13:16:07', NULL),
(143, 38, 35, 60, 100, 0, '2019-04-04 13:12:42', '2019-04-04 13:22:10', NULL),
(144, 39, 33, 70, 50, 0, '2019-04-04 13:13:43', '2019-04-04 13:16:07', NULL),
(146, 38, 34, 40, 20, 0, '2019-04-04 13:14:22', '2019-04-04 13:22:10', NULL),
(147, 38, 37, 500, 300, 0, '2019-04-04 13:14:32', '2019-04-04 13:22:10', NULL),
(148, 16, 9, 5, 5, 1, '2019-04-08 10:15:20', '2019-04-08 10:16:33', NULL),
(149, 16, 14, 7, 7, 1, '2019-04-08 10:15:28', '2019-04-08 10:16:33', NULL),
(150, 21, 35, 6, 10, 0, '2019-04-09 13:14:06', '2019-04-17 10:04:18', NULL),
(151, 26, 35, 0, 0, 0, '2019-04-09 13:56:07', '2019-04-09 13:56:07', NULL),
(153, 40, 35, 60, 100, 0, '2019-04-12 05:35:04', '2019-04-12 06:43:21', NULL),
(154, 40, 12, 9, 7, 0, '2019-04-12 05:35:17', '2019-04-12 06:43:21', NULL),
(155, 40, 22, 4, 4, 0, '2019-04-12 05:36:52', '2019-04-12 06:43:21', NULL),
(156, 40, 7, 5, 4, 0, '2019-04-12 05:37:11', '2019-04-12 06:43:21', NULL),
(157, 35, 26, 0, 0, 0, '2019-04-12 06:41:56', '2019-04-12 06:41:56', NULL),
(158, 40, 26, 2, 6, 1, '2019-04-12 06:42:25', '2019-04-12 06:43:22', NULL),
(162, 41, 9, 20, 30, 1, '2019-04-12 11:00:14', '2019-04-12 11:33:02', NULL),
(163, 41, 22, 4, 4, 1, '2019-04-12 11:01:23', '2019-04-12 11:33:02', NULL),
(164, 41, 10, 5, 6, 1, '2019-04-12 11:02:08', '2019-04-12 11:33:02', NULL),
(165, 41, 8, 3, 3, 0, '2019-04-12 11:02:15', '2019-04-12 11:33:02', NULL),
(166, 42, 35, 5, 2, 1, '2019-04-15 14:39:39', '2019-04-15 17:04:56', NULL),
(167, 42, 34, 5, 2, 1, '2019-04-15 14:40:04', '2019-04-15 17:04:57', NULL),
(168, 25, 16, 5, 5, 1, '2019-04-16 11:24:17', '2019-04-16 11:25:36', NULL),
(169, 43, 7, 0, 0, 0, '2019-04-17 09:47:24', '2019-04-17 09:47:24', NULL),
(171, 43, 9, 0, 0, 0, '2019-04-17 09:47:31', '2019-04-17 09:47:31', NULL),
(172, 43, 10, 0, 0, 0, '2019-04-17 09:48:00', '2019-04-17 09:48:00', NULL),
(173, 43, 12, 0, 0, 0, '2019-04-17 09:48:02', '2019-04-17 09:48:02', NULL),
(174, 43, 8, 0, 0, 0, '2019-04-19 04:56:58', '2019-04-19 04:56:58', NULL),
(185, 44, 7, 0, 0, 0, '2019-04-19 14:04:13', '2019-04-19 14:04:13', NULL),
(186, 44, 8, 0, 0, 0, '2019-04-19 14:04:15', '2019-04-19 14:04:15', NULL),
(187, 44, 33, 0, 0, 0, '2019-04-19 14:04:19', '2019-04-19 14:04:19', NULL),
(188, 44, 32, 0, 0, 0, '2019-04-19 14:04:21', '2019-04-19 14:04:21', NULL),
(189, 44, 31, 0, 0, 0, '2019-04-19 14:04:22', '2019-04-19 14:04:22', NULL),
(190, 44, 34, 0, 0, 0, '2019-04-19 14:04:24', '2019-04-19 14:04:24', NULL),
(191, 44, 35, 0, 0, 0, '2019-04-19 14:04:27', '2019-04-19 14:04:27', NULL),
(192, 44, 29, 0, 0, 0, '2019-04-19 14:04:30', '2019-04-19 14:04:30', NULL),
(193, 44, 28, 0, 0, 0, '2019-04-19 14:04:32', '2019-04-19 14:04:32', NULL),
(194, 44, 27, 0, 0, 0, '2019-04-19 14:04:35', '2019-04-19 14:04:35', NULL),
(197, 39, 7, 0, 0, 0, '2019-04-22 07:08:44', '2019-04-22 07:08:44', NULL),
(198, 39, 8, 0, 0, 0, '2019-04-22 07:08:47', '2019-04-22 07:08:47', NULL),
(205, 36, 16, 0, 0, 0, '2019-04-22 08:12:28', '2019-04-22 08:12:28', NULL);

-- --------------------------------------------------------

--
-- Table structure for table `yp_business_user_cc_details`
--

CREATE TABLE `yp_business_user_cc_details` (
  `id` int(10) UNSIGNED NOT NULL,
  `b_id` int(10) UNSIGNED NOT NULL,
  `customer_id` bigint(20) NOT NULL,
  `wallet_amount` int(11) NOT NULL,
  `updated_wallet_amount` int(11) NOT NULL,
  `lastdigit` int(11) NOT NULL,
  `expire_month` varchar(20) COLLATE utf8mb4_unicode_ci NOT NULL,
  `expire_year` varchar(20) COLLATE utf8mb4_unicode_ci NOT NULL,
  `card_added_on` date NOT NULL,
  `created_at` timestamp NOT NULL DEFAULT CURRENT_TIMESTAMP,
  `updated_at` timestamp NOT NULL DEFAULT CURRENT_TIMESTAMP ON UPDATE CURRENT_TIMESTAMP
) ENGINE=InnoDB DEFAULT CHARSET=utf8mb4 COLLATE=utf8mb4_unicode_ci;

--
-- Dumping data for table `yp_business_user_cc_details`
--

INSERT INTO `yp_business_user_cc_details` (`id`, `b_id`, `customer_id`, `wallet_amount`, `updated_wallet_amount`, `lastdigit`, `expire_month`, `expire_year`, `card_added_on`, `created_at`, `updated_at`) VALUES
(2, 21, 1553768231, 4000, 38, 4444, '10', '22', '2019-03-28', '2019-03-28 10:17:11', '2019-04-22 07:10:50'),
(4, 15, 1553768232, 2000, 885, 4444, '10', '22', '2019-03-28', '2019-03-28 10:17:11', '2019-04-22 13:18:18'),
(5, 16, 1553768239, 300, 59, 4444, '10', '22', '2019-03-28', '2019-03-28 10:17:11', '2019-04-22 11:23:31'),
(6, 26, 1554285051, 2000, 1208, 4444, '10', '22', '2019-04-03', '2019-04-03 09:50:51', '2019-04-22 07:10:50'),
(10, 33, 1554356751, 1000, 940, 4444, '10', '22', '2019-04-04', '2019-04-04 05:45:51', '2019-04-04 07:27:44'),
(11, 34, 1554357723, 1000, 950, 4444, '10', '22', '2019-04-04', '2019-04-04 06:02:03', '2019-04-04 12:38:59'),
(13, 31, 1554362741, 2000, 538, 4444, '10', '22', '2019-04-04', '2019-04-04 07:25:41', '2019-04-22 12:13:27'),
(14, 35, 1554380569, 3000, 2193, 4444, '10', '22', '2019-04-04', '2019-04-04 12:22:49', '2019-04-22 11:30:50'),
(15, 36, 1554380594, 3000, 2333, 4444, '10', '22', '2019-04-04', '2019-04-04 12:23:14', '2019-04-19 11:51:20'),
(16, 37, 1554380649, 3000, 2390, 4444, '10', '22', '2019-04-04', '2019-04-04 12:24:09', '2019-04-22 11:09:08'),
(17, 39, 1554383767, 3000, 2936, 4444, '10', '22', '2019-04-04', '2019-04-04 13:16:07', '2019-04-19 12:28:56'),
(18, 38, 1554384130, 3000, 2820, 4444, '10', '22', '2019-04-04', '2019-04-04 13:22:10', '2019-04-04 13:29:39'),
(19, 22, 1554882713, 2040, 1691, 4444, '10', '22', '2019-04-10', '2019-04-10 07:51:53', '2019-04-22 11:23:31'),
(20, 28, 1554899810, 2000, 1795, 4444, '10', '22', '2019-04-10', '2019-04-10 12:36:50', '2019-04-22 07:10:50'),
(21, 24, 1554963974, 3656, 2966, 4444, '10', '22', '2019-04-11', '2019-04-11 06:26:14', '2019-04-22 11:23:31'),
(22, 40, 1555051402, 2000, 1891, 4444, '10', '22', '2019-04-12', '2019-04-12 06:43:22', '2019-04-22 11:23:31'),
(23, 41, 1555068782, 2000, 1900, 4444, '10', '22', '2019-04-12', '2019-04-12 11:33:02', '2019-04-12 11:37:38'),
(24, 42, 1555340182, 500, 334, 4444, '10', '22', '2019-04-15', '2019-04-15 14:56:22', '2019-04-22 11:15:27'),
(25, 25, 1555413721, 2000, 1929, 4444, '10', '22', '2019-04-16', '2019-04-16 11:22:01', '2019-04-22 07:10:50');

-- --------------------------------------------------------

--
-- Table structure for table `yp_business_user_hashtags`
--

CREATE TABLE `yp_business_user_hashtags` (
  `id` int(10) UNSIGNED NOT NULL,
  `business_userid` int(10) UNSIGNED NOT NULL,
  `tag_id` int(10) UNSIGNED NOT NULL
) ENGINE=InnoDB DEFAULT CHARSET=utf8mb4 COLLATE=utf8mb4_unicode_ci;

--
-- Dumping data for table `yp_business_user_hashtags`
--

INSERT INTO `yp_business_user_hashtags` (`id`, `business_userid`, `tag_id`) VALUES
(199, 42, 14),
(200, 42, 15),
(201, 42, 16);

-- --------------------------------------------------------

--
-- Table structure for table `yp_business_user_quotes_reply`
--

CREATE TABLE `yp_business_user_quotes_reply` (
  `id` int(10) UNSIGNED NOT NULL,
  `business_id` int(10) UNSIGNED NOT NULL,
  `quote_id` int(10) UNSIGNED NOT NULL,
  `price_quotes` varchar(255) COLLATE utf8mb4_unicode_ci DEFAULT NULL,
  `price_type` varchar(255) COLLATE utf8mb4_unicode_ci DEFAULT NULL,
  `templates` varchar(255) COLLATE utf8mb4_unicode_ci DEFAULT NULL,
  `details` varchar(255) COLLATE utf8mb4_unicode_ci DEFAULT NULL,
  `uploaded_files` text COLLATE utf8mb4_unicode_ci,
  `created_at` timestamp NOT NULL DEFAULT CURRENT_TIMESTAMP,
  `updated_at` timestamp NOT NULL DEFAULT CURRENT_TIMESTAMP ON UPDATE CURRENT_TIMESTAMP
) ENGINE=InnoDB DEFAULT CHARSET=utf8mb4 COLLATE=utf8mb4_unicode_ci;

--
-- Dumping data for table `yp_business_user_quotes_reply`
--

INSERT INTO `yp_business_user_quotes_reply` (`id`, `business_id`, `quote_id`, `price_quotes`, `price_type`, `templates`, `details`, `uploaded_files`, `created_at`, `updated_at`) VALUES
(1, 26, 1, '1000', '1', NULL, 'okay we will do it. this is not a new task for us.', '{\"pic\":[\"511553684548.jpeg\",\"501553684548.jpg\"]}', '2019-03-27 11:02:28', '2019-03-27 11:02:28'),
(2, 26, 2, '20000', '1', NULL, 'yesall quotesall quotesallqu otesallquo tesallquotes allquotesallquotesallquotesallquo tesallquotes allquotesallq uotesallquote sallquotesallquotesallquotesallquotesallquot es', '{\"pic\":[\"511553684548.jpeg\",\"501553684548.jpg\",\"971553687756.jpg\"]}', '2019-03-27 11:55:56', '2019-03-27 11:57:59'),
(3, 24, 4, '4321', '1', NULL, 'Footwear refers to garments worn on the feet, which originally serves to purpose of protection against adversities of the environment, usually regarding ground textures and temperature. Footwear in the manner of shoes therefore primarily serves the purpos', '{\"pic\":[\"681553750525.jpg\"]}', '2019-03-28 05:22:05', '2019-03-28 05:22:05'),
(4, 26, 3, '5432', '1', NULL, 'Footwear refers to garments worn on the feet, which originally serves to purpose of protection against adversities of the environment, usually regarding ground textures and temperature. Footwear in the manner of shoes therefore primarily serves the purpos', '{\"pic\":[\"511553684548.jpeg\",\"501553684548.jpg\",\"421553750536.jpg\"]}', '2019-03-28 05:22:16', '2019-03-28 05:22:16'),
(5, 26, 4, '4321', '1', NULL, 'Footwear refers to garments worn on the feet, which originally serves to purpose of protection against adversities of the environment, usually regarding ground textures and temperature. Footwear in the manner of shoes therefore primarily serves the purpos', '{\"pic\":[\"511553684548.jpeg\",\"501553684548.jpg\",\"911553750559.jpg\"]}', '2019-03-28 05:22:39', '2019-03-28 05:22:39'),
(6, 21, 5, '1234', '1', NULL, 'Footwear refers to garments worn on the feet, which originally serves to purpose of protection against adversities of the environment, usually regarding ground textures and temperature. Footwear in the manner of shoes therefore primarily serves the purpos', '{\"pic\":[\"101553752334.jpg\"]}', '2019-03-28 05:52:14', '2019-03-28 05:52:14'),
(7, 24, 5, '4321', '1', NULL, 'Footwear refers to garments worn on the feet, which originally serves to purpose of protection against adversities of the environment, usually regarding ground textures and temperature. Footwear in the manner of shoes therefore primarily serves the purpos', '{\"pic\":[\"681553750525.jpg\",\"381553752365.jpeg\"]}', '2019-03-28 05:52:45', '2019-03-28 05:52:45'),
(8, 26, 5, '1256', '1', NULL, 'Footwear refers to garments worn on the feet, which originally serves to purpose of protection against adversities of the environment, usually regarding ground textures and temperature. Footwear in the manner of shoes therefore primarily serves the purpos', '{\"pic\":[\"511553684548.jpeg\",\"501553684548.jpg\",\"201553752385.jpg\"]}', '2019-03-28 05:53:05', '2019-03-28 05:53:05'),
(9, 24, 6, '9876543', '1', NULL, 'Footwear refers to garments worn on the feet, which originally serves to purpose of protection against adversities of the environment, usually regarding ground textures and temperature. Footwear in the manner of shoes therefore primarily serves the purpos', NULL, '2019-03-28 06:17:42', '2019-03-28 06:17:42'),
(10, 26, 6, '5423', '1', NULL, 'Footwear refers to garments worn on the feet, which originally serves to purpose of protection against adversities of the environment, usually regarding ground textures and temperature. Footwear in the manner of shoes therefore primarily serves the purpos', '{\"pic\":[\"511553684548.jpeg\",\"501553684548.jpg\",\"771553753910.jpg\"]}', '2019-03-28 06:18:30', '2019-03-28 06:18:30'),
(11, 26, 7, '3434343', '1', NULL, 'Woodland\'s parent company, Aero Group, has been a well known name in the outdoor shoe industry since the early 50s. Founded in Quebec, Canada, it entered the Indian market in 1992. Before that, Aero Group was majorly exporting its leather shoes to USSR. A', NULL, '2019-03-28 06:30:34', '2019-03-28 06:30:34'),
(12, 26, 8, '8765432', '1', NULL, 'Woodland\'s parent company, Aero Group, has been a well known name in the outdoor shoe industry since the early 50s. Founded in Quebec, Canada, it entered the Indian market in 1992. Before that, Aero Group was majorly exporting its leather shoes to USSR. A', '{\"pic\":[\"511553684548.jpeg\",\"501553684548.jpg\",\"be6cbd80b141486a901f0b4ce2bf14c1_778223804.png\"]}', '2019-03-28 06:34:14', '2019-03-28 06:34:14'),
(13, 26, 9, '4', '1', NULL, 'Woodland\'s parent company, Aero Group, has been a well known name in the outdoor shoe industry since the early 50s. Founded in Quebec, Canada, it entered the Indian market in 1992. Before that, Aero Group was majorly exporting its leather shoes to USSR. A', NULL, '2019-03-28 06:39:57', '2019-03-28 06:39:57'),
(14, 24, 11, '5432123', '1', NULL, 'Woodland\'s parent company, Aero Group, has been a well known name in the outdoor shoe industry since the early 50s. Founded in Quebec, Canada, it entered the Indian market in 1992. Before that, Aero Group was majorly exporting its leather shoes to USSR. A', '{\"pic\":[\"681553750525.jpg\",\"251553755841.jpg\"]}', '2019-03-28 06:50:41', '2019-03-28 06:50:42'),
(15, 24, 12, '1212121', '1', NULL, 'Woodland\'s parent company, Aero Group, has been a well known name in the outdoor shoe industry since the early 50s. Founded in Quebec, Canada, it entered the Indian market in 1992. Before that, Aero Group was majorly exporting its leather shoes to USSR. A', NULL, '2019-03-28 06:58:37', '2019-03-28 06:58:37'),
(16, 26, 10, '34', '1', NULL, 'Woodland\'s parent company, Aero Group, has been a well known name in the outdoor shoe industry since the early 50s. Founded in Quebec, Canada, it entered the Indian market in 1992. Before that, Aero Group was majorly exporting its leather shoes to USSR. A', '{\"pic\":[\"511553684548.jpeg\",\"501553684548.jpg\",\"891553756466.jpg\"]}', '2019-03-28 07:01:06', '2019-03-28 07:01:06'),
(17, 26, 13, '4343434', '1', NULL, 'Woodland\'s parent company, Aero Group, has been a well known name in the outdoor shoe industry since the early 50s. Founded in Quebec, Canada, it entered the Indian market in 1992. Before that, Aero Group was majorly exporting its leather shoes to USSR. A', '{\"pic\":[\"511553684548.jpeg\",\"501553684548.jpg\",\"511553757462.jpeg\"]}', '2019-03-28 07:17:41', '2019-03-28 07:17:42'),
(18, 26, 14, '318', '1', NULL, 'Footwear refers to garments worn on the feet, which originally serves to purpose of protection against adversities of the environment, usually regarding ground textures and temperature. Footwear in the manner of shoes therefore primarily serves the purpos', '{\"pic\":[\"191553758800.png\",\"161553758800.jpeg\",\"981553758800.jpeg\",\"691553758800.jpeg\",\"681553758800.jpeg\",\"111553758801.jpeg\",\"841553758801.jpeg\",\"981553758801.jpeg\",\"211553758801.jpeg\",\"271553758801.jpg\",\"351553758801.png\",\"751553758801.jpg\",\"471553758801.jpeg\",\"401553758801.png\",\"781553758801.jpg\",\"551553758801.png\",\"101553758801.jpg\",\"961553758801.png\",\"271553758801.jpg\",\"341553758801.jpg\"]}', '2019-03-28 07:21:02', '2019-03-28 07:40:01'),
(19, 26, 15, '1212121', '1', NULL, 'Footwear refers to garments worn on the feet, which originally serves to purpose of protection against adversities of the environment, usually regarding ground textures and temperature. Footwear in the manner of shoes therefore primarily serves the purpos', '{\"pic\":[\"511553684548.jpeg\",\"501553684548.jpg\",\"0bfe1182dabb4464a6fd977c06f8d32e_1538835945.png\"]}', '2019-03-28 07:23:15', '2019-03-28 07:23:17'),
(20, 24, 17, '3123', '1', NULL, 'Footwear refers to garments worn on the feet, which originally serves to purpose of protection against adversities of the environment, usually regarding ground textures and temperature. Footwear in the manner of shoes therefore primarily serves the purpos', '{\"pic\":[\"931553766939.png\",\"411553766939.jpeg\",\"581553766939.jpeg\",\"351553766939.jpeg\",\"251553766939.jpeg\",\"361553766939.jpeg\",\"311553766939.jpeg\",\"361553766939.jpeg\",\"791553766939.jpeg\",\"701553766939.jpg\",\"501553766939.png\",\"431553766939.jpg\",\"691553766939.jpeg\",\"551553766940.png\",\"391553766940.jpg\",\"0bfe1182dabb4464a6fd977c06f8d32e_178743525.png\"]}', '2019-03-28 09:55:39', '2019-03-28 09:55:40'),
(21, 26, 17, '4324', '1', NULL, 'Footwear refers to garments worn on the feet, which originally serves to purpose of protection against adversities of the environment, usually regarding ground textures and temperature. Footwear in the manner of shoes therefore primarily serves the purpos', NULL, '2019-03-28 09:55:55', '2019-03-28 09:55:55'),
(22, 21, 17, '234567', '1', NULL, 'Footwear refers to garments worn on the feet, which originally serves to purpose of protection against adversities of the environment, usually regarding ground textures and temperature. Footwear in the manner of shoes therefore primarily serves the purpos', '{\"pic\":[\"331553766967.jpg\"]}', '2019-03-28 09:56:07', '2019-03-28 09:56:07'),
(23, 26, 18, '4321', '1', NULL, 'hhhhhhhhhhhhhhhhhhhhhhhhhhhhhhhhhhhhhhhhhhhhhhhhhhhhhhhhhhhhhhhhhhhhhhhhhhhhhhhhhhhhhhhhhhhhhhhhhhhhhhhhhhhhhhhhhhhhhhhhhhhhhhhhhhhhhhhhhhhhhhhhhhhhhhhhhhhhhhhhhhhhhhhhhhhhhhhhhhhhhhhhhhhhhhhhhhhhhhhhhhhhhhhhhhhhhhhhhhhhhhhhhhhhhhhhhhhhhhhhhhhhhhhhhhhhhhh', '{\"pic\":[\"761553768448.png\",\"231553768448.jpeg\",\"791553768448.jpeg\",\"931553768448.jpeg\",\"451553768448.jpeg\",\"441553768448.jpeg\",\"941553768449.jpeg\",\"371553768449.jpeg\"]}', '2019-03-28 10:20:48', '2019-03-28 10:20:49'),
(24, 24, 39, '321', '1', NULL, 'An electrician is a tradesman specializing in electrical wiring of buildings, transmission lines, stationary machines, and related equipment. Electricians may be employed in the installation of new electrical components or the maintenance and repair of ex', '{\"pic\":[\"681554103660.png\",\"731554103660.jpeg\",\"411554103660.jpeg\",\"871554103660.jpeg\",\"801554103661.jpeg\",\"951554103661.jpeg\",\"251554103661.jpeg\",\"141554103661.jpeg\",\"671554103661.jpeg\",\"361554103661.jpg\",\"791554103661.png\",\"791554103661.jpg\",\"811554103661.jpeg\",\"321554103661.png\",\"641554103661.jpg\",\"821554103661.png\",\"761554103661.jpg\",\"301554103661.png\",\"921554103661.jpg\"]}', '2019-04-01 07:27:40', '2019-04-01 07:27:41'),
(25, 21, 39, '4321', '1', NULL, 'An electrician is a tradesman specializing in electrical wiring of buildings, transmission lines, stationary machines, and related equipment. Electricians may be employed in the installation of new electrical components or the maintenance and repair of ex', '{\"pic\":[\"661554103722.png\",\"791554103722.jpeg\",\"261554103722.jpeg\",\"741554103722.jpeg\",\"201554103722.jpeg\",\"711554103722.jpeg\",\"461554103722.jpeg\",\"441554103722.jpeg\",\"331554103722.jpeg\",\"351554103722.jpg\",\"171554103722.png\",\"611554103722.jpg\",\"651554103722.jpeg\",\"681554103722.png\",\"311554103722.jpg\",\"501554103722.png\",\"341554103722.jpg\",\"541554103722.png\"]}', '2019-04-01 07:28:41', '2019-04-01 07:28:42'),
(26, 16, 35, '12', '1', NULL, 'rrrrrrrrrrrrrrrrrrrrrrrrrrrrrrrrrrrrrrrrrrrrrrrrrrrrrrrrrrrrrrrrrrrrrrrrrrrrrrrrrrrrrrrrrrrrrrrrrrrrrrrrrrrrrrrrrrrrrrrrrrrrrrrrrrrrrrrr', NULL, '2019-04-01 07:31:24', '2019-04-01 07:31:24'),
(27, 16, 38, '12', '1', NULL, 'DetailDetailDetailDetailDetailDetailDetailDetailDetailDetailDetailDetailDetailDetailDetail', NULL, '2019-04-03 05:14:05', '2019-04-03 05:14:05'),
(28, 16, 34, '14', '2', NULL, 'fdgDetail fdgDetailfdgDetailfdgDetailfdgDetailfdgDetailfdgDetailfdgDetailfdgDetailfdgDetailfdgDetailfdgDetailfdgDetail', NULL, '2019-04-03 05:49:23', '2019-04-03 05:49:23'),
(29, 16, 33, '11', '1', NULL, 'dgfdgfgdgfdgfgdgfdgfgdgfdgfgdgfdgfgdgfdgfgdgfdgfgdgfdgfgdgfdgfgdgfdgfgdgfdgfgdgfdgfgdgfdgfg', NULL, '2019-04-03 06:13:22', '2019-04-03 06:13:22'),
(30, 31, 42, '3', '1', NULL, 'PLUMBER Quotes : 5347212852441\r\nNEW\r\n03/04/2019\r\nSelect Sector in Mohali ? : Sector 66, Mobile Number: 9876543210\r\nDescribeDescribeDescribeDescribeDescribeDescribeDescribeDescribeDescribeDescribeDescribeDescribeDescription must be betDescription must be b', '{\"pic\":[\"231554297968.png\"]}', '2019-04-03 13:26:08', '2019-04-03 13:26:08'),
(31, 33, 56, '5', '1', NULL, 'Partner App Program is an exclusive service for Samsung Health that allows users to discover engaging health and fitness apps. To enable data exchange between your app and Samsung Health, please apply for the Partner App Program. Approved partner apps are', '{\"pic\":[\"631554357922.png\"]}', '2019-04-04 06:05:22', '2019-04-04 06:05:22'),
(32, 31, 56, '5', '1', NULL, 'Partner App Program is an exclusive service for Samsung Health that allows users to discover engaging health and fitness apps. To enable data exchange between your app and Samsung Health, please apply for the Partner App Program. Approved partner apps are', '{\"pic\":[\"631554357949.jpg\"]}', '2019-04-04 06:05:49', '2019-04-04 06:05:49'),
(33, 34, 56, '6', '1', NULL, 'Partner App Program is an exclusive service for Samsung Health that allows users to discover engaging health and fitness apps. To enable data exchange between your app and Samsung Health, please apply for the Partner App Program. Approved partner apps are', '{\"pic\":[\"651554357964.jpeg\"]}', '2019-04-04 06:06:04', '2019-04-04 06:06:04'),
(34, 31, 57, '6000', '1', NULL, 'Partner App Program is an exclusive service for Samsung Health that allows users to discover engaging health and fitness apps. To enable data exchange between your app and Samsung Health, please apply for the Partner App Program. Approved partner apps are', '{\"pic\":[\"821554361494.jpg\"]}', '2019-04-04 07:04:54', '2019-04-04 07:04:54');

-- --------------------------------------------------------

--
-- Table structure for table `yp_business_user_quote_templates`
--

CREATE TABLE `yp_business_user_quote_templates` (
  `id` int(10) UNSIGNED NOT NULL,
  `business_id` int(10) UNSIGNED NOT NULL,
  `template_title` varchar(255) COLLATE utf8mb4_unicode_ci NOT NULL,
  `template_text` varchar(255) COLLATE utf8mb4_unicode_ci NOT NULL,
  `created_at` timestamp NOT NULL DEFAULT CURRENT_TIMESTAMP,
  `updated_at` timestamp NOT NULL DEFAULT CURRENT_TIMESTAMP ON UPDATE CURRENT_TIMESTAMP
) ENGINE=InnoDB DEFAULT CHARSET=utf8mb4 COLLATE=utf8mb4_unicode_ci;

--
-- Dumping data for table `yp_business_user_quote_templates`
--

INSERT INTO `yp_business_user_quote_templates` (`id`, `business_id`, `template_title`, `template_text`, `created_at`, `updated_at`) VALUES
(1, 26, 'template one', 'this is template text', '2019-03-27 13:06:34', '2019-03-27 13:06:34'),
(2, 26, 'second', 'second template', '2019-03-27 13:11:45', '2019-03-27 13:11:45'),
(3, 26, 'third', 'third template', '2019-03-27 13:14:47', '2019-03-27 13:14:47'),
(4, 26, 'NJ1', 'Sundeep Saradhi Kanthety Sundeep Saradhi KanthetySundeep Saradhi KanthetySundeep Saradhi KanthetySundeep Saradhi KanthetySundeep Saradhi KanthetySundeep Saradhi KanthetySundeep Saradhi KanthetySundeep Saradhi KanthetySundeep Saradhi KanthetySundeep Saradh', '2019-04-01 09:46:34', '2019-04-01 09:46:34'),
(5, 26, 'T5', 'TnthetySundeep Saradhi KanthetySundeep Saradhi KanthetySundeep Saradhi KanthetySundeep Saradhi KanthetySundeep Saradhi KanthetySundeep Saradhi KanthetySundeep Saradhi KanthetySundeep Saradhi KanthetySundeep Saradhi KanthetySundeep Saradhi KanthetySundeep ', '2019-04-01 09:47:26', '2019-04-01 09:47:26'),
(7, 26, 'T', 'TnthetySundeep Saradhi KanthetySundeep Saradhi KanthetySundeep Saradhi KanthetySundeep Saradhi KanthetySundeep Saradhi KanthetySundeep Saradhi KanthetySundeep Saradhi KanthetySundeep Saradhi KanthetySundeep Saradhi KanthetySundeep Saradhi KanthetySundeep ', '2019-04-01 09:48:23', '2019-04-01 09:48:23'),
(8, 26, 'TnthetySundeep Saradhi Ka', 'TnthetySundeep Saradhi KanthetySundeep Saradhi KanthetySundeep Saradhi KanthetySundeep Saradhi KanthetySundeep Saradhi KanthetySundeep Saradhi KanthetySundeep Saradhi KanthetySundeep Saradhi KanthetySundeep Saradhi KanthetySundeep Saradhi KanthetySundeep ', '2019-04-01 09:48:50', '2019-04-01 09:48:50'),
(9, 31, 'Temp1', 'Partner App Program is an exclusive service for Samsung Health that allows users to discover engaging health and fitness apps. To enable data exchange between your app and Samsung Health, please apply for the Partner App Program. Approved partner apps are', '2019-04-04 07:04:37', '2019-04-04 07:04:37');

-- --------------------------------------------------------

--
-- Table structure for table `yp_business_user_transactions`
--

CREATE TABLE `yp_business_user_transactions` (
  `id` int(10) UNSIGNED NOT NULL,
  `trans_id` bigint(20) NOT NULL,
  `response` text COLLATE utf8mb4_unicode_ci NOT NULL,
  `b_id` int(10) UNSIGNED NOT NULL,
  `cat_id` int(10) UNSIGNED NOT NULL,
  `camp_id` int(10) UNSIGNED NOT NULL,
  `click_id` int(10) UNSIGNED DEFAULT NULL,
  `transaction_made_on` date NOT NULL,
  `type` int(11) NOT NULL COMMENT '0=>credit,1=>debit',
  `reason_of_deduction` int(11) NOT NULL COMMENT '1=>quote req with phone,2=>quote req without ph,3=>phone calls,4=>click on top ad,5=>click on products',
  `amount` int(11) NOT NULL,
  `status` int(11) NOT NULL,
  `created_at` timestamp NOT NULL DEFAULT CURRENT_TIMESTAMP,
  `updated_at` timestamp NOT NULL DEFAULT CURRENT_TIMESTAMP ON UPDATE CURRENT_TIMESTAMP
) ENGINE=InnoDB DEFAULT CHARSET=utf8mb4 COLLATE=utf8mb4_unicode_ci;

--
-- Dumping data for table `yp_business_user_transactions`
--

INSERT INTO `yp_business_user_transactions` (`id`, `trans_id`, `response`, `b_id`, `cat_id`, `camp_id`, `click_id`, `transaction_made_on`, `type`, `reason_of_deduction`, `amount`, `status`, `created_at`, `updated_at`) VALUES
(2, 1553768231, '', 21, 0, 0, 0, '2019-03-28', 0, 0, 200, 1, '2019-03-28 10:17:11', '2019-03-28 10:17:11'),
(3, 1553853543, '', 15, 16, 0, 0, '2019-03-29', 1, 1, 10, 1, '2019-03-29 09:59:03', '2019-03-29 11:08:42'),
(4, 1553853544, '', 16, 16, 0, 0, '2019-03-29', 1, 1, 9, 1, '2019-03-29 09:59:04', '2019-03-29 11:08:44'),
(5, 1553853544, '', 21, 16, 0, 0, '2019-03-29', 1, 1, 5, 1, '2019-03-29 09:59:04', '2019-03-29 11:08:48'),
(6, 1553853638, '', 15, 16, 0, 0, '2019-03-29', 1, 2, 8, 1, '2019-03-29 10:00:38', '2019-03-29 11:08:54'),
(7, 1553853638, '', 16, 16, 0, 0, '2019-03-29', 1, 2, 8, 1, '2019-03-29 10:00:38', '2019-03-29 11:08:56'),
(8, 1553853638, '', 21, 16, 0, 0, '2019-03-29', 1, 2, 5, 1, '2019-03-29 10:00:38', '2019-03-29 11:09:00'),
(9, 1553768231, '', 15, 0, 0, 0, '2019-03-28', 0, 0, 200, 1, '2019-03-28 10:17:11', '2019-03-28 10:17:11'),
(10, 1553768231, '', 16, 0, 0, 0, '2019-03-28', 0, 0, 200, 1, '2019-03-28 10:17:11', '2019-03-28 10:17:11'),
(11, 1554098012, '', 15, 16, 0, 0, '2019-04-01', 1, 1, 8, 1, '2019-04-01 05:53:32', '2019-04-01 05:53:32'),
(12, 1554098013, '', 16, 16, 0, 0, '2019-04-01', 1, 1, 8, 1, '2019-04-01 05:53:33', '2019-04-01 05:53:33'),
(13, 1554098013, '', 21, 16, 0, 0, '2019-04-01', 1, 1, 5, 1, '2019-04-01 05:53:33', '2019-04-01 05:53:33'),
(14, 1554098052, '', 15, 16, 0, 0, '2019-04-01', 1, 2, 10, 1, '2019-04-01 05:54:12', '2019-04-01 05:54:12'),
(15, 1554098052, '', 16, 16, 0, 0, '2019-04-01', 1, 2, 9, 1, '2019-04-01 05:54:12', '2019-04-01 05:54:12'),
(16, 1554098052, '', 21, 16, 0, 0, '2019-04-01', 1, 2, 5, 1, '2019-04-01 05:54:12', '2019-04-01 05:54:12'),
(17, 1554098791, '', 15, 16, 0, 0, '2019-04-01', 1, 2, 10, 1, '2019-04-01 06:06:31', '2019-04-01 06:06:31'),
(18, 1554098791, '', 16, 16, 0, 0, '2019-04-01', 1, 2, 9, 1, '2019-04-01 06:06:31', '2019-04-01 06:06:31'),
(19, 1554098791, '', 21, 16, 0, 0, '2019-04-01', 1, 2, 5, 1, '2019-04-01 06:06:31', '2019-04-01 06:06:31'),
(20, 1554103322, '', 15, 12, 0, 0, '2019-04-01', 1, 1, 0, 1, '2019-04-01 07:22:02', '2019-04-01 07:22:02'),
(21, 1554103323, '', 16, 12, 0, 0, '2019-04-01', 1, 1, 0, 1, '2019-04-01 07:22:03', '2019-04-01 07:22:03'),
(22, 1554103323, '', 21, 12, 0, 0, '2019-04-01', 1, 1, 9, 1, '2019-04-01 07:22:03', '2019-04-01 07:22:03'),
(23, 1554282234, '', 16, 16, 0, 0, '2019-04-03', 1, 1, 8, 1, '2019-04-03 09:03:54', '2019-04-03 09:03:54'),
(24, 1554282235, '', 21, 16, 0, 0, '2019-04-03', 1, 1, 5, 1, '2019-04-03 09:03:55', '2019-04-03 09:03:55'),
(25, 1554282235, '', 15, 16, 0, 0, '2019-04-03', 1, 1, 8, 1, '2019-04-03 09:03:55', '2019-04-03 09:03:55'),
(26, 1554285051, '', 26, 0, 0, 0, '2019-04-03', 0, 0, 0, 1, '2019-04-03 09:50:51', '2019-04-03 09:50:51'),
(27, 1554297692, '', 31, 0, 0, 0, '2019-04-03', 0, 0, 200, 1, '2019-04-03 13:21:32', '2019-04-03 13:21:32'),
(28, 1554298144, '', 31, 0, 0, 0, '2019-04-03', 0, 0, 200, 1, '2019-04-03 13:29:04', '2019-04-03 13:29:04'),
(29, 1554298281, '', 31, 0, 0, 0, '2019-04-03', 0, 0, 200, 1, '2019-04-03 13:31:21', '2019-04-03 13:31:21'),
(30, 1554301585, '', 31, 29, 0, 0, '2019-04-03', 1, 1, 25, 1, '2019-04-03 14:26:25', '2019-04-03 14:26:25'),
(31, 1554301713, '', 31, 29, 0, 0, '2019-04-03', 1, 2, 10, 1, '2019-04-03 14:28:33', '2019-04-03 14:28:33'),
(32, 1554356751, '', 33, 0, 0, 0, '2019-04-04', 0, 0, 1000, 1, '2019-04-04 05:45:51', '2019-04-04 05:45:51'),
(33, 1554357070, '', 31, 29, 0, 0, '2019-04-04', 1, 2, 10, 1, '2019-04-04 05:51:10', '2019-04-04 05:51:10'),
(34, 1554357070, '', 33, 29, 0, 0, '2019-04-04', 1, 2, 10, 1, '2019-04-04 05:51:11', '2019-04-04 05:51:11'),
(35, 1554357441, '', 31, 29, 0, 0, '2019-04-04', 1, 1, 25, 1, '2019-04-04 05:57:21', '2019-04-04 05:57:21'),
(36, 1554357441, '', 33, 29, 0, 0, '2019-04-04', 1, 1, 25, 1, '2019-04-04 05:57:21', '2019-04-04 05:57:21'),
(37, 1554357723, '', 34, 0, 0, 0, '2019-04-04', 0, 0, 1000, 1, '2019-04-04 06:02:03', '2019-04-04 06:02:03'),
(38, 1554357807, '', 31, 29, 0, 0, '2019-04-04', 1, 1, 25, 1, '2019-04-04 06:03:27', '2019-04-04 06:03:27'),
(39, 1554357807, '', 33, 29, 0, 0, '2019-04-04', 1, 1, 25, 1, '2019-04-04 06:03:27', '2019-04-04 06:03:27'),
(40, 1554357807, '', 34, 29, 0, 0, '2019-04-04', 1, 1, 50, 1, '2019-04-04 06:03:27', '2019-04-04 06:03:27'),
(41, 1554361357, '', 31, 35, 0, 0, '2019-04-04', 1, 2, 0, 1, '2019-04-04 07:02:37', '2019-04-04 07:02:37'),
(42, 1554362146, '', 31, 0, 0, 0, '2019-04-04', 0, 0, 2000, 1, '2019-04-04 07:15:46', '2019-04-04 07:15:46'),
(43, 1554362741, '', 31, 0, 0, 0, '2019-04-04', 0, 0, 2000, 1, '2019-04-04 07:25:41', '2019-04-04 07:25:41'),
(44, 1554362809, '', 34, 35, 0, 0, '2019-04-04', 1, 1, 0, 1, '2019-04-04 07:26:49', '2019-04-04 07:26:49'),
(45, 1554362809, '', 33, 35, 0, 0, '2019-04-04', 1, 1, 0, 1, '2019-04-04 07:26:49', '2019-04-04 07:26:49'),
(46, 1554362864, '', 33, 35, 0, 0, '2019-04-04', 1, 1, 0, 1, '2019-04-04 07:27:44', '2019-04-04 07:27:44'),
(47, 1554362865, '', 34, 35, 0, 0, '2019-04-04', 1, 1, 0, 1, '2019-04-04 07:27:45', '2019-04-04 07:27:45'),
(48, 1554363057, '', 31, 35, 0, 0, '2019-04-04', 1, 1, 60, 1, '2019-04-04 07:30:57', '2019-04-04 07:30:57'),
(49, 1554370964, '', 31, 35, 0, 0, '2019-04-04', 1, 1, 60, 1, '2019-04-04 09:42:44', '2019-04-04 09:42:44'),
(50, 1554370964, '', 16, 35, 0, 0, '2019-04-04', 1, 1, 30, 1, '2019-04-04 09:42:44', '2019-04-04 09:42:44'),
(51, 1554370964, '', 15, 35, 0, 0, '2019-04-04', 1, 1, 30, 1, '2019-04-04 09:42:44', '2019-04-04 09:42:44'),
(52, 1554370964, '', 16, 35, 0, 0, '2019-04-04', 1, 1, 30, 1, '2019-04-04 09:42:44', '2019-04-04 09:42:44'),
(53, 1554370964, '', 31, 35, 0, 0, '2019-04-04', 1, 1, 60, 1, '2019-04-04 09:42:44', '2019-04-04 09:42:44'),
(54, 1554371337, '', 31, 35, 0, 0, '2019-04-04', 1, 1, 60, 1, '2019-04-04 09:48:57', '2019-04-04 09:48:57'),
(55, 1554371337, '', 16, 35, 0, 0, '2019-04-04', 1, 1, 30, 1, '2019-04-04 09:48:57', '2019-04-04 09:48:57'),
(56, 1554371338, '', 15, 35, 0, 0, '2019-04-04', 1, 1, 30, 1, '2019-04-04 09:48:58', '2019-04-04 09:48:58'),
(57, 1554371338, '', 16, 35, 0, 0, '2019-04-04', 1, 1, 30, 1, '2019-04-04 09:48:58', '2019-04-04 09:48:58'),
(58, 1554371338, '', 15, 35, 0, 0, '2019-04-04', 1, 1, 30, 1, '2019-04-04 09:48:58', '2019-04-04 09:48:58'),
(59, 1554371388, '', 31, 35, 0, 0, '2019-04-04', 1, 1, 60, 1, '2019-04-04 09:49:48', '2019-04-04 09:49:48'),
(60, 1554371388, '', 15, 35, 0, 0, '2019-04-04', 1, 1, 30, 1, '2019-04-04 09:49:48', '2019-04-04 09:49:48'),
(61, 1554371389, '', 31, 35, 0, 0, '2019-04-04', 1, 1, 60, 1, '2019-04-04 09:49:49', '2019-04-04 09:49:49'),
(62, 1554371614, '', 31, 35, 0, 0, '2019-04-04', 1, 1, 60, 1, '2019-04-04 09:53:34', '2019-04-04 09:53:34'),
(63, 1554371614, '', 31, 35, 0, 0, '2019-04-04', 1, 1, 60, 1, '2019-04-04 09:53:34', '2019-04-04 09:53:34'),
(64, 1554371893, '', 31, 35, 0, 0, '2019-04-04', 1, 1, 60, 1, '2019-04-04 09:58:13', '2019-04-04 09:58:13'),
(65, 1554371893, '', 31, 35, 0, 0, '2019-04-04', 1, 1, 60, 1, '2019-04-04 09:58:13', '2019-04-04 09:58:13'),
(66, 1554372087, '', 31, 35, 0, 0, '2019-04-04', 1, 1, 60, 1, '2019-04-04 10:01:27', '2019-04-04 10:01:27'),
(67, 1554380569, '', 35, 0, 0, 0, '2019-04-04', 0, 0, 3000, 1, '2019-04-04 12:22:49', '2019-04-04 12:22:49'),
(68, 1554380594, '', 36, 0, 0, 0, '2019-04-04', 0, 0, 3000, 1, '2019-04-04 12:23:14', '2019-04-04 12:23:14'),
(69, 1554380649, '', 37, 0, 0, 0, '2019-04-04', 0, 0, 3000, 1, '2019-04-04 12:24:09', '2019-04-04 12:24:09'),
(70, 1554380721, '', 31, 35, 0, 0, '2019-04-04', 1, 1, 60, 1, '2019-04-04 12:25:21', '2019-04-04 12:25:21'),
(71, 1554380721, '', 35, 35, 0, 0, '2019-04-04', 1, 1, 60, 1, '2019-04-04 12:25:21', '2019-04-04 12:25:21'),
(72, 1554380721, '', 36, 35, 0, 0, '2019-04-04', 1, 1, 60, 1, '2019-04-04 12:25:21', '2019-04-04 12:25:21'),
(73, 1554380721, '', 37, 35, 0, 0, '2019-04-04', 1, 1, 60, 1, '2019-04-04 12:25:21', '2019-04-04 12:25:21'),
(74, 1554381539, '', 36, 37, 0, 0, '2019-04-04', 1, 2, 300, 1, '2019-04-04 12:38:59', '2019-04-04 12:38:59'),
(75, 1554381539, '', 34, 37, 0, 0, '2019-04-04', 1, 2, 0, 1, '2019-04-04 12:38:59', '2019-04-04 12:38:59'),
(76, 1554381738, '', 35, 37, 0, 0, '2019-04-04', 1, 2, 300, 1, '2019-04-04 12:42:18', '2019-04-04 12:42:18'),
(77, 1554381738, '', 31, 37, 0, 0, '2019-04-04', 1, 2, 300, 1, '2019-04-04 12:42:18', '2019-04-04 12:42:18'),
(78, 1554381738, '', 37, 37, 0, 0, '2019-04-04', 1, 2, 300, 1, '2019-04-04 12:42:18', '2019-04-04 12:42:18'),
(79, 1554381912, '', 36, 35, 0, 0, '2019-04-04', 1, 2, 100, 1, '2019-04-04 12:45:12', '2019-04-04 12:45:12'),
(80, 1554381912, '', 35, 35, 0, 0, '2019-04-04', 1, 2, 100, 1, '2019-04-04 12:45:12', '2019-04-04 12:45:12'),
(81, 1554381912, '', 31, 35, 0, 0, '2019-04-04', 1, 2, 100, 1, '2019-04-04 12:45:12', '2019-04-04 12:45:12'),
(82, 1554381913, '', 37, 35, 0, 0, '2019-04-04', 1, 2, 100, 1, '2019-04-04 12:45:13', '2019-04-04 12:45:13'),
(83, 1554383767, '', 39, 0, 0, 0, '2019-04-04', 0, 0, 3000, 1, '2019-04-04 13:16:07', '2019-04-04 13:16:07'),
(84, 1554384130, '', 38, 0, 0, 0, '2019-04-04', 0, 0, 3000, 1, '2019-04-04 13:22:10', '2019-04-04 13:22:10'),
(85, 1554384187, '', 36, 35, 0, 0, '2019-04-04', 1, 1, 60, 1, '2019-04-04 13:23:07', '2019-04-04 13:23:07'),
(86, 1554384187, '', 35, 35, 0, 0, '2019-04-04', 1, 1, 60, 1, '2019-04-04 13:23:07', '2019-04-04 13:23:07'),
(87, 1554384187, '', 31, 35, 0, 0, '2019-04-04', 1, 1, 60, 1, '2019-04-04 13:23:07', '2019-04-04 13:23:07'),
(88, 1554384187, '', 38, 35, 0, 0, '2019-04-04', 1, 1, 60, 1, '2019-04-04 13:23:07', '2019-04-04 13:23:07'),
(89, 1554384187, '', 39, 35, 0, 0, '2019-04-04', 1, 1, 60, 1, '2019-04-04 13:23:07', '2019-04-04 13:23:07'),
(90, 1554384552, '', 36, 35, 0, 0, '2019-04-04', 1, 1, 60, 1, '2019-04-04 13:29:12', '2019-04-04 13:29:12'),
(91, 1554384552, '', 31, 35, 0, 0, '2019-04-04', 1, 1, 60, 1, '2019-04-04 13:29:12', '2019-04-04 13:29:12'),
(92, 1554384552, '', 35, 35, 0, 0, '2019-04-04', 1, 1, 60, 1, '2019-04-04 13:29:12', '2019-04-04 13:29:12'),
(93, 1554384552, '', 37, 35, 0, 0, '2019-04-04', 1, 1, 60, 1, '2019-04-04 13:29:12', '2019-04-04 13:29:12'),
(94, 1554384552, '', 38, 35, 0, 0, '2019-04-04', 1, 1, 60, 1, '2019-04-04 13:29:12', '2019-04-04 13:29:12'),
(95, 1554384579, '', 31, 35, 0, 0, '2019-04-04', 1, 1, 60, 1, '2019-04-04 13:29:39', '2019-04-04 13:29:39'),
(96, 1554384579, '', 35, 35, 0, 0, '2019-04-04', 1, 1, 60, 1, '2019-04-04 13:29:39', '2019-04-04 13:29:39'),
(97, 1554384579, '', 36, 35, 0, 0, '2019-04-04', 1, 1, 60, 1, '2019-04-04 13:29:39', '2019-04-04 13:29:39'),
(98, 1554384579, '', 38, 35, 0, 0, '2019-04-04', 1, 1, 60, 1, '2019-04-04 13:29:39', '2019-04-04 13:29:39'),
(99, 1554384579, '', 37, 35, 0, 0, '2019-04-04', 1, 1, 60, 1, '2019-04-04 13:29:39', '2019-04-04 13:29:39'),
(107, 1554718388, '', 16, 0, 0, NULL, '2019-04-08', 0, 0, 100, 1, '2019-04-08 10:13:08', '2019-04-08 10:13:08'),
(109, 1554804564, '', 16, 12, 12, 5, '2019-04-09', 1, 4, 4, 1, '2019-04-09 10:09:25', '2019-04-09 10:11:12'),
(110, 1554804565, '', 16, 12, 12, 6, '2019-04-09', 1, 4, 4, 1, '2019-04-09 10:09:25', '2019-04-09 10:11:09'),
(111, 1554804566, '', 16, 12, 12, 7, '2019-04-09', 1, 4, 4, 1, '2019-04-09 10:09:26', '2019-04-09 10:11:06'),
(112, 1554804566, '', 16, 12, 12, 8, '2019-04-09', 1, 4, 4, 1, '2019-04-09 10:09:26', '2019-04-09 10:11:04'),
(113, 1554804631, '', 16, 12, 12, 9, '2019-04-09', 1, 4, 4, 1, '2019-04-09 10:10:31', '2019-04-09 10:10:31'),
(114, 1554804632, '', 16, 12, 12, 10, '2019-04-09', 1, 4, 4, 1, '2019-04-09 10:10:32', '2019-04-09 10:10:32'),
(115, 1554812199, '', 21, 0, 0, NULL, '2019-04-09', 0, 0, 1800, 1, '2019-04-09 12:16:39', '2019-04-09 12:16:39'),
(116, 1554814579, '', 21, 14, 18, 11, '2019-04-09', 1, 4, 100, 1, '2019-04-09 12:56:19', '2019-04-09 12:56:19'),
(117, 1554814579, '', 21, 14, 18, 12, '2019-04-09', 1, 4, 100, 1, '2019-04-09 12:56:19', '2019-04-09 12:56:19'),
(118, 1554816011, '', 21, 35, 22, 13, '2019-04-09', 1, 4, 10, 1, '2019-04-09 13:20:11', '2019-04-09 13:20:11'),
(119, 1554816011, '', 21, 35, 22, 14, '2019-04-09', 1, 4, 10, 1, '2019-04-09 13:20:11', '2019-04-09 13:20:11'),
(120, 1554818057, '', 26, 0, 0, NULL, '2019-04-09', 0, 0, 2000, 1, '2019-04-09 13:54:17', '2019-04-09 13:54:17'),
(121, 1554818821, '', 26, 35, 25, 15, '2019-04-09', 1, 4, 50, 1, '2019-04-09 14:07:01', '2019-04-09 14:07:01'),
(122, 1554818822, '', 26, 35, 25, 16, '2019-04-09', 1, 4, 50, 1, '2019-04-09 14:07:02', '2019-04-09 14:07:02'),
(123, 1554818824, '', 26, 35, 25, 17, '2019-04-09', 1, 4, 50, 1, '2019-04-09 14:07:04', '2019-04-09 14:07:04'),
(124, 1554818825, '', 26, 35, 25, 18, '2019-04-09', 1, 4, 50, 1, '2019-04-09 14:07:05', '2019-04-09 14:07:05'),
(125, 1554818854, '', 26, 35, 25, 19, '2019-04-09', 1, 4, 50, 1, '2019-04-09 14:07:34', '2019-04-09 14:07:34'),
(126, 1554818896, '', 26, 35, 25, 20, '2019-04-09', 1, 4, 50, 1, '2019-04-09 14:08:16', '2019-04-09 14:08:16'),
(127, 1554819239, '', 26, 14, 28, 21, '2019-04-09', 1, 4, 15, 1, '2019-04-09 14:13:59', '2019-04-09 14:13:59'),
(128, 1554819242, '', 26, 16, 28, 22, '2019-04-09', 1, 4, 15, 1, '2019-04-09 14:14:02', '2019-04-09 14:14:02'),
(129, 1554819379, '', 26, 16, 28, 23, '2019-04-09', 1, 4, 15, 1, '2019-04-09 14:16:19', '2019-04-09 14:16:19'),
(130, 1554819379, '', 26, 16, 28, 24, '2019-04-09', 1, 4, 15, 1, '2019-04-09 14:16:19', '2019-04-09 14:16:19'),
(131, 1554819380, '', 26, 16, 28, 25, '2019-04-09', 1, 4, 15, 1, '2019-04-09 14:16:20', '2019-04-09 14:16:20'),
(132, 1554819380, '', 26, 16, 28, 26, '2019-04-09', 1, 4, 15, 1, '2019-04-09 14:16:20', '2019-04-09 14:16:20'),
(133, 1554819381, '', 26, 16, 28, 27, '2019-04-09', 1, 4, 15, 1, '2019-04-09 14:16:21', '2019-04-09 14:16:21'),
(134, 1554819381, '', 26, 16, 28, 28, '2019-04-09', 1, 4, 15, 1, '2019-04-09 14:16:21', '2019-04-09 14:16:21'),
(135, 1554819381, '', 26, 16, 28, 29, '2019-04-09', 1, 4, 15, 1, '2019-04-09 14:16:21', '2019-04-09 14:16:21'),
(136, 1554819439, '', 26, 14, 28, 30, '2019-04-09', 1, 4, 15, 1, '2019-04-09 14:17:19', '2019-04-09 14:17:19'),
(137, 1554819439, '', 26, 14, 28, 31, '2019-04-09', 1, 4, 15, 1, '2019-04-09 14:17:19', '2019-04-09 14:17:19'),
(138, 1554819440, '', 26, 14, 28, 32, '2019-04-09', 1, 4, 15, 1, '2019-04-09 14:17:20', '2019-04-09 14:17:20'),
(139, 1554819440, '', 26, 14, 28, 33, '2019-04-09', 1, 4, 15, 1, '2019-04-09 14:17:20', '2019-04-09 14:17:20'),
(140, 1554819551, '', 26, 14, 28, 34, '2019-04-09', 1, 4, 15, 1, '2019-04-09 14:19:11', '2019-04-09 14:19:11'),
(141, 1554819581, '', 26, 14, 28, 35, '2019-04-09', 1, 4, 15, 1, '2019-04-09 14:19:41', '2019-04-09 14:19:41'),
(142, 1554871188, '', 21, 12, 20, 36, '2019-04-10', 1, 4, 50, 1, '2019-04-10 04:39:48', '2019-04-10 04:39:48'),
(143, 1554871188, '', 21, 12, 20, 37, '2019-04-10', 1, 4, 50, 1, '2019-04-10 04:39:48', '2019-04-10 04:39:48'),
(144, 1554872210, '', 26, 14, 28, 38, '2019-04-10', 1, 4, 15, 1, '2019-04-10 04:56:50', '2019-04-10 04:56:50'),
(145, 1554872210, '', 26, 14, 28, 39, '2019-04-10', 1, 4, 15, 1, '2019-04-10 04:56:50', '2019-04-10 04:56:50'),
(146, 1554872211, '', 26, 14, 28, 40, '2019-04-10', 1, 4, 15, 1, '2019-04-10 04:56:51', '2019-04-10 04:56:51'),
(147, 1554872211, '', 26, 14, 28, 41, '2019-04-10', 1, 4, 15, 1, '2019-04-10 04:56:51', '2019-04-10 04:56:51'),
(148, 1554872211, '', 26, 14, 28, 42, '2019-04-10', 1, 4, 15, 1, '2019-04-10 04:56:51', '2019-04-10 04:56:51'),
(149, 1554872211, '', 26, 14, 28, 43, '2019-04-10', 1, 4, 15, 1, '2019-04-10 04:56:51', '2019-04-10 04:56:51'),
(150, 1554872236, '', 26, 14, 28, 44, '2019-04-10', 1, 4, 15, 1, '2019-04-10 04:57:16', '2019-04-10 04:57:16'),
(151, 1554872236, '', 26, 14, 28, 45, '2019-04-10', 1, 4, 15, 1, '2019-04-10 04:57:16', '2019-04-10 04:57:16'),
(152, 1554882108, '', 26, 14, 24, 46, '2019-04-10', 1, 4, 10, 1, '2019-04-10 07:41:48', '2019-04-10 07:41:48'),
(153, 1554882125, '', 21, 14, 18, 47, '2019-04-10', 1, 4, 100, 1, '2019-04-10 07:42:05', '2019-04-10 07:42:05'),
(154, 1554882579, '', 21, 16, 23, 48, '2019-04-10', 1, 4, 10, 1, '2019-04-10 07:49:39', '2019-04-10 07:49:39'),
(155, 1554882585, '', 21, 16, 23, 49, '2019-04-10', 1, 4, 10, 1, '2019-04-10 07:49:45', '2019-04-10 07:49:45'),
(156, 1554882611, '', 21, 16, 23, 50, '2019-04-10', 1, 4, 10, 1, '2019-04-10 07:50:11', '2019-04-10 07:50:11'),
(157, 1554882614, '', 21, 16, 23, 51, '2019-04-10', 1, 4, 10, 1, '2019-04-10 07:50:14', '2019-04-10 07:50:14'),
(158, 1554882713, '', 22, 0, 0, NULL, '2019-04-10', 0, 0, 2000, 1, '2019-04-10 07:51:53', '2019-04-10 07:51:53'),
(159, 1554883931, '', 22, 12, 33, 52, '2019-04-10', 1, 4, 10, 1, '2019-04-10 08:12:11', '2019-04-10 08:12:11'),
(160, 1554899810, '', 28, 0, 0, NULL, '2019-04-10', 0, 0, 2000, 1, '2019-04-10 12:36:50', '2019-04-10 12:36:50'),
(161, 1554900993, '', 21, 16, 23, 53, '2019-04-10', 1, 4, 10, 1, '2019-04-10 12:56:33', '2019-04-10 12:56:33'),
(162, 1554903200, '', 21, 16, 23, 54, '2019-04-10', 1, 4, 10, 1, '2019-04-10 13:33:20', '2019-04-10 13:33:20'),
(166, 1554963974, '', 24, 0, 0, NULL, '2019-04-11', 0, 0, 3000, 1, '2019-04-11 06:26:14', '2019-04-11 06:26:14'),
(167, 1554964480, '', 22, 12, 33, 55, '2019-04-11', 1, 4, 10, 1, '2019-04-11 06:34:40', '2019-04-11 06:34:40'),
(168, 1554964485, '', 22, 12, 33, 56, '2019-04-11', 1, 4, 10, 1, '2019-04-11 06:34:45', '2019-04-11 06:34:45'),
(169, 1554965374, '', 22, 12, 33, 57, '2019-04-11', 1, 4, 10, 1, '2019-04-11 06:49:34', '2019-04-11 06:49:34'),
(170, 1554966942, '', 26, 35, 25, 58, '2019-04-11', 1, 4, 50, 1, '2019-04-11 07:15:42', '2019-04-11 07:15:42'),
(171, 1554967294, '', 21, 12, 37, 59, '2019-04-11', 1, 4, 300, 1, '2019-04-11 07:21:34', '2019-04-11 07:21:34'),
(172, 1554967325, '', 21, 12, 37, 60, '2019-04-11', 1, 4, 300, 1, '2019-04-11 07:22:05', '2019-04-11 07:22:05'),
(173, 1554967465, '', 21, 12, 37, 61, '2019-04-11', 1, 4, 300, 1, '2019-04-11 07:24:25', '2019-04-11 07:24:25'),
(174, 1554967465, '', 21, 12, 37, 62, '2019-04-11', 1, 4, 300, 1, '2019-04-11 07:24:25', '2019-04-11 07:24:25'),
(175, 1554967850, '', 21, 12, 38, 63, '2019-04-11', 1, 4, 50, 1, '2019-04-11 07:30:50', '2019-04-11 07:30:50'),
(176, 1554967852, '', 21, 16, 38, 64, '2019-04-11', 1, 4, 50, 1, '2019-04-11 07:30:52', '2019-04-11 07:30:52'),
(177, 1554967914, '', 21, 12, 38, 65, '2019-04-11', 1, 4, 50, 1, '2019-04-11 07:31:54', '2019-04-11 07:31:54'),
(178, 1554967918, '', 21, 16, 38, 66, '2019-04-11', 1, 4, 50, 1, '2019-04-11 07:31:58', '2019-04-11 07:31:58'),
(179, 1554967957, '', 21, 12, 38, 67, '2019-04-11', 1, 4, 50, 1, '2019-04-11 07:32:37', '2019-04-11 07:32:37'),
(180, 1554967991, '', 21, 12, 38, 68, '2019-04-11', 1, 4, 50, 1, '2019-04-11 07:33:11', '2019-04-11 07:33:11'),
(181, 1554968025, '', 21, 12, 38, 69, '2019-04-11', 1, 4, 50, 1, '2019-04-11 07:33:45', '2019-04-11 07:33:45'),
(182, 1554968184, '', 21, 0, 0, NULL, '2019-04-11', 0, 0, 2000, 1, '2019-04-11 07:36:24', '2019-04-11 07:36:24'),
(183, 1554968226, '', 21, 12, 39, 70, '2019-04-11', 1, 4, 50, 1, '2019-04-11 07:37:06', '2019-04-11 07:37:06'),
(184, 1554968256, '', 21, 12, 39, 71, '2019-04-11', 1, 4, 50, 1, '2019-04-11 07:37:36', '2019-04-11 07:37:36'),
(185, 1554968279, '', 21, 12, 39, 72, '2019-04-11', 1, 4, 50, 1, '2019-04-11 07:37:59', '2019-04-11 07:37:59'),
(186, 1554968291, '', 21, 12, 39, 73, '2019-04-11', 1, 4, 50, 1, '2019-04-11 07:38:11', '2019-04-11 07:38:11'),
(187, 1554968320, '', 21, 12, 39, 74, '2019-04-11', 1, 4, 50, 1, '2019-04-11 07:38:40', '2019-04-11 07:38:40'),
(188, 1554968798, '', 21, 12, 38, 75, '2019-04-11', 1, 4, 50, 1, '2019-04-11 07:46:38', '2019-04-11 07:46:38'),
(189, 1554969615, '', 21, 16, 39, 76, '2019-04-11', 1, 4, 50, 1, '2019-04-11 08:00:15', '2019-04-11 08:00:15'),
(190, 1554969630, '', 21, 16, 39, 77, '2019-04-11', 1, 4, 50, 1, '2019-04-11 08:00:30', '2019-04-11 08:00:30'),
(191, 1554969635, '', 21, 12, 38, 78, '2019-04-11', 1, 4, 50, 1, '2019-04-11 08:00:35', '2019-04-11 08:00:35'),
(192, 1554969639, '', 21, 12, 38, 79, '2019-04-11', 1, 4, 50, 1, '2019-04-11 08:00:39', '2019-04-11 08:00:39'),
(193, 1554969642, '', 21, 12, 38, 80, '2019-04-11', 1, 4, 50, 1, '2019-04-11 08:00:42', '2019-04-11 08:00:42'),
(194, 1554969669, '', 21, 16, 39, 81, '2019-04-11', 1, 4, 50, 1, '2019-04-11 08:01:09', '2019-04-11 08:01:09'),
(195, 1554969683, '', 21, 12, 39, 82, '2019-04-11', 1, 4, 50, 1, '2019-04-11 08:01:23', '2019-04-11 08:01:23'),
(196, 1554970223, '', 21, 16, 41, 83, '2019-04-11', 1, 4, 100, 1, '2019-04-11 08:10:23', '2019-04-11 08:10:23'),
(197, 1554970263, '', 21, 16, 43, 84, '2019-04-11', 1, 4, 100, 1, '2019-04-11 08:11:03', '2019-04-11 08:11:03'),
(198, 1554973670, '', 21, 16, 41, 85, '2019-04-11', 1, 4, 100, 1, '2019-04-11 09:07:50', '2019-04-11 09:07:50'),
(199, 1554973691, '', 21, 16, 41, 86, '2019-04-11', 1, 4, 100, 1, '2019-04-11 09:08:11', '2019-04-11 09:08:11'),
(200, 1554975002, '', 21, 0, 0, NULL, '2019-04-11', 0, 0, 1019, 1, '2019-04-11 09:30:02', '2019-04-11 09:30:02'),
(201, 1554975052, '', 22, 0, 0, NULL, '2019-04-11', 0, 0, 40, 1, '2019-04-11 09:30:52', '2019-04-11 09:30:52'),
(202, 1554976248, '', 24, 13, 47, 87, '2019-04-11', 1, 4, 30, 1, '2019-04-11 09:50:48', '2019-04-11 09:50:48'),
(203, 1554976277, '', 21, 13, 44, 88, '2019-04-11', 1, 4, 10, 1, '2019-04-11 09:51:17', '2019-04-11 09:51:17'),
(204, 1554976341, '', 21, 13, 44, 89, '2019-04-11', 1, 4, 10, 1, '2019-04-11 09:52:21', '2019-04-11 09:52:21'),
(205, 1554976345, '', 24, 13, 47, 90, '2019-04-11', 1, 4, 30, 1, '2019-04-11 09:52:25', '2019-04-11 09:52:25'),
(206, 1554983624, '', 21, 16, 44, 91, '2019-04-11', 1, 4, 10, 1, '2019-04-11 11:53:44', '2019-04-11 11:53:44'),
(207, 1554983981, '', 21, 16, 44, 92, '2019-04-11', 1, 4, 10, 1, '2019-04-11 11:59:41', '2019-04-11 11:59:41'),
(208, 1554984023, '', 21, 16, 44, 93, '2019-04-11', 1, 4, 10, 1, '2019-04-11 12:00:23', '2019-04-11 12:00:23'),
(209, 1554984134, '', 21, 16, 44, 94, '2019-04-11', 1, 4, 10, 1, '2019-04-11 12:02:14', '2019-04-11 12:02:14'),
(210, 1554984269, '', 21, 16, 44, 95, '2019-04-11', 1, 4, 10, 1, '2019-04-11 12:04:29', '2019-04-11 12:04:29'),
(211, 1554987080, '', 21, 16, 44, 96, '2019-04-11', 1, 4, 10, 1, '2019-04-11 12:51:20', '2019-04-11 12:51:20'),
(212, 1554987117, '', 21, 16, 44, 97, '2019-04-11', 1, 4, 10, 1, '2019-04-11 12:51:57', '2019-04-11 12:51:57'),
(213, 1554987148, '', 21, 16, 44, 98, '2019-04-11', 1, 4, 10, 1, '2019-04-11 12:52:28', '2019-04-11 12:52:28'),
(214, 1554987163, '', 21, 16, 44, 99, '2019-04-11', 1, 4, 10, 1, '2019-04-11 12:52:43', '2019-04-11 12:52:43'),
(215, 1554987282, '', 21, 16, 44, 100, '2019-04-11', 1, 4, 10, 1, '2019-04-11 12:54:42', '2019-04-11 12:54:42'),
(216, 1554987315, '', 21, 16, 44, 101, '2019-04-11', 1, 4, 10, 1, '2019-04-11 12:55:15', '2019-04-11 12:55:15'),
(217, 1554987440, '', 21, 16, 44, 102, '2019-04-11', 1, 4, 10, 1, '2019-04-11 12:57:20', '2019-04-11 12:57:20'),
(218, 1554987450, '', 21, 16, 44, 103, '2019-04-11', 1, 4, 10, 1, '2019-04-11 12:57:30', '2019-04-11 12:57:30'),
(219, 1554987456, '', 21, 16, 44, 104, '2019-04-11', 1, 4, 10, 1, '2019-04-11 12:57:36', '2019-04-11 12:57:36'),
(220, 1554987466, '', 21, 16, 44, 105, '2019-04-11', 1, 4, 10, 1, '2019-04-11 12:57:46', '2019-04-11 12:57:46'),
(221, 1554987476, '', 21, 16, 44, 106, '2019-04-11', 1, 4, 10, 1, '2019-04-11 12:57:56', '2019-04-11 12:57:56'),
(222, 1554987482, '', 21, 16, 44, 107, '2019-04-11', 1, 4, 10, 1, '2019-04-11 12:58:02', '2019-04-11 12:58:02'),
(223, 1554987491, '', 21, 16, 44, 108, '2019-04-11', 1, 4, 10, 1, '2019-04-11 12:58:11', '2019-04-11 12:58:11'),
(224, 1554987933, '', 28, 16, 36, 109, '2019-04-11', 1, 4, 60, 1, '2019-04-11 13:05:33', '2019-04-11 13:05:33'),
(225, 1554987940, '', 28, 16, 36, 110, '2019-04-11', 1, 4, 60, 1, '2019-04-11 13:05:40', '2019-04-11 13:05:40'),
(226, 1554987951, '', 28, 16, 36, 111, '2019-04-11', 1, 4, 60, 1, '2019-04-11 13:05:51', '2019-04-11 13:05:51'),
(227, 1554992174, '', 22, 12, 50, 112, '2019-04-11', 1, 4, 50, 1, '2019-04-11 14:16:14', '2019-04-11 14:16:14'),
(228, 1554992227, '', 22, 12, 50, 113, '2019-04-11', 1, 4, 50, 1, '2019-04-11 14:17:07', '2019-04-11 14:17:07'),
(229, 1554992255, '', 22, 12, 50, 114, '2019-04-11', 1, 4, 50, 1, '2019-04-11 14:17:35', '2019-04-11 14:17:35'),
(230, 1554992268, '', 22, 12, 50, 115, '2019-04-11', 1, 4, 50, 1, '2019-04-11 14:17:48', '2019-04-11 14:17:48'),
(231, 1554992303, '', 24, 12, 51, 116, '2019-04-11', 1, 4, 54, 1, '2019-04-11 14:18:23', '2019-04-11 14:18:23'),
(232, 1554992341, '', 24, 12, 51, 117, '2019-04-11', 1, 4, 54, 1, '2019-04-11 14:19:01', '2019-04-11 14:19:01'),
(233, 1554992351, '', 24, 12, 51, 118, '2019-04-11', 1, 4, 54, 1, '2019-04-11 14:19:11', '2019-04-11 14:19:11'),
(234, 1554992365, '', 24, 12, 51, 119, '2019-04-11', 1, 4, 54, 1, '2019-04-11 14:19:25', '2019-04-11 14:19:25'),
(235, 1554992835, '', 24, 12, 53, 120, '2019-04-11', 1, 4, 60, 1, '2019-04-11 14:27:15', '2019-04-11 14:27:15'),
(236, 1554992858, '', 24, 12, 53, 121, '2019-04-11', 1, 4, 60, 1, '2019-04-11 14:27:38', '2019-04-11 14:27:38'),
(237, 1554992871, '', 24, 12, 53, 122, '2019-04-11', 1, 4, 60, 1, '2019-04-11 14:27:51', '2019-04-11 14:27:51'),
(238, 1554993183, '', 24, 12, 52, 123, '2019-04-11', 1, 4, 50, 1, '2019-04-11 14:33:03', '2019-04-11 14:33:03'),
(239, 1554993211, '', 24, 12, 52, 124, '2019-04-11', 1, 4, 50, 1, '2019-04-11 14:33:31', '2019-04-11 14:33:31'),
(240, 1554993224, '', 24, 12, 52, 125, '2019-04-11', 1, 4, 50, 1, '2019-04-11 14:33:44', '2019-04-11 14:33:44'),
(241, 1554993241, '', 24, 12, 52, 126, '2019-04-11', 1, 4, 50, 1, '2019-04-11 14:34:01', '2019-04-11 14:34:01'),
(242, 1555045955, '', 22, 12, 50, 127, '2019-04-12', 1, 4, 50, 1, '2019-04-12 05:12:35', '2019-04-12 05:12:35'),
(243, 1555051402, '', 40, 0, 0, NULL, '2019-04-12', 0, 0, 2000, 1, '2019-04-12 06:43:22', '2019-04-12 06:43:22'),
(244, 1555068782, '', 41, 0, 0, NULL, '2019-04-12', 0, 0, 2000, 1, '2019-04-12 11:33:02', '2019-04-12 11:33:02'),
(245, 1555069017, '', 41, 9, 56, 128, '2019-04-12', 1, 4, 50, 1, '2019-04-12 11:36:57', '2019-04-12 11:36:57'),
(246, 1555069059, '', 41, 9, 56, 129, '2019-04-12', 1, 4, 50, 1, '2019-04-12 11:37:39', '2019-04-12 11:37:39'),
(247, 1555069087, '', 21, 12, 44, 130, '2019-04-12', 1, 4, 10, 1, '2019-04-12 11:38:07', '2019-04-12 11:38:07'),
(248, 1555069102, '', 22, 12, 50, 131, '2019-04-12', 1, 4, 50, 1, '2019-04-12 11:38:22', '2019-04-12 11:38:22'),
(249, 1555340182, '', 42, 0, 0, NULL, '2019-04-15', 0, 0, 30, 1, '2019-04-15 14:56:22', '2019-04-15 14:56:22'),
(250, 1555342940, '', 42, 35, 57, 132, '2019-04-15', 1, 4, 2, 1, '2019-04-15 15:42:20', '2019-04-15 15:42:20'),
(251, 1555347228, '', 42, 35, 57, 133, '2019-04-15', 1, 4, 2, 1, '2019-04-15 16:53:48', '2019-04-15 16:53:48'),
(252, 1555347252, '', 42, 35, 57, 134, '2019-04-15', 1, 4, 2, 1, '2019-04-15 16:54:12', '2019-04-15 16:54:12'),
(253, 1555347253, '', 42, 35, 57, 135, '2019-04-15', 1, 4, 2, 1, '2019-04-15 16:54:13', '2019-04-15 16:54:13'),
(254, 1555347253, '', 42, 35, 57, 136, '2019-04-15', 1, 4, 2, 1, '2019-04-15 16:54:13', '2019-04-15 16:54:13'),
(255, 1555347253, '', 42, 35, 57, 137, '2019-04-15', 1, 4, 2, 1, '2019-04-15 16:54:13', '2019-04-15 16:54:13'),
(256, 1555347253, '', 42, 35, 57, 138, '2019-04-15', 1, 4, 2, 1, '2019-04-15 16:54:13', '2019-04-15 16:54:13'),
(257, 1555347253, '', 42, 35, 57, 139, '2019-04-15', 1, 4, 2, 1, '2019-04-15 16:54:13', '2019-04-15 16:54:13'),
(258, 1555347897, '', 42, 0, 0, NULL, '2019-04-15', 0, 0, 470, 1, '2019-04-15 17:04:57', '2019-04-15 17:04:57'),
(259, 1555348052, '', 42, 34, 58, 140, '2019-04-15', 1, 4, 50, 1, '2019-04-15 17:07:32', '2019-04-15 17:07:32'),
(260, 1555413721, '', 25, 0, 0, NULL, '2019-04-16', 0, 0, 2000, 1, '2019-04-16 11:22:01', '2019-04-16 11:22:01'),
(261, 1555414399, '', 26, 16, 60, 141, '2019-04-16', 1, 4, 2, 1, '2019-04-16 11:33:19', '2019-04-16 11:33:19'),
(262, 1555414479, '', 26, 16, 60, 142, '2019-04-16', 1, 4, 2, 1, '2019-04-16 11:34:39', '2019-04-16 11:34:39'),
(263, 1555414581, '', 26, 16, 60, 143, '2019-04-16', 1, 4, 2, 1, '2019-04-16 11:36:21', '2019-04-16 11:36:21'),
(264, 1555414631, '', 26, 16, 60, 144, '2019-04-16', 1, 4, 2, 1, '2019-04-16 11:37:11', '2019-04-16 11:37:11'),
(265, 1555414756, '', 26, 16, 60, 145, '2019-04-16', 1, 4, 2, 1, '2019-04-16 11:39:16', '2019-04-16 11:39:16'),
(266, 1555414823, '', 26, 16, 60, 146, '2019-04-16', 1, 4, 2, 1, '2019-04-16 11:40:23', '2019-04-16 11:40:23'),
(267, 1555414933, '', 26, 16, 60, 147, '2019-04-16', 1, 4, 2, 1, '2019-04-16 11:42:13', '2019-04-16 11:42:13'),
(268, 1555414969, '', 26, 16, 60, 148, '2019-04-16', 1, 4, 2, 1, '2019-04-16 11:42:49', '2019-04-16 11:42:49'),
(269, 1555414995, '', 26, 16, 60, 149, '2019-04-16', 1, 4, 2, 1, '2019-04-16 11:43:15', '2019-04-16 11:43:15'),
(270, 1555415003, '', 26, 16, 60, 150, '2019-04-16', 1, 4, 2, 1, '2019-04-16 11:43:23', '2019-04-16 11:43:23'),
(271, 1555415010, '', 26, 16, 60, 151, '2019-04-16', 1, 4, 2, 1, '2019-04-16 11:43:30', '2019-04-16 11:43:30'),
(272, 1555415081, '', 26, 16, 60, 152, '2019-04-16', 1, 4, 2, 1, '2019-04-16 11:44:41', '2019-04-16 11:44:41'),
(273, 1555415095, '', 26, 16, 60, 153, '2019-04-16', 1, 4, 2, 1, '2019-04-16 11:44:55', '2019-04-16 11:44:55'),
(274, 1555415103, '', 26, 16, 60, 154, '2019-04-16', 1, 4, 2, 1, '2019-04-16 11:45:03', '2019-04-16 11:45:03'),
(275, 1555415121, '', 26, 16, 60, 155, '2019-04-16', 1, 4, 2, 1, '2019-04-16 11:45:21', '2019-04-16 11:45:21'),
(276, 1555415134, '', 26, 16, 60, 156, '2019-04-16', 1, 4, 2, 1, '2019-04-16 11:45:34', '2019-04-16 11:45:34'),
(277, 1555415143, '', 26, 16, 60, 157, '2019-04-16', 1, 4, 2, 1, '2019-04-16 11:45:43', '2019-04-16 11:45:43'),
(278, 1555415156, '', 26, 16, 60, 158, '2019-04-16', 1, 4, 2, 1, '2019-04-16 11:45:56', '2019-04-16 11:45:56'),
(279, 1555415206, '', 26, 16, 60, 159, '2019-04-16', 1, 4, 2, 1, '2019-04-16 11:46:46', '2019-04-16 11:46:46'),
(280, 1555415222, '', 26, 16, 60, 160, '2019-04-16', 1, 4, 2, 1, '2019-04-16 11:47:02', '2019-04-16 11:47:02'),
(287, 1555416079, '', 25, 16, 59, 167, '2019-04-16', 1, 4, 2, 1, '2019-04-16 12:01:19', '2019-04-16 12:01:19'),
(288, 1555416088, '', 25, 16, 59, 168, '2019-04-16', 1, 4, 2, 1, '2019-04-16 12:01:28', '2019-04-16 12:01:28'),
(289, 1555416099, '', 25, 16, 59, 169, '2019-04-16', 1, 4, 2, 1, '2019-04-16 12:01:39', '2019-04-16 12:01:39'),
(290, 1555416128, '', 25, 16, 59, 170, '2019-04-16', 1, 4, 2, 1, '2019-04-16 12:02:08', '2019-04-16 12:02:08'),
(291, 1555416149, '', 25, 16, 59, 171, '2019-04-16', 1, 4, 2, 1, '2019-04-16 12:02:29', '2019-04-16 12:02:29'),
(292, 1555416264, '', 25, 16, 61, 172, '2019-04-16', 1, 4, 1, 1, '2019-04-16 12:04:24', '2019-04-16 12:04:24'),
(293, 1555416553, '', 26, 16, 60, 173, '2019-04-16', 1, 4, 2, 1, '2019-04-16 12:09:13', '2019-04-16 12:09:13'),
(294, 1555416571, '', 26, 16, 60, 174, '2019-04-16', 1, 4, 2, 1, '2019-04-16 12:09:31', '2019-04-16 12:09:31'),
(295, 1555416590, '', 26, 16, 60, 175, '2019-04-16', 1, 4, 2, 1, '2019-04-16 12:09:50', '2019-04-16 12:09:50'),
(296, 1555417267, '', 25, 16, 61, 176, '2019-04-16', 1, 4, 1, 1, '2019-04-16 12:21:07', '2019-04-16 12:21:07'),
(297, 1555417668, '', 25, 16, 59, 177, '2019-04-16', 1, 4, 2, 1, '2019-04-16 12:27:48', '2019-04-16 12:27:48'),
(298, 1555417677, '', 25, 16, 59, 178, '2019-04-16', 1, 4, 2, 1, '2019-04-16 12:27:57', '2019-04-16 12:27:57'),
(299, 1555417695, '', 25, 16, 59, 179, '2019-04-16', 1, 4, 2, 1, '2019-04-16 12:28:15', '2019-04-16 12:28:15'),
(300, 1555417708, '', 25, 16, 59, 180, '2019-04-16', 1, 4, 2, 1, '2019-04-16 12:28:28', '2019-04-16 12:28:28'),
(301, 1555417728, '', 25, 16, 59, 181, '2019-04-16', 1, 4, 2, 1, '2019-04-16 12:28:48', '2019-04-16 12:28:48'),
(302, 1555417749, '', 25, 16, 61, 182, '2019-04-16', 1, 4, 1, 1, '2019-04-16 12:29:09', '2019-04-16 12:29:09'),
(303, 1555417790, '', 25, 16, 61, 183, '2019-04-16', 1, 4, 1, 1, '2019-04-16 12:29:50', '2019-04-16 12:29:50'),
(304, 1555418309, '', 25, 16, 61, 184, '2019-04-16', 1, 4, 1, 1, '2019-04-16 12:38:29', '2019-04-16 12:38:29'),
(305, 1555418336, '', 25, 16, 61, 185, '2019-04-16', 1, 4, 1, 1, '2019-04-16 12:38:56', '2019-04-16 12:38:56'),
(306, 1555418346, '', 25, 16, 61, 186, '2019-04-16', 1, 4, 1, 1, '2019-04-16 12:39:06', '2019-04-16 12:39:06'),
(310, 1555420993, '', 25, 16, 61, 190, '2019-04-16', 1, 4, 1, 1, '2019-04-16 13:23:13', '2019-04-16 13:23:13'),
(311, 1555421014, '', 25, 16, 61, 191, '2019-04-16', 1, 4, 1, 1, '2019-04-16 13:23:34', '2019-04-16 13:23:34'),
(312, 1555421032, '', 25, 16, 61, 192, '2019-04-16', 1, 4, 1, 1, '2019-04-16 13:23:52', '2019-04-16 13:23:52'),
(313, 1555484908, '', 21, 0, 0, NULL, '2019-04-17', 0, 0, 4000, 1, '2019-04-17 07:08:28', '2019-04-17 07:08:28'),
(314, 1555484937, '', 21, 0, 0, NULL, '2019-04-17', 0, 0, 29, 1, '2019-04-17 07:08:57', '2019-04-17 07:08:57'),
(315, 1555484968, '', 24, 0, 0, NULL, '2019-04-17', 0, 0, 766, 1, '2019-04-17 07:09:28', '2019-04-17 07:09:28'),
(316, 1555485547, '', 21, 16, 63, 193, '2019-04-17', 1, 4, 100, 1, '2019-04-17 07:19:07', '2019-04-17 07:19:07'),
(317, 1555485598, '', 21, 16, 63, 194, '2019-04-17', 1, 4, 100, 1, '2019-04-17 07:19:58', '2019-04-17 07:19:58'),
(318, 1555485639, '', 21, 16, 63, 195, '2019-04-17', 1, 4, 100, 1, '2019-04-17 07:20:39', '2019-04-17 07:20:39'),
(319, 1555485701, '', 26, 16, 60, 196, '2019-04-17', 1, 4, 2, 1, '2019-04-17 07:21:41', '2019-04-17 07:21:41'),
(320, 1555485703, '', 26, 16, 60, 197, '2019-04-17', 1, 4, 2, 1, '2019-04-17 07:21:43', '2019-04-17 07:21:43'),
(321, 1555485755, '', 26, 16, 60, 198, '2019-04-17', 1, 4, 2, 1, '2019-04-17 07:22:35', '2019-04-17 07:22:35'),
(322, 1555485796, '', 26, 16, 60, 199, '2019-04-17', 1, 4, 2, 1, '2019-04-17 07:23:16', '2019-04-17 07:23:16'),
(323, 1555485843, '', 26, 16, 60, 200, '2019-04-17', 1, 4, 2, 1, '2019-04-17 07:24:03', '2019-04-17 07:24:03'),
(324, 1555485887, '', 26, 16, 60, 201, '2019-04-17', 1, 4, 2, 1, '2019-04-17 07:24:47', '2019-04-17 07:24:47'),
(325, 1555485900, '', 26, 16, 60, 202, '2019-04-17', 1, 4, 2, 1, '2019-04-17 07:25:00', '2019-04-17 07:25:00'),
(326, 1555486074, '', 26, 16, 60, 203, '2019-04-17', 1, 4, 2, 1, '2019-04-17 07:27:54', '2019-04-17 07:27:54'),
(327, 1555486855, '', 21, 14, 62, 204, '2019-04-17', 1, 4, 1, 1, '2019-04-17 07:40:55', '2019-04-17 07:40:55'),
(328, 1555487602, '', 21, 14, 62, 205, '2019-04-17', 1, 4, 1, 1, '2019-04-17 07:53:22', '2019-04-17 07:53:22'),
(329, 1555487612, '', 21, 14, 62, 206, '2019-04-17', 1, 4, 1, 1, '2019-04-17 07:53:32', '2019-04-17 07:53:32'),
(330, 1555487621, '', 21, 14, 62, 207, '2019-04-17', 1, 4, 1, 1, '2019-04-17 07:53:41', '2019-04-17 07:53:41'),
(331, 1555487654, '', 21, 14, 62, 208, '2019-04-17', 1, 4, 1, 1, '2019-04-17 07:54:14', '2019-04-17 07:54:14'),
(332, 1555487762, '', 21, 14, 62, 209, '2019-04-17', 1, 4, 1, 1, '2019-04-17 07:56:02', '2019-04-17 07:56:02'),
(333, 1555492984, '', 25, 16, 59, 210, '2019-04-17', 1, 4, 2, 1, '2019-04-17 09:23:04', '2019-04-17 09:23:04'),
(334, 1555493021, '', 21, 0, 0, NULL, '2019-04-17', 0, 0, 3694, 1, '2019-04-17 09:23:41', '2019-04-17 09:23:41'),
(335, 1555493264, '', 21, 0, 0, NULL, '2019-04-17', 0, 0, 396, 1, '2019-04-17 09:27:44', '2019-04-17 09:27:44'),
(336, 1555493295, '', 21, 0, 0, NULL, '2019-04-17', 0, 0, 360, 1, '2019-04-17 09:28:15', '2019-04-17 09:28:15'),
(337, 1555493508, '', 21, 0, 0, NULL, '2019-04-17', 0, 0, 98, 1, '2019-04-17 09:31:48', '2019-04-17 09:31:48'),
(338, 1555493879, '', 21, 0, 0, NULL, '2019-04-17', 0, 0, 100, 1, '2019-04-17 09:37:59', '2019-04-17 09:37:59'),
(339, 1555494474, '', 21, 0, 0, NULL, '2019-04-17', 0, 0, 2000, 1, '2019-04-17 09:47:54', '2019-04-17 09:47:54'),
(340, 1555494492, '', 21, 0, 0, NULL, '2019-04-17', 0, 0, 4000, 1, '2019-04-17 09:48:12', '2019-04-17 09:48:12'),
(341, 1555494550, '', 21, 0, 0, NULL, '2019-04-17', 0, 0, 400, 1, '2019-04-17 09:49:10', '2019-04-17 09:49:10'),
(342, 1555495413, '', 21, 0, 0, NULL, '2019-04-17', 0, 0, 400, 1, '2019-04-17 10:03:33', '2019-04-17 10:03:33'),
(343, 1555495458, '', 21, 0, 0, NULL, '2019-04-17', 0, 0, 4000, 1, '2019-04-17 10:04:18', '2019-04-17 10:04:18'),
(344, 1555589693, '', 21, 16, 63, 211, '2019-04-18', 1, 4, 100, 1, '2019-04-18 12:14:53', '2019-04-18 12:14:53'),
(345, 1555589766, '', 21, 16, 63, 212, '2019-04-18', 1, 4, 100, 1, '2019-04-18 12:16:06', '2019-04-18 12:16:06'),
(346, 1555589908, '', 21, 16, 63, 213, '2019-04-18', 1, 4, 100, 1, '2019-04-18 12:18:28', '2019-04-18 12:18:28'),
(347, 1555589982, '', 21, 16, 64, 214, '2019-04-18', 1, 4, 1, 1, '2019-04-18 12:19:42', '2019-04-18 12:19:42'),
(348, 1555589997, '', 21, 16, 64, 215, '2019-04-18', 1, 4, 1, 1, '2019-04-18 12:19:57', '2019-04-18 12:19:57'),
(349, 1555667191, '', 35, 35, 0, NULL, '2019-04-19', 1, 2, 100, 1, '2019-04-19 09:46:31', '2019-04-19 09:46:31'),
(350, 1555667191, '', 31, 35, 0, NULL, '2019-04-19', 1, 2, 100, 1, '2019-04-19 09:46:31', '2019-04-19 09:46:31'),
(351, 1555667191, '', 40, 35, 0, NULL, '2019-04-19', 1, 2, 100, 1, '2019-04-19 09:46:31', '2019-04-19 09:46:31'),
(352, 1555667191, '', 16, 35, 0, NULL, '2019-04-19', 1, 2, 9, 1, '2019-04-19 09:46:31', '2019-04-19 09:46:31'),
(353, 1555667191, '', 21, 35, 0, NULL, '2019-04-19', 1, 2, 10, 1, '2019-04-19 09:46:31', '2019-04-19 09:46:31'),
(354, 1555669895, '', 36, 33, 69, 216, '2019-04-19', 1, 4, 1, 1, '2019-04-19 10:31:35', '2019-04-19 10:31:35'),
(355, 1555670034, '', 36, 33, 69, 217, '2019-04-19', 1, 4, 1, 1, '2019-04-19 10:33:54', '2019-04-19 10:33:54'),
(356, 1555670127, '', 36, 33, 69, 218, '2019-04-19', 1, 4, 1, 1, '2019-04-19 10:35:27', '2019-04-19 10:35:27'),
(357, 1555670164, '', 39, 33, 70, 219, '2019-04-19', 1, 4, 1, 1, '2019-04-19 10:36:04', '2019-04-19 10:36:04'),
(358, 1555672838, '', 36, 33, 69, 220, '2019-04-19', 1, 4, 1, 1, '2019-04-19 11:20:38', '2019-04-19 11:20:38'),
(359, 1555672840, '', 36, 33, 69, 221, '2019-04-19', 1, 4, 1, 1, '2019-04-19 11:20:40', '2019-04-19 11:20:40'),
(360, 1555672844, '', 36, 33, 69, 222, '2019-04-19', 1, 4, 1, 1, '2019-04-19 11:20:44', '2019-04-19 11:20:44'),
(361, 1555672872, '', 36, 33, 69, 223, '2019-04-19', 1, 4, 1, 1, '2019-04-19 11:21:12', '2019-04-19 11:21:12'),
(362, 1555672875, '', 36, 33, 69, 224, '2019-04-19', 1, 4, 1, 1, '2019-04-19 11:21:15', '2019-04-19 11:21:15'),
(363, 1555672877, '', 36, 33, 69, 225, '2019-04-19', 1, 4, 1, 1, '2019-04-19 11:21:17', '2019-04-19 11:21:17'),
(364, 1555672881, '', 36, 33, 69, 226, '2019-04-19', 1, 4, 1, 1, '2019-04-19 11:21:21', '2019-04-19 11:21:21'),
(365, 1555672943, '', 36, 33, 68, 227, '2019-04-19', 1, 4, 1, 1, '2019-04-19 11:22:23', '2019-04-19 11:22:23'),
(366, 1555674559, '', 36, 34, 75, 228, '2019-04-19', 1, 4, 1, 1, '2019-04-19 11:49:19', '2019-04-19 11:49:19'),
(367, 1555674561, '', 36, 35, 75, 229, '2019-04-19', 1, 4, 1, 1, '2019-04-19 11:49:21', '2019-04-19 11:49:21'),
(368, 1555674563, '', 36, 36, 75, 230, '2019-04-19', 1, 4, 1, 1, '2019-04-19 11:49:23', '2019-04-19 11:49:23'),
(369, 1555674565, '', 36, 37, 75, 231, '2019-04-19', 1, 4, 1, 1, '2019-04-19 11:49:25', '2019-04-19 11:49:25'),
(370, 1555674569, '', 36, 33, 75, 232, '2019-04-19', 1, 4, 1, 1, '2019-04-19 11:49:29', '2019-04-19 11:49:29'),
(371, 1555674607, '', 36, 34, 75, 233, '2019-04-19', 1, 4, 1, 1, '2019-04-19 11:50:07', '2019-04-19 11:50:07'),
(372, 1555674608, '', 36, 35, 75, 234, '2019-04-19', 1, 4, 1, 1, '2019-04-19 11:50:08', '2019-04-19 11:50:08'),
(373, 1555674610, '', 36, 36, 75, 235, '2019-04-19', 1, 4, 1, 1, '2019-04-19 11:50:10', '2019-04-19 11:50:10'),
(374, 1555674611, '', 36, 37, 75, 236, '2019-04-19', 1, 4, 1, 1, '2019-04-19 11:50:11', '2019-04-19 11:50:11'),
(375, 1555674612, '', 36, 33, 75, 237, '2019-04-19', 1, 4, 1, 1, '2019-04-19 11:50:12', '2019-04-19 11:50:12'),
(376, 1555674669, '', 36, 34, 75, 238, '2019-04-19', 1, 4, 1, 1, '2019-04-19 11:51:09', '2019-04-19 11:51:09'),
(377, 1555674671, '', 36, 35, 75, 239, '2019-04-19', 1, 4, 1, 1, '2019-04-19 11:51:11', '2019-04-19 11:51:11'),
(378, 1555674673, '', 36, 36, 75, 240, '2019-04-19', 1, 4, 1, 1, '2019-04-19 11:51:13', '2019-04-19 11:51:13'),
(379, 1555674674, '', 36, 37, 75, 241, '2019-04-19', 1, 4, 1, 1, '2019-04-19 11:51:14', '2019-04-19 11:51:14'),
(380, 1555674676, '', 36, 33, 75, 242, '2019-04-19', 1, 4, 1, 1, '2019-04-19 11:51:16', '2019-04-19 11:51:16'),
(381, 1555674680, '', 36, 34, 75, 243, '2019-04-19', 1, 4, 1, 1, '2019-04-19 11:51:20', '2019-04-19 11:51:20'),
(382, 1555674925, '', 35, 34, 74, 244, '2019-04-19', 1, 4, 1, 1, '2019-04-19 11:55:25', '2019-04-19 11:55:25'),
(383, 1555674927, '', 35, 35, 74, 245, '2019-04-19', 1, 4, 1, 1, '2019-04-19 11:55:27', '2019-04-19 11:55:27'),
(384, 1555674928, '', 35, 36, 74, 246, '2019-04-19', 1, 4, 1, 1, '2019-04-19 11:55:28', '2019-04-19 11:55:28'),
(385, 1555674930, '', 35, 37, 74, 247, '2019-04-19', 1, 4, 1, 1, '2019-04-19 11:55:30', '2019-04-19 11:55:30'),
(386, 1555674933, '', 35, 33, 74, 248, '2019-04-19', 1, 4, 1, 1, '2019-04-19 11:55:33', '2019-04-19 11:55:33'),
(387, 1555675183, '', 35, 33, 74, 249, '2019-04-19', 1, 4, 1, 1, '2019-04-19 11:59:43', '2019-04-19 11:59:43'),
(388, 1555675187, '', 35, 34, 74, 250, '2019-04-19', 1, 4, 1, 1, '2019-04-19 11:59:47', '2019-04-19 11:59:47'),
(389, 1555675191, '', 35, 35, 74, 251, '2019-04-19', 1, 4, 1, 1, '2019-04-19 11:59:51', '2019-04-19 11:59:51'),
(390, 1555675194, '', 35, 36, 74, 252, '2019-04-19', 1, 4, 1, 1, '2019-04-19 11:59:54', '2019-04-19 11:59:54'),
(391, 1555675197, '', 35, 37, 74, 253, '2019-04-19', 1, 4, 1, 1, '2019-04-19 11:59:57', '2019-04-19 11:59:57'),
(392, 1555675240, '', 35, 33, 74, 254, '2019-04-19', 1, 4, 1, 1, '2019-04-19 12:00:40', '2019-04-19 12:00:40'),
(393, 1555675243, '', 35, 34, 74, 255, '2019-04-19', 1, 4, 1, 1, '2019-04-19 12:00:43', '2019-04-19 12:00:43'),
(394, 1555675246, '', 35, 35, 74, 256, '2019-04-19', 1, 4, 1, 1, '2019-04-19 12:00:46', '2019-04-19 12:00:46'),
(395, 1555675248, '', 35, 36, 74, 257, '2019-04-19', 1, 4, 1, 1, '2019-04-19 12:00:48', '2019-04-19 12:00:48'),
(396, 1555675251, '', 35, 37, 74, 258, '2019-04-19', 1, 4, 1, 1, '2019-04-19 12:00:51', '2019-04-19 12:00:51'),
(397, 1555676930, '', 39, 33, 72, 259, '2019-04-19', 1, 4, 1, 1, '2019-04-19 12:28:50', '2019-04-19 12:28:50'),
(398, 1555676932, '', 35, 34, 76, 260, '2019-04-19', 1, 4, 1, 1, '2019-04-19 12:28:52', '2019-04-19 12:28:52'),
(399, 1555676934, '', 39, 35, 72, 261, '2019-04-19', 1, 4, 1, 1, '2019-04-19 12:28:54', '2019-04-19 12:28:54'),
(400, 1555676936, '', 39, 36, 72, 262, '2019-04-19', 1, 4, 1, 1, '2019-04-19 12:28:56', '2019-04-19 12:28:56'),
(401, 1555676938, '', 35, 37, 76, 263, '2019-04-19', 1, 4, 1, 1, '2019-04-19 12:28:58', '2019-04-19 12:28:58'),
(402, 1555676981, '', 35, 33, 76, 264, '2019-04-19', 1, 4, 1, 1, '2019-04-19 12:29:41', '2019-04-19 12:29:41'),
(403, 1555677007, '', 35, 34, 76, 265, '2019-04-19', 1, 4, 1, 1, '2019-04-19 12:30:07', '2019-04-19 12:30:07'),
(404, 1555677018, '', 35, 35, 76, 266, '2019-04-19', 1, 4, 1, 1, '2019-04-19 12:30:18', '2019-04-19 12:30:18'),
(405, 1555677025, '', 35, 36, 76, 267, '2019-04-19', 1, 4, 1, 1, '2019-04-19 12:30:25', '2019-04-19 12:30:25'),
(406, 1555677040, '', 35, 37, 76, 268, '2019-04-19', 1, 4, 1, 1, '2019-04-19 12:30:40', '2019-04-19 12:30:40'),
(407, 1555677065, '', 35, 33, 76, 269, '2019-04-19', 1, 4, 1, 1, '2019-04-19 12:31:05', '2019-04-19 12:31:05'),
(408, 1555677068, '', 35, 34, 76, 270, '2019-04-19', 1, 4, 1, 1, '2019-04-19 12:31:08', '2019-04-19 12:31:08'),
(409, 1555677075, '', 35, 35, 76, 271, '2019-04-19', 1, 4, 1, 1, '2019-04-19 12:31:15', '2019-04-19 12:31:15'),
(410, 1555677077, '', 35, 36, 76, 272, '2019-04-19', 1, 4, 1, 1, '2019-04-19 12:31:17', '2019-04-19 12:31:17'),
(411, 1555677080, '', 35, 37, 76, 273, '2019-04-19', 1, 4, 1, 1, '2019-04-19 12:31:20', '2019-04-19 12:31:20'),
(412, 1555677157, '', 35, 37, 76, 274, '2019-04-19', 1, 4, 1, 1, '2019-04-19 12:32:37', '2019-04-19 12:32:37'),
(413, 1555677679, '', 35, 36, 76, 275, '2019-04-19', 1, 4, 1, 1, '2019-04-19 12:41:19', '2019-04-19 12:41:19'),
(414, 1555677685, '', 35, 33, 76, 276, '2019-04-19', 1, 4, 1, 1, '2019-04-19 12:41:25', '2019-04-19 12:41:25'),
(415, 1555677692, '', 35, 33, 76, 277, '2019-04-19', 1, 4, 1, 1, '2019-04-19 12:41:32', '2019-04-19 12:41:32'),
(416, 1555678144, '', 35, 37, 76, 278, '2019-04-19', 1, 4, 1, 1, '2019-04-19 12:49:04', '2019-04-19 12:49:04'),
(417, 1555678147, '', 35, 35, 76, 279, '2019-04-19', 1, 4, 1, 1, '2019-04-19 12:49:07', '2019-04-19 12:49:07'),
(418, 1555678150, '', 35, 34, 76, 280, '2019-04-19', 1, 4, 1, 1, '2019-04-19 12:49:10', '2019-04-19 12:49:10'),
(419, 1555678152, '', 35, 33, 76, 281, '2019-04-19', 1, 4, 1, 1, '2019-04-19 12:49:12', '2019-04-19 12:49:12'),
(420, 1555678178, '', 35, 37, 76, 282, '2019-04-19', 1, 4, 1, 1, '2019-04-19 12:49:38', '2019-04-19 12:49:38'),
(421, 1555854516, '', 42, 35, 58, 283, '2019-04-21', 1, 4, 50, 1, '2019-04-21 13:48:36', '2019-04-21 13:48:36'),
(422, 1555916058, '', 25, 16, 0, NULL, '2019-04-22', 1, 1, 5, 1, '2019-04-22 06:54:18', '2019-04-22 06:54:18'),
(423, 1555916058, '', 28, 16, 0, NULL, '2019-04-22', 1, 1, 5, 1, '2019-04-22 06:54:18', '2019-04-22 06:54:18'),
(424, 1555916058, '', 24, 16, 0, NULL, '2019-04-22', 1, 1, 5, 1, '2019-04-22 06:54:18', '2019-04-22 06:54:18'),
(425, 1555916058, '', 26, 16, 0, NULL, '2019-04-22', 1, 1, 5, 1, '2019-04-22 06:54:18', '2019-04-22 06:54:18'),
(426, 1555916058, '', 21, 16, 0, NULL, '2019-04-22', 1, 1, 5, 1, '2019-04-22 06:54:18', '2019-04-22 06:54:18'),
(427, 1555916466, '', 25, 16, 0, NULL, '2019-04-22', 1, 2, 5, 1, '2019-04-22 07:01:06', '2019-04-22 07:01:06'),
(428, 1555916466, '', 21, 16, 0, NULL, '2019-04-22', 1, 2, 5, 1, '2019-04-22 07:01:06', '2019-04-22 07:01:06'),
(429, 1555916466, '', 24, 16, 0, NULL, '2019-04-22', 1, 2, 5, 1, '2019-04-22 07:01:06', '2019-04-22 07:01:06'),
(430, 1555916467, '', 26, 16, 0, NULL, '2019-04-22', 1, 2, 5, 1, '2019-04-22 07:01:07', '2019-04-22 07:01:07'),
(431, 1555916467, '', 28, 16, 0, NULL, '2019-04-22', 1, 2, 5, 1, '2019-04-22 07:01:07', '2019-04-22 07:01:07'),
(432, 1555916531, '', 25, 16, 0, NULL, '2019-04-22', 1, 1, 5, 1, '2019-04-22 07:02:11', '2019-04-22 07:02:11'),
(433, 1555916531, '', 26, 16, 0, NULL, '2019-04-22', 1, 1, 5, 1, '2019-04-22 07:02:11', '2019-04-22 07:02:11'),
(434, 1555916531, '', 24, 16, 0, NULL, '2019-04-22', 1, 1, 5, 1, '2019-04-22 07:02:11', '2019-04-22 07:02:11'),
(435, 1555916531, '', 28, 16, 0, NULL, '2019-04-22', 1, 1, 5, 1, '2019-04-22 07:02:11', '2019-04-22 07:02:11'),
(436, 1555916531, '', 21, 16, 0, NULL, '2019-04-22', 1, 1, 5, 1, '2019-04-22 07:02:11', '2019-04-22 07:02:11'),
(437, 1555917018, '', 25, 16, 0, NULL, '2019-04-22', 1, 1, 5, 1, '2019-04-22 07:10:18', '2019-04-22 07:10:18'),
(438, 1555917018, '', 28, 16, 0, NULL, '2019-04-22', 1, 1, 5, 1, '2019-04-22 07:10:18', '2019-04-22 07:10:18'),
(439, 1555917018, '', 24, 16, 0, NULL, '2019-04-22', 1, 1, 5, 1, '2019-04-22 07:10:18', '2019-04-22 07:10:18'),
(440, 1555917019, '', 21, 16, 0, NULL, '2019-04-22', 1, 1, 5, 1, '2019-04-22 07:10:19', '2019-04-22 07:10:19'),
(441, 1555917019, '', 26, 16, 0, NULL, '2019-04-22', 1, 1, 5, 1, '2019-04-22 07:10:19', '2019-04-22 07:10:19'),
(442, 1555917050, '', 25, 16, 0, NULL, '2019-04-22', 1, 2, 5, 1, '2019-04-22 07:10:50', '2019-04-22 07:10:50'),
(443, 1555917050, '', 21, 16, 0, NULL, '2019-04-22', 1, 2, 5, 1, '2019-04-22 07:10:50', '2019-04-22 07:10:50'),
(444, 1555917050, '', 28, 16, 0, NULL, '2019-04-22', 1, 2, 5, 1, '2019-04-22 07:10:50', '2019-04-22 07:10:50'),
(445, 1555917050, '', 26, 16, 0, NULL, '2019-04-22', 1, 2, 5, 1, '2019-04-22 07:10:50', '2019-04-22 07:10:50'),
(446, 1555917050, '', 24, 16, 0, NULL, '2019-04-22', 1, 2, 5, 1, '2019-04-22 07:10:50', '2019-04-22 07:10:50'),
(447, 1555929927, '', 35, 36, 76, 284, '2019-04-22', 1, 4, 1, 1, '2019-04-22 10:45:27', '2019-04-22 10:45:27'),
(448, 1555930054, '', 35, 36, 76, 285, '2019-04-22', 1, 4, 1, 1, '2019-04-22 10:47:34', '2019-04-22 10:47:34'),
(449, 1555930067, '', 35, 36, 76, 286, '2019-04-22', 1, 4, 1, 1, '2019-04-22 10:47:47', '2019-04-22 10:47:47'),
(450, 1555930136, '', 35, 36, 76, 287, '2019-04-22', 1, 4, 1, 1, '2019-04-22 10:48:56', '2019-04-22 10:48:56'),
(451, 1555930140, '', 35, 35, 76, 288, '2019-04-22', 1, 4, 1, 1, '2019-04-22 10:49:00', '2019-04-22 10:49:00'),
(452, 1555930142, '', 35, 36, 76, 289, '2019-04-22', 1, 4, 1, 1, '2019-04-22 10:49:02', '2019-04-22 10:49:02'),
(453, 1555930146, '', 35, 36, 76, 290, '2019-04-22', 1, 4, 1, 1, '2019-04-22 10:49:06', '2019-04-22 10:49:06'),
(454, 1555930149, '', 35, 36, 76, 291, '2019-04-22', 1, 4, 1, 1, '2019-04-22 10:49:09', '2019-04-22 10:49:09'),
(455, 1555930152, '', 35, 36, 76, 292, '2019-04-22', 1, 4, 1, 1, '2019-04-22 10:49:12', '2019-04-22 10:49:12'),
(456, 1555930154, '', 35, 36, 76, 293, '2019-04-22', 1, 4, 1, 1, '2019-04-22 10:49:14', '2019-04-22 10:49:14'),
(457, 1555930158, '', 35, 36, 76, 294, '2019-04-22', 1, 4, 1, 1, '2019-04-22 10:49:18', '2019-04-22 10:49:18'),
(458, 1555930206, '', 35, 36, 76, 295, '2019-04-22', 1, 4, 1, 1, '2019-04-22 10:50:06', '2019-04-22 10:50:06'),
(459, 1555930208, '', 35, 35, 76, 296, '2019-04-22', 1, 4, 1, 1, '2019-04-22 10:50:08', '2019-04-22 10:50:08'),
(460, 1555930210, '', 35, 36, 76, 297, '2019-04-22', 1, 4, 1, 1, '2019-04-22 10:50:10', '2019-04-22 10:50:10'),
(461, 1555930212, '', 35, 36, 76, 298, '2019-04-22', 1, 4, 1, 1, '2019-04-22 10:50:12', '2019-04-22 10:50:12'),
(462, 1555930214, '', 35, 36, 76, 299, '2019-04-22', 1, 4, 1, 1, '2019-04-22 10:50:14', '2019-04-22 10:50:14'),
(463, 1555930216, '', 35, 36, 76, 300, '2019-04-22', 1, 4, 1, 1, '2019-04-22 10:50:16', '2019-04-22 10:50:16'),
(464, 1555930218, '', 35, 36, 76, 301, '2019-04-22', 1, 4, 1, 1, '2019-04-22 10:50:18', '2019-04-22 10:50:18'),
(465, 1555930242, '', 35, 36, 76, 302, '2019-04-22', 1, 4, 1, 1, '2019-04-22 10:50:42', '2019-04-22 10:50:42'),
(466, 1555930245, '', 35, 35, 76, 303, '2019-04-22', 1, 4, 1, 1, '2019-04-22 10:50:45', '2019-04-22 10:50:45'),
(467, 1555930246, '', 35, 36, 76, 304, '2019-04-22', 1, 4, 1, 1, '2019-04-22 10:50:46', '2019-04-22 10:50:46'),
(468, 1555931007, '', 37, 36, 84, 305, '2019-04-22', 1, 4, 2, 1, '2019-04-22 11:03:27', '2019-04-22 11:03:27'),
(469, 1555931010, '', 37, 36, 84, 306, '2019-04-22', 1, 4, 2, 1, '2019-04-22 11:03:30', '2019-04-22 11:03:30'),
(470, 1555931012, '', 37, 36, 84, 307, '2019-04-22', 1, 4, 2, 1, '2019-04-22 11:03:32', '2019-04-22 11:03:32'),
(471, 1555931014, '', 37, 36, 84, 308, '2019-04-22', 1, 4, 2, 1, '2019-04-22 11:03:34', '2019-04-22 11:03:34'),
(472, 1555931016, '', 37, 36, 84, 309, '2019-04-22', 1, 4, 2, 1, '2019-04-22 11:03:36', '2019-04-22 11:03:36'),
(473, 1555931022, '', 37, 36, 83, 310, '2019-04-22', 1, 4, 2, 1, '2019-04-22 11:03:42', '2019-04-22 11:03:42'),
(474, 1555931123, '', 37, 36, 83, 311, '2019-04-22', 1, 4, 2, 1, '2019-04-22 11:05:23', '2019-04-22 11:05:23'),
(475, 1555931125, '', 37, 36, 83, 312, '2019-04-22', 1, 4, 2, 1, '2019-04-22 11:05:25', '2019-04-22 11:05:25');
INSERT INTO `yp_business_user_transactions` (`id`, `trans_id`, `response`, `b_id`, `cat_id`, `camp_id`, `click_id`, `transaction_made_on`, `type`, `reason_of_deduction`, `amount`, `status`, `created_at`, `updated_at`) VALUES
(476, 1555931126, '', 37, 36, 83, 313, '2019-04-22', 1, 4, 2, 1, '2019-04-22 11:05:26', '2019-04-22 11:05:26'),
(477, 1555931128, '', 37, 36, 83, 314, '2019-04-22', 1, 4, 2, 1, '2019-04-22 11:05:28', '2019-04-22 11:05:28'),
(478, 1555931302, '', 37, 36, 81, 315, '2019-04-22', 1, 4, 1, 1, '2019-04-22 11:08:22', '2019-04-22 11:08:22'),
(479, 1555931304, '', 37, 36, 81, 316, '2019-04-22', 1, 4, 1, 1, '2019-04-22 11:08:24', '2019-04-22 11:08:24'),
(480, 1555931306, '', 37, 36, 81, 317, '2019-04-22', 1, 4, 1, 1, '2019-04-22 11:08:26', '2019-04-22 11:08:26'),
(481, 1555931307, '', 37, 36, 81, 318, '2019-04-22', 1, 4, 1, 1, '2019-04-22 11:08:27', '2019-04-22 11:08:27'),
(482, 1555931310, '', 37, 36, 81, 319, '2019-04-22', 1, 4, 1, 1, '2019-04-22 11:08:30', '2019-04-22 11:08:30'),
(483, 1555931312, '', 37, 36, 81, 320, '2019-04-22', 1, 4, 1, 1, '2019-04-22 11:08:32', '2019-04-22 11:08:32'),
(484, 1555931314, '', 37, 36, 81, 321, '2019-04-22', 1, 4, 1, 1, '2019-04-22 11:08:34', '2019-04-22 11:08:34'),
(485, 1555931315, '', 37, 36, 81, 322, '2019-04-22', 1, 4, 1, 1, '2019-04-22 11:08:35', '2019-04-22 11:08:35'),
(486, 1555931346, '', 37, 36, 81, 323, '2019-04-22', 1, 4, 1, 1, '2019-04-22 11:09:06', '2019-04-22 11:09:06'),
(487, 1555931348, '', 37, 36, 81, 324, '2019-04-22', 1, 4, 1, 1, '2019-04-22 11:09:08', '2019-04-22 11:09:08'),
(488, 1555931349, '', 31, 36, 82, 325, '2019-04-22', 1, 4, 1, 1, '2019-04-22 11:09:09', '2019-04-22 11:09:09'),
(489, 1555931666, '', 31, 36, 82, 326, '2019-04-22', 1, 4, 1, 1, '2019-04-22 11:14:26', '2019-04-22 11:14:26'),
(490, 1555931672, '', 31, 36, 82, 327, '2019-04-22', 1, 4, 1, 1, '2019-04-22 11:14:32', '2019-04-22 11:14:32'),
(491, 1555931680, '', 31, 36, 82, 328, '2019-04-22', 1, 4, 1, 1, '2019-04-22 11:14:40', '2019-04-22 11:14:40'),
(492, 1555931682, '', 35, 36, 80, 329, '2019-04-22', 1, 4, 1, 1, '2019-04-22 11:14:42', '2019-04-22 11:14:42'),
(493, 1555931704, '', 35, 36, 80, 330, '2019-04-22', 1, 4, 1, 1, '2019-04-22 11:15:04', '2019-04-22 11:15:04'),
(494, 1555931706, '', 31, 36, 82, 331, '2019-04-22', 1, 4, 1, 1, '2019-04-22 11:15:06', '2019-04-22 11:15:06'),
(495, 1555931708, '', 35, 36, 80, 332, '2019-04-22', 1, 4, 1, 1, '2019-04-22 11:15:08', '2019-04-22 11:15:08'),
(496, 1555931710, '', 31, 36, 82, 333, '2019-04-22', 1, 4, 1, 1, '2019-04-22 11:15:10', '2019-04-22 11:15:10'),
(497, 1555931713, '', 35, 36, 80, 334, '2019-04-22', 1, 4, 1, 1, '2019-04-22 11:15:13', '2019-04-22 11:15:13'),
(498, 1555931727, '', 42, 35, 58, 335, '2019-04-22', 1, 4, 50, 1, '2019-04-22 11:15:27', '2019-04-22 11:15:27'),
(499, 1555932211, '', 16, 12, 0, NULL, '2019-04-22', 1, 1, 30, 1, '2019-04-22 11:23:31', '2019-04-22 11:23:31'),
(500, 1555932211, '', 24, 12, 0, NULL, '2019-04-22', 1, 1, 9, 1, '2019-04-22 11:23:31', '2019-04-22 11:23:31'),
(501, 1555932211, '', 22, 12, 0, NULL, '2019-04-22', 1, 1, 9, 1, '2019-04-22 11:23:31', '2019-04-22 11:23:31'),
(502, 1555932211, '', 40, 12, 0, NULL, '2019-04-22', 1, 1, 9, 1, '2019-04-22 11:23:31', '2019-04-22 11:23:31'),
(503, 1555932574, '', 31, 36, 82, 336, '2019-04-22', 1, 4, 1, 1, '2019-04-22 11:29:34', '2019-04-22 11:29:34'),
(504, 1555932579, '', 35, 36, 80, 337, '2019-04-22', 1, 4, 1, 1, '2019-04-22 11:29:39', '2019-04-22 11:29:39'),
(505, 1555932586, '', 31, 36, 82, 338, '2019-04-22', 1, 4, 1, 1, '2019-04-22 11:29:46', '2019-04-22 11:29:46'),
(506, 1555932590, '', 35, 36, 80, 339, '2019-04-22', 1, 4, 1, 1, '2019-04-22 11:29:50', '2019-04-22 11:29:50'),
(507, 1555932612, '', 35, 36, 80, 340, '2019-04-22', 1, 4, 1, 1, '2019-04-22 11:30:12', '2019-04-22 11:30:12'),
(508, 1555932619, '', 35, 36, 80, 341, '2019-04-22', 1, 4, 1, 1, '2019-04-22 11:30:19', '2019-04-22 11:30:19'),
(509, 1555932636, '', 35, 36, 80, 342, '2019-04-22', 1, 4, 1, 1, '2019-04-22 11:30:36', '2019-04-22 11:30:36'),
(510, 1555932650, '', 35, 36, 80, 343, '2019-04-22', 1, 4, 1, 1, '2019-04-22 11:30:50', '2019-04-22 11:30:50'),
(511, 1555932712, '', 31, 36, 82, 344, '2019-04-22', 1, 4, 1, 1, '2019-04-22 11:31:52', '2019-04-22 11:31:52'),
(512, 1555932840, '', 31, 36, 82, 345, '2019-04-22', 1, 4, 1, 1, '2019-04-22 11:34:00', '2019-04-22 11:34:00'),
(513, 1555934113, '', 15, 36, 85, 346, '2019-04-22', 1, 4, 3, 1, '2019-04-22 11:55:13', '2019-04-22 11:55:13'),
(514, 1555934114, '', 15, 36, 85, 347, '2019-04-22', 1, 4, 3, 1, '2019-04-22 11:55:14', '2019-04-22 11:55:14'),
(515, 1555934245, '', 15, 36, 85, 348, '2019-04-22', 1, 4, 3, 1, '2019-04-22 11:57:25', '2019-04-22 11:57:25'),
(516, 1555935028, '', 31, 35, 90, 349, '2019-04-22', 1, 4, 3, 1, '2019-04-22 12:10:28', '2019-04-22 12:10:28'),
(517, 1555935033, '', 31, 35, 90, 350, '2019-04-22', 1, 4, 3, 1, '2019-04-22 12:10:33', '2019-04-22 12:10:33'),
(518, 1555935036, '', 31, 35, 90, 351, '2019-04-22', 1, 4, 3, 1, '2019-04-22 12:10:36', '2019-04-22 12:10:36'),
(519, 1555935038, '', 31, 35, 90, 352, '2019-04-22', 1, 4, 3, 1, '2019-04-22 12:10:38', '2019-04-22 12:10:38'),
(520, 1555935042, '', 31, 35, 90, 353, '2019-04-22', 1, 4, 3, 1, '2019-04-22 12:10:42', '2019-04-22 12:10:42'),
(521, 1555935046, '', 31, 35, 90, 354, '2019-04-22', 1, 4, 3, 1, '2019-04-22 12:10:46', '2019-04-22 12:10:46'),
(522, 1555935049, '', 31, 35, 90, 355, '2019-04-22', 1, 4, 3, 1, '2019-04-22 12:10:49', '2019-04-22 12:10:49'),
(523, 1555935075, '', 31, 35, 91, 356, '2019-04-22', 1, 4, 3, 1, '2019-04-22 12:11:16', '2019-04-22 12:11:16'),
(524, 1555935079, '', 31, 35, 91, 357, '2019-04-22', 1, 4, 3, 1, '2019-04-22 12:11:19', '2019-04-22 12:11:19'),
(525, 1555935083, '', 31, 35, 91, 358, '2019-04-22', 1, 4, 3, 1, '2019-04-22 12:11:23', '2019-04-22 12:11:23'),
(526, 1555935086, '', 31, 35, 91, 359, '2019-04-22', 1, 4, 3, 1, '2019-04-22 12:11:26', '2019-04-22 12:11:26'),
(527, 1555935092, '', 31, 35, 91, 360, '2019-04-22', 1, 4, 3, 1, '2019-04-22 12:11:32', '2019-04-22 12:11:32'),
(528, 1555935096, '', 31, 35, 91, 361, '2019-04-22', 1, 4, 3, 1, '2019-04-22 12:11:36', '2019-04-22 12:11:36'),
(529, 1555935101, '', 31, 35, 91, 362, '2019-04-22', 1, 4, 3, 1, '2019-04-22 12:11:41', '2019-04-22 12:11:41'),
(530, 1555935104, '', 31, 35, 89, 363, '2019-04-22', 1, 4, 1, 1, '2019-04-22 12:11:44', '2019-04-22 12:11:44'),
(531, 1555935128, '', 31, 35, 89, 364, '2019-04-22', 1, 4, 1, 1, '2019-04-22 12:12:08', '2019-04-22 12:12:08'),
(532, 1555935133, '', 31, 35, 89, 365, '2019-04-22', 1, 4, 1, 1, '2019-04-22 12:12:13', '2019-04-22 12:12:13'),
(533, 1555935141, '', 31, 35, 89, 366, '2019-04-22', 1, 4, 1, 1, '2019-04-22 12:12:21', '2019-04-22 12:12:21'),
(534, 1555935144, '', 31, 35, 89, 367, '2019-04-22', 1, 4, 1, 1, '2019-04-22 12:12:24', '2019-04-22 12:12:24'),
(535, 1555935147, '', 31, 35, 89, 368, '2019-04-22', 1, 4, 1, 1, '2019-04-22 12:12:27', '2019-04-22 12:12:27'),
(536, 1555935150, '', 31, 35, 89, 369, '2019-04-22', 1, 4, 1, 1, '2019-04-22 12:12:30', '2019-04-22 12:12:30'),
(537, 1555935154, '', 31, 35, 89, 370, '2019-04-22', 1, 4, 1, 1, '2019-04-22 12:12:34', '2019-04-22 12:12:34'),
(538, 1555935159, '', 31, 35, 89, 371, '2019-04-22', 1, 4, 1, 1, '2019-04-22 12:12:39', '2019-04-22 12:12:39'),
(539, 1555935207, '', 31, 37, 89, 372, '2019-04-22', 1, 4, 1, 1, '2019-04-22 12:13:27', '2019-04-22 12:13:27'),
(540, 1555936115, '', 15, 36, 93, 373, '2019-04-22', 1, 4, 10, 1, '2019-04-22 12:28:35', '2019-04-22 12:28:35'),
(541, 1555936116, '', 15, 34, 93, 374, '2019-04-22', 1, 4, 10, 1, '2019-04-22 12:28:36', '2019-04-22 12:28:36'),
(542, 1555937972, '', 15, 36, 93, 375, '2019-04-22', 1, 4, 10, 1, '2019-04-22 12:59:32', '2019-04-22 12:59:32'),
(543, 1555938067, '', 15, 0, 0, NULL, '2019-04-22', 0, 0, 2000, 1, '2019-04-22 13:01:07', '2019-04-22 13:01:07'),
(544, 1555938078, '', 15, 34, 93, 376, '2019-04-22', 1, 4, 10, 1, '2019-04-22 13:01:18', '2019-04-22 13:01:18'),
(545, 1555938146, '', 15, 34, 94, 377, '2019-04-22', 1, 4, 30, 1, '2019-04-22 13:02:26', '2019-04-22 13:02:26'),
(546, 1555938155, '', 15, 34, 94, 378, '2019-04-22', 1, 4, 30, 1, '2019-04-22 13:02:35', '2019-04-22 13:02:35'),
(547, 1555938307, '', 15, 34, 95, 379, '2019-04-22', 1, 4, 50, 1, '2019-04-22 13:05:07', '2019-04-22 13:05:07'),
(548, 1555938377, '', 15, 34, 96, 380, '2019-04-22', 1, 4, 60, 1, '2019-04-22 13:06:17', '2019-04-22 13:06:17'),
(549, 1555938385, '', 15, 34, 96, 381, '2019-04-22', 1, 4, 60, 1, '2019-04-22 13:06:25', '2019-04-22 13:06:25'),
(550, 1555938392, '', 15, 34, 95, 382, '2019-04-22', 1, 4, 50, 1, '2019-04-22 13:06:32', '2019-04-22 13:06:32'),
(551, 1555938763, '', 15, 34, 95, 383, '2019-04-22', 1, 4, 50, 1, '2019-04-22 13:12:43', '2019-04-22 13:12:43'),
(552, 1555938837, '', 15, 34, 95, 384, '2019-04-22', 1, 4, 50, 1, '2019-04-22 13:13:57', '2019-04-22 13:13:57'),
(553, 1555938841, '', 15, 34, 95, 385, '2019-04-22', 1, 4, 50, 1, '2019-04-22 13:14:01', '2019-04-22 13:14:01'),
(554, 1555938848, '', 15, 34, 95, 386, '2019-04-22', 1, 4, 50, 1, '2019-04-22 13:14:08', '2019-04-22 13:14:08'),
(555, 1555938854, '', 15, 34, 95, 387, '2019-04-22', 1, 4, 50, 1, '2019-04-22 13:14:14', '2019-04-22 13:14:14'),
(556, 1555938858, '', 15, 34, 95, 388, '2019-04-22', 1, 4, 50, 1, '2019-04-22 13:14:18', '2019-04-22 13:14:18'),
(557, 1555938864, '', 15, 34, 95, 389, '2019-04-22', 1, 4, 50, 1, '2019-04-22 13:14:24', '2019-04-22 13:14:24'),
(558, 1555938876, '', 15, 34, 95, 390, '2019-04-22', 1, 4, 50, 1, '2019-04-22 13:14:36', '2019-04-22 13:14:36'),
(559, 1555938883, '', 15, 34, 93, 391, '2019-04-22', 1, 4, 10, 1, '2019-04-22 13:14:43', '2019-04-22 13:14:43'),
(560, 1555938987, '', 15, 34, 97, 392, '2019-04-22', 1, 4, 50, 1, '2019-04-22 13:16:27', '2019-04-22 13:16:27'),
(561, 1555938993, '', 15, 34, 97, 393, '2019-04-22', 1, 4, 50, 1, '2019-04-22 13:16:33', '2019-04-22 13:16:33'),
(562, 1555939014, '', 15, 34, 97, 394, '2019-04-22', 1, 4, 50, 1, '2019-04-22 13:16:54', '2019-04-22 13:16:54'),
(563, 1555939059, '', 15, 34, 97, 395, '2019-04-22', 1, 4, 50, 1, '2019-04-22 13:17:39', '2019-04-22 13:17:39'),
(564, 1555939091, '', 15, 34, 93, 396, '2019-04-22', 1, 4, 10, 1, '2019-04-22 13:18:11', '2019-04-22 13:18:11'),
(565, 1555939099, '', 15, 34, 93, 397, '2019-04-22', 1, 4, 10, 1, '2019-04-22 13:18:19', '2019-04-22 13:18:19');

-- --------------------------------------------------------

--
-- Table structure for table `yp_campaign_category`
--

CREATE TABLE `yp_campaign_category` (
  `id` int(10) UNSIGNED NOT NULL,
  `camp_id` int(10) UNSIGNED NOT NULL,
  `cat_id` int(10) UNSIGNED NOT NULL,
  `b_id` int(10) UNSIGNED NOT NULL,
  `created_at` timestamp NOT NULL DEFAULT CURRENT_TIMESTAMP ON UPDATE CURRENT_TIMESTAMP,
  `updated_at` timestamp NOT NULL DEFAULT CURRENT_TIMESTAMP
) ENGINE=InnoDB DEFAULT CHARSET=latin1;

--
-- Dumping data for table `yp_campaign_category`
--

INSERT INTO `yp_campaign_category` (`id`, `camp_id`, `cat_id`, `b_id`, `created_at`, `updated_at`) VALUES
(23, 17, 16, 21, '2019-04-09 12:09:56', '2019-04-09 12:09:56'),
(24, 18, 14, 21, '2019-04-09 12:10:54', '2019-04-09 12:10:54'),
(25, 19, 13, 21, '2019-04-09 12:11:14', '2019-04-09 12:11:14'),
(26, 20, 12, 21, '2019-04-09 12:12:04', '2019-04-09 12:12:04'),
(27, 21, 14, 21, '2019-04-09 12:18:07', '2019-04-09 12:18:07'),
(28, 22, 16, 21, '2019-04-09 13:15:58', '2019-04-09 13:15:58'),
(29, 22, 35, 21, '2019-04-09 13:15:58', '2019-04-09 13:15:58'),
(30, 23, 16, 21, '2019-04-09 13:18:08', '2019-04-09 13:18:08'),
(31, 23, 35, 21, '2019-04-09 13:18:08', '2019-04-09 13:18:08'),
(32, 24, 16, 26, '2019-04-09 13:55:27', '2019-04-09 13:55:27'),
(33, 24, 14, 26, '2019-04-09 13:55:27', '2019-04-09 13:55:27'),
(34, 25, 35, 26, '2019-04-09 13:57:05', '2019-04-09 13:57:05'),
(35, 26, 35, 21, '2019-04-09 13:59:54', '2019-04-09 13:59:54'),
(36, 27, 35, 21, '2019-04-09 14:05:29', '2019-04-09 14:05:29'),
(37, 28, 16, 26, '2019-04-09 14:07:19', '2019-04-09 14:07:19'),
(38, 28, 14, 26, '2019-04-09 14:07:19', '2019-04-09 14:07:19'),
(39, 28, 35, 26, '2019-04-09 14:07:19', '2019-04-09 14:07:19'),
(40, 29, 16, 26, '2019-04-09 14:25:03', '2019-04-09 14:25:03'),
(41, 29, 14, 26, '2019-04-09 14:25:03', '2019-04-09 14:25:03'),
(42, 29, 35, 26, '2019-04-09 14:25:03', '2019-04-09 14:25:03'),
(43, 30, 16, 26, '2019-04-09 14:26:47', '2019-04-09 14:26:47'),
(44, 30, 14, 26, '2019-04-09 14:26:47', '2019-04-09 14:26:47'),
(45, 30, 35, 26, '2019-04-09 14:26:47', '2019-04-09 14:26:47'),
(46, 31, 28, 21, '2019-04-10 06:53:58', '2019-04-10 06:53:58'),
(47, 31, 16, 21, '2019-04-10 06:53:58', '2019-04-10 06:53:58'),
(48, 31, 14, 21, '2019-04-10 06:53:58', '2019-04-10 06:53:58'),
(49, 31, 13, 21, '2019-04-10 06:53:59', '2019-04-10 06:53:59'),
(50, 31, 12, 21, '2019-04-10 06:53:59', '2019-04-10 06:53:59'),
(51, 31, 35, 21, '2019-04-10 06:53:59', '2019-04-10 06:53:59'),
(52, 32, 16, 21, '2019-04-10 07:48:15', '2019-04-10 07:48:15'),
(53, 32, 14, 21, '2019-04-10 07:48:15', '2019-04-10 07:48:15'),
(54, 32, 13, 21, '2019-04-10 07:48:15', '2019-04-10 07:48:15'),
(55, 32, 35, 21, '2019-04-10 07:48:15', '2019-04-10 07:48:15'),
(56, 33, 28, 22, '2019-04-10 07:52:27', '2019-04-10 07:52:27'),
(57, 33, 12, 22, '2019-04-10 07:52:28', '2019-04-10 07:52:28'),
(58, 34, 16, 28, '2019-04-10 12:39:39', '2019-04-10 12:39:39'),
(59, 34, 28, 28, '2019-04-10 12:39:39', '2019-04-10 12:39:39'),
(60, 35, 28, 22, '2019-04-10 12:41:04', '2019-04-10 12:41:04'),
(61, 35, 12, 22, '2019-04-10 12:41:04', '2019-04-10 12:41:04'),
(62, 36, 16, 28, '2019-04-10 12:57:47', '2019-04-10 12:57:47'),
(63, 36, 28, 28, '2019-04-10 12:57:47', '2019-04-10 12:57:47'),
(64, 37, 12, 21, '2019-04-11 07:21:02', '2019-04-11 07:21:02'),
(65, 38, 16, 21, '2019-04-11 07:29:49', '2019-04-11 07:29:49'),
(66, 38, 12, 21, '2019-04-11 07:29:49', '2019-04-11 07:29:49'),
(67, 39, 16, 21, '2019-04-11 07:35:39', '2019-04-11 07:35:39'),
(68, 39, 12, 21, '2019-04-11 07:35:40', '2019-04-11 07:35:40'),
(69, 40, 16, 21, '2019-04-11 08:06:42', '2019-04-11 08:06:42'),
(70, 41, 16, 21, '2019-04-11 08:07:00', '2019-04-11 08:07:00'),
(71, 42, 16, 21, '2019-04-11 08:08:55', '2019-04-11 08:08:55'),
(72, 43, 16, 21, '2019-04-11 08:09:09', '2019-04-11 08:09:09'),
(73, 44, 28, 21, '2019-04-11 09:35:10', '2019-04-11 09:35:10'),
(74, 44, 16, 21, '2019-04-11 09:35:10', '2019-04-11 09:35:10'),
(75, 44, 14, 21, '2019-04-11 09:35:10', '2019-04-11 09:35:10'),
(76, 44, 13, 21, '2019-04-11 09:35:10', '2019-04-11 09:35:10'),
(77, 44, 12, 21, '2019-04-11 09:35:10', '2019-04-11 09:35:10'),
(78, 44, 35, 21, '2019-04-11 09:35:10', '2019-04-11 09:35:10'),
(79, 45, 35, 21, '2019-04-11 09:35:32', '2019-04-11 09:35:32'),
(80, 46, 28, 22, '2019-04-11 09:36:44', '2019-04-11 09:36:44'),
(81, 46, 12, 22, '2019-04-11 09:36:44', '2019-04-11 09:36:44'),
(82, 47, 12, 24, '2019-04-11 09:37:23', '2019-04-11 09:37:23'),
(83, 47, 13, 24, '2019-04-11 09:37:23', '2019-04-11 09:37:23'),
(84, 47, 16, 24, '2019-04-11 09:37:23', '2019-04-11 09:37:23'),
(85, 48, 12, 22, '2019-04-11 10:09:55', '2019-04-11 10:09:55'),
(86, 49, 12, 22, '2019-04-11 10:11:02', '2019-04-11 10:11:02'),
(87, 50, 12, 22, '2019-04-11 14:14:50', '2019-04-11 14:14:50'),
(88, 51, 12, 24, '2019-04-11 14:15:15', '2019-04-11 14:15:15'),
(89, 52, 12, 24, '2019-04-11 14:25:56', '2019-04-11 14:25:56'),
(90, 53, 12, 24, '2019-04-11 14:26:27', '2019-04-11 14:26:27'),
(91, 54, 12, 22, '2019-04-11 14:38:22', '2019-04-11 14:38:22'),
(92, 55, 26, 40, '2019-04-12 06:44:59', '2019-04-12 06:44:59'),
(93, 56, 9, 41, '2019-04-12 11:35:33', '2019-04-12 11:35:33'),
(94, 56, 22, 41, '2019-04-12 11:35:33', '2019-04-12 11:35:33'),
(95, 57, 35, 42, '2019-04-15 15:38:33', '2019-04-15 15:38:33'),
(96, 58, 35, 42, '2019-04-15 17:01:24', '2019-04-15 17:01:24'),
(97, 58, 34, 42, '2019-04-15 17:01:24', '2019-04-15 17:01:24'),
(98, 59, 16, 25, '2019-04-16 11:26:37', '2019-04-16 11:26:37'),
(99, 60, 16, 26, '2019-04-16 11:26:56', '2019-04-16 11:26:56'),
(100, 61, 16, 25, '2019-04-16 11:53:40', '2019-04-16 11:53:40'),
(101, 62, 14, 21, '2019-04-17 07:17:15', '2019-04-17 07:17:15'),
(102, 62, 35, 21, '2019-04-17 07:17:15', '2019-04-17 07:17:15'),
(103, 63, 16, 21, '2019-04-17 07:18:57', '2019-04-17 07:18:57'),
(104, 64, 28, 21, '2019-04-17 09:41:35', '2019-04-17 09:41:35'),
(105, 64, 16, 21, '2019-04-17 09:41:35', '2019-04-17 09:41:35'),
(106, 64, 14, 21, '2019-04-17 09:41:35', '2019-04-17 09:41:35'),
(107, 64, 13, 21, '2019-04-17 09:41:35', '2019-04-17 09:41:35'),
(108, 64, 12, 21, '2019-04-17 09:41:35', '2019-04-17 09:41:35'),
(109, 64, 35, 21, '2019-04-17 09:41:35', '2019-04-17 09:41:35'),
(110, 65, 12, 24, '2019-04-17 10:09:05', '2019-04-17 10:09:05'),
(111, 65, 13, 24, '2019-04-17 10:09:05', '2019-04-17 10:09:05'),
(112, 65, 16, 24, '2019-04-17 10:09:05', '2019-04-17 10:09:05'),
(113, 66, 16, 26, '2019-04-17 10:11:53', '2019-04-17 10:11:53'),
(114, 66, 14, 26, '2019-04-17 10:11:53', '2019-04-17 10:11:53'),
(115, 66, 35, 26, '2019-04-17 10:11:53', '2019-04-17 10:11:53'),
(116, 67, 16, 26, '2019-04-17 10:48:06', '2019-04-17 10:48:06'),
(117, 67, 14, 26, '2019-04-17 10:48:06', '2019-04-17 10:48:06'),
(118, 67, 35, 26, '2019-04-17 10:48:06', '2019-04-17 10:48:06'),
(119, 68, 33, 36, '2019-04-19 09:33:04', '2019-04-19 09:33:04'),
(120, 68, 34, 36, '2019-04-19 09:33:04', '2019-04-19 09:33:04'),
(121, 68, 35, 36, '2019-04-19 09:33:04', '2019-04-19 09:33:04'),
(122, 68, 36, 36, '2019-04-19 09:33:04', '2019-04-19 09:33:04'),
(123, 68, 37, 36, '2019-04-19 09:33:04', '2019-04-19 09:33:04'),
(124, 69, 33, 36, '2019-04-19 09:34:55', '2019-04-19 09:34:55'),
(125, 69, 34, 36, '2019-04-19 09:34:55', '2019-04-19 09:34:55'),
(126, 69, 35, 36, '2019-04-19 09:34:55', '2019-04-19 09:34:55'),
(127, 69, 36, 36, '2019-04-19 09:34:55', '2019-04-19 09:34:55'),
(128, 69, 37, 36, '2019-04-19 09:34:55', '2019-04-19 09:34:55'),
(129, 70, 35, 39, '2019-04-19 09:35:45', '2019-04-19 09:35:45'),
(130, 70, 33, 39, '2019-04-19 09:35:45', '2019-04-19 09:35:45'),
(131, 70, 36, 39, '2019-04-19 09:35:45', '2019-04-19 09:35:45'),
(132, 71, 35, 35, '2019-04-19 09:52:31', '2019-04-19 09:52:31'),
(133, 71, 36, 35, '2019-04-19 09:52:31', '2019-04-19 09:52:31'),
(134, 71, 37, 35, '2019-04-19 09:52:31', '2019-04-19 09:52:31'),
(135, 71, 34, 35, '2019-04-19 09:52:31', '2019-04-19 09:52:31'),
(136, 71, 33, 35, '2019-04-19 09:52:31', '2019-04-19 09:52:31'),
(137, 71, 26, 35, '2019-04-19 09:52:31', '2019-04-19 09:52:31'),
(138, 72, 35, 39, '2019-04-19 11:39:39', '2019-04-19 11:39:39'),
(139, 72, 33, 39, '2019-04-19 11:39:39', '2019-04-19 11:39:39'),
(140, 72, 36, 39, '2019-04-19 11:39:39', '2019-04-19 11:39:39'),
(141, 73, 33, 35, '2019-04-19 11:40:11', '2019-04-19 11:40:11'),
(142, 74, 35, 35, '2019-04-19 11:45:12', '2019-04-19 11:45:12'),
(143, 74, 36, 35, '2019-04-19 11:45:12', '2019-04-19 11:45:12'),
(144, 74, 37, 35, '2019-04-19 11:45:12', '2019-04-19 11:45:12'),
(145, 74, 34, 35, '2019-04-19 11:45:12', '2019-04-19 11:45:12'),
(146, 74, 33, 35, '2019-04-19 11:45:12', '2019-04-19 11:45:12'),
(147, 74, 26, 35, '2019-04-19 11:45:12', '2019-04-19 11:45:12'),
(148, 75, 33, 36, '2019-04-19 11:45:43', '2019-04-19 11:45:43'),
(149, 75, 34, 36, '2019-04-19 11:45:43', '2019-04-19 11:45:43'),
(150, 75, 35, 36, '2019-04-19 11:45:43', '2019-04-19 11:45:43'),
(151, 75, 36, 36, '2019-04-19 11:45:43', '2019-04-19 11:45:43'),
(152, 75, 37, 36, '2019-04-19 11:45:43', '2019-04-19 11:45:43'),
(153, 76, 35, 35, '2019-04-19 12:02:47', '2019-04-19 12:02:47'),
(154, 76, 36, 35, '2019-04-19 12:02:47', '2019-04-19 12:02:47'),
(155, 76, 37, 35, '2019-04-19 12:02:47', '2019-04-19 12:02:47'),
(156, 76, 34, 35, '2019-04-19 12:02:47', '2019-04-19 12:02:47'),
(157, 76, 33, 35, '2019-04-19 12:02:47', '2019-04-19 12:02:47'),
(158, 76, 26, 35, '2019-04-19 12:02:47', '2019-04-19 12:02:47'),
(159, 77, 35, 39, '2019-04-19 12:52:38', '2019-04-19 12:52:38'),
(160, 77, 33, 39, '2019-04-19 12:52:38', '2019-04-19 12:52:38'),
(161, 77, 36, 39, '2019-04-19 12:52:38', '2019-04-19 12:52:38'),
(162, 78, 33, 36, '2019-04-19 12:59:24', '2019-04-19 12:59:24'),
(163, 78, 34, 36, '2019-04-19 12:59:24', '2019-04-19 12:59:24'),
(164, 78, 35, 36, '2019-04-19 12:59:24', '2019-04-19 12:59:24'),
(165, 78, 36, 36, '2019-04-19 12:59:24', '2019-04-19 12:59:24'),
(166, 78, 37, 36, '2019-04-19 12:59:24', '2019-04-19 12:59:24'),
(167, 79, 33, 36, '2019-04-19 12:59:44', '2019-04-19 12:59:44'),
(168, 79, 34, 36, '2019-04-19 12:59:44', '2019-04-19 12:59:44'),
(169, 79, 35, 36, '2019-04-19 12:59:44', '2019-04-19 12:59:44'),
(170, 79, 36, 36, '2019-04-19 12:59:44', '2019-04-19 12:59:44'),
(171, 79, 37, 36, '2019-04-19 12:59:44', '2019-04-19 12:59:44'),
(172, 80, 36, 35, '2019-04-22 10:59:47', '2019-04-22 10:59:47'),
(173, 81, 36, 37, '2019-04-22 11:00:15', '2019-04-22 11:00:15'),
(174, 82, 36, 31, '2019-04-22 11:00:48', '2019-04-22 11:00:48'),
(175, 83, 36, 37, '2019-04-22 11:01:41', '2019-04-22 11:01:41'),
(176, 84, 36, 37, '2019-04-22 11:02:23', '2019-04-22 11:02:23'),
(177, 85, 33, 15, '2019-04-22 11:37:36', '2019-04-22 11:37:36'),
(178, 85, 35, 15, '2019-04-22 11:37:36', '2019-04-22 11:37:36'),
(179, 85, 36, 15, '2019-04-22 11:37:36', '2019-04-22 11:37:36'),
(180, 86, 34, 15, '2019-04-22 11:38:21', '2019-04-22 11:38:21'),
(181, 86, 35, 15, '2019-04-22 11:38:21', '2019-04-22 11:38:21'),
(182, 86, 36, 15, '2019-04-22 11:38:21', '2019-04-22 11:38:21'),
(183, 87, 35, 35, '2019-04-22 12:05:06', '2019-04-22 12:05:06'),
(184, 87, 36, 35, '2019-04-22 12:05:06', '2019-04-22 12:05:06'),
(185, 87, 37, 35, '2019-04-22 12:05:06', '2019-04-22 12:05:06'),
(186, 87, 34, 35, '2019-04-22 12:05:06', '2019-04-22 12:05:06'),
(187, 87, 33, 35, '2019-04-22 12:05:06', '2019-04-22 12:05:06'),
(188, 87, 26, 35, '2019-04-22 12:05:06', '2019-04-22 12:05:06'),
(189, 88, 35, 37, '2019-04-22 12:05:35', '2019-04-22 12:05:35'),
(190, 88, 33, 37, '2019-04-22 12:05:35', '2019-04-22 12:05:35'),
(191, 88, 34, 37, '2019-04-22 12:05:35', '2019-04-22 12:05:35'),
(192, 88, 36, 37, '2019-04-22 12:05:35', '2019-04-22 12:05:35'),
(193, 88, 37, 37, '2019-04-22 12:05:35', '2019-04-22 12:05:35'),
(194, 89, 35, 31, '2019-04-22 12:06:03', '2019-04-22 12:06:03'),
(195, 89, 36, 31, '2019-04-22 12:06:03', '2019-04-22 12:06:03'),
(196, 89, 37, 31, '2019-04-22 12:06:03', '2019-04-22 12:06:03'),
(197, 90, 35, 31, '2019-04-22 12:06:45', '2019-04-22 12:06:45'),
(198, 90, 36, 31, '2019-04-22 12:06:45', '2019-04-22 12:06:45'),
(199, 90, 37, 31, '2019-04-22 12:06:45', '2019-04-22 12:06:45'),
(200, 91, 35, 31, '2019-04-22 12:07:07', '2019-04-22 12:07:07'),
(201, 91, 36, 31, '2019-04-22 12:07:07', '2019-04-22 12:07:07'),
(202, 91, 37, 31, '2019-04-22 12:07:07', '2019-04-22 12:07:07'),
(203, 92, 36, 35, '2019-04-22 12:08:29', '2019-04-22 12:08:29'),
(204, 93, 33, 15, '2019-04-22 12:17:58', '2019-04-22 12:17:58'),
(205, 93, 34, 15, '2019-04-22 12:17:58', '2019-04-22 12:17:58'),
(206, 93, 35, 15, '2019-04-22 12:17:58', '2019-04-22 12:17:58'),
(207, 93, 36, 15, '2019-04-22 12:17:58', '2019-04-22 12:17:58'),
(208, 93, 37, 15, '2019-04-22 12:17:58', '2019-04-22 12:17:58'),
(209, 94, 33, 15, '2019-04-22 13:02:16', '2019-04-22 13:02:16'),
(210, 94, 34, 15, '2019-04-22 13:02:16', '2019-04-22 13:02:16'),
(211, 94, 35, 15, '2019-04-22 13:02:16', '2019-04-22 13:02:16'),
(212, 94, 36, 15, '2019-04-22 13:02:16', '2019-04-22 13:02:16'),
(213, 94, 37, 15, '2019-04-22 13:02:16', '2019-04-22 13:02:16'),
(214, 95, 33, 15, '2019-04-22 13:04:08', '2019-04-22 13:04:08'),
(215, 95, 34, 15, '2019-04-22 13:04:08', '2019-04-22 13:04:08'),
(216, 95, 35, 15, '2019-04-22 13:04:08', '2019-04-22 13:04:08'),
(217, 95, 36, 15, '2019-04-22 13:04:08', '2019-04-22 13:04:08'),
(218, 95, 37, 15, '2019-04-22 13:04:08', '2019-04-22 13:04:08'),
(219, 96, 33, 15, '2019-04-22 13:05:47', '2019-04-22 13:05:47'),
(220, 96, 34, 15, '2019-04-22 13:05:47', '2019-04-22 13:05:47'),
(221, 96, 35, 15, '2019-04-22 13:05:47', '2019-04-22 13:05:47'),
(222, 96, 36, 15, '2019-04-22 13:05:47', '2019-04-22 13:05:47'),
(223, 96, 37, 15, '2019-04-22 13:05:47', '2019-04-22 13:05:47'),
(224, 97, 34, 15, '2019-04-22 13:15:43', '2019-04-22 13:15:43');

-- --------------------------------------------------------

--
-- Table structure for table `yp_campaign_click`
--

CREATE TABLE `yp_campaign_click` (
  `id` int(10) UNSIGNED NOT NULL,
  `cat_id` int(10) UNSIGNED NOT NULL,
  `b_id` int(10) UNSIGNED NOT NULL,
  `camp_id` int(10) UNSIGNED NOT NULL,
  `general_id` int(10) UNSIGNED NOT NULL,
  `created_at` timestamp NULL DEFAULT NULL,
  `updated_at` timestamp NULL DEFAULT NULL
) ENGINE=InnoDB DEFAULT CHARSET=utf8mb4 COLLATE=utf8mb4_unicode_ci;

--
-- Dumping data for table `yp_campaign_click`
--

INSERT INTO `yp_campaign_click` (`id`, `cat_id`, `b_id`, `camp_id`, `general_id`, `created_at`, `updated_at`) VALUES
(11, 14, 21, 18, 0, '2019-04-09 12:56:18', '2019-04-09 12:56:18'),
(12, 14, 21, 18, 0, '2019-04-09 12:56:18', '2019-04-09 12:56:18'),
(13, 35, 21, 22, 0, '2019-04-09 13:20:11', '2019-04-09 13:20:11'),
(14, 35, 21, 22, 0, '2019-04-09 13:20:11', '2019-04-09 13:20:11'),
(15, 35, 26, 25, 0, '2019-04-09 14:07:01', '2019-04-09 14:07:01'),
(16, 35, 26, 25, 0, '2019-04-09 14:07:02', '2019-04-09 14:07:02'),
(17, 35, 26, 25, 0, '2019-04-09 14:07:04', '2019-04-09 14:07:04'),
(18, 35, 26, 25, 0, '2019-04-09 14:07:05', '2019-04-09 14:07:05'),
(19, 35, 26, 25, 0, '2019-04-09 14:07:34', '2019-04-09 14:07:34'),
(20, 35, 26, 25, 0, '2019-04-09 14:08:16', '2019-04-09 14:08:16'),
(21, 14, 26, 28, 0, '2019-04-09 14:13:59', '2019-04-09 14:13:59'),
(22, 16, 26, 28, 0, '2019-04-09 14:14:02', '2019-04-09 14:14:02'),
(23, 16, 26, 28, 0, '2019-04-09 14:16:19', '2019-04-09 14:16:19'),
(24, 16, 26, 28, 0, '2019-04-09 14:16:19', '2019-04-09 14:16:19'),
(25, 16, 26, 28, 0, '2019-04-09 14:16:20', '2019-04-09 14:16:20'),
(26, 16, 26, 28, 0, '2019-04-09 14:16:20', '2019-04-09 14:16:20'),
(27, 16, 26, 28, 0, '2019-04-09 14:16:20', '2019-04-09 14:16:20'),
(28, 16, 26, 28, 0, '2019-04-09 14:16:21', '2019-04-09 14:16:21'),
(29, 16, 26, 28, 0, '2019-04-09 14:16:21', '2019-04-09 14:16:21'),
(30, 14, 26, 28, 0, '2019-04-09 14:17:19', '2019-04-09 14:17:19'),
(31, 14, 26, 28, 0, '2019-04-09 14:17:19', '2019-04-09 14:17:19'),
(32, 14, 26, 28, 0, '2019-04-09 14:17:19', '2019-04-09 14:17:19'),
(33, 14, 26, 28, 0, '2019-04-09 14:17:20', '2019-04-09 14:17:20'),
(34, 14, 26, 28, 0, '2019-04-09 14:19:11', '2019-04-09 14:19:11'),
(35, 14, 26, 28, 0, '2019-04-09 14:19:41', '2019-04-09 14:19:41'),
(36, 12, 21, 20, 0, '2019-04-10 04:39:48', '2019-04-10 04:39:48'),
(37, 12, 21, 20, 0, '2019-04-10 04:39:48', '2019-04-10 04:39:48'),
(38, 14, 26, 28, 0, '2019-04-10 04:56:50', '2019-04-10 04:56:50'),
(39, 14, 26, 28, 0, '2019-04-10 04:56:50', '2019-04-10 04:56:50'),
(40, 14, 26, 28, 0, '2019-04-10 04:56:51', '2019-04-10 04:56:51'),
(41, 14, 26, 28, 0, '2019-04-10 04:56:51', '2019-04-10 04:56:51'),
(42, 14, 26, 28, 0, '2019-04-10 04:56:51', '2019-04-10 04:56:51'),
(43, 14, 26, 28, 0, '2019-04-10 04:56:51', '2019-04-10 04:56:51'),
(44, 14, 26, 28, 0, '2019-04-10 04:57:16', '2019-04-10 04:57:16'),
(45, 14, 26, 28, 0, '2019-04-10 04:57:16', '2019-04-10 04:57:16'),
(46, 14, 26, 24, 0, '2019-04-10 07:41:48', '2019-04-10 07:41:48'),
(47, 14, 21, 18, 0, '2019-04-10 07:42:05', '2019-04-10 07:42:05'),
(48, 16, 21, 23, 0, '2019-04-10 07:49:39', '2019-04-10 07:49:39'),
(49, 16, 21, 23, 0, '2019-04-10 07:49:45', '2019-04-10 07:49:45'),
(50, 16, 21, 23, 0, '2019-04-10 07:50:11', '2019-04-10 07:50:11'),
(51, 16, 21, 23, 0, '2019-04-10 07:50:14', '2019-04-10 07:50:14'),
(52, 12, 22, 33, 0, '2019-04-10 08:12:11', '2019-04-10 08:12:11'),
(53, 16, 21, 23, 0, '2019-04-10 12:56:33', '2019-04-10 12:56:33'),
(54, 16, 21, 23, 0, '2019-04-10 13:33:20', '2019-04-10 13:33:20'),
(55, 12, 22, 33, 0, '2019-04-11 06:34:40', '2019-04-11 06:34:40'),
(56, 12, 22, 33, 0, '2019-04-11 06:34:45', '2019-04-11 06:34:45'),
(57, 12, 22, 33, 0, '2019-04-11 06:49:33', '2019-04-11 06:49:33'),
(58, 35, 26, 25, 0, '2019-04-11 07:15:42', '2019-04-11 07:15:42'),
(59, 12, 21, 37, 0, '2019-04-11 07:21:34', '2019-04-11 07:21:34'),
(60, 12, 21, 37, 0, '2019-04-11 07:22:05', '2019-04-11 07:22:05'),
(61, 12, 21, 37, 0, '2019-04-11 07:24:25', '2019-04-11 07:24:25'),
(62, 12, 21, 37, 0, '2019-04-11 07:24:25', '2019-04-11 07:24:25'),
(63, 12, 21, 38, 0, '2019-04-11 07:30:49', '2019-04-11 07:30:49'),
(64, 16, 21, 38, 0, '2019-04-11 07:30:52', '2019-04-11 07:30:52'),
(65, 12, 21, 38, 0, '2019-04-11 07:31:54', '2019-04-11 07:31:54'),
(66, 16, 21, 38, 0, '2019-04-11 07:31:58', '2019-04-11 07:31:58'),
(67, 12, 21, 38, 0, '2019-04-11 07:32:37', '2019-04-11 07:32:37'),
(68, 12, 21, 38, 0, '2019-04-11 07:33:11', '2019-04-11 07:33:11'),
(69, 12, 21, 38, 0, '2019-04-11 07:33:45', '2019-04-11 07:33:45'),
(70, 12, 21, 39, 0, '2019-04-11 07:37:06', '2019-04-11 07:37:06'),
(71, 12, 21, 39, 0, '2019-04-11 07:37:36', '2019-04-11 07:37:36'),
(72, 12, 21, 39, 0, '2019-04-11 07:37:58', '2019-04-11 07:37:58'),
(73, 12, 21, 39, 0, '2019-04-11 07:38:10', '2019-04-11 07:38:10'),
(74, 12, 21, 39, 0, '2019-04-11 07:38:40', '2019-04-11 07:38:40'),
(75, 12, 21, 38, 0, '2019-04-11 07:46:38', '2019-04-11 07:46:38'),
(76, 16, 21, 39, 0, '2019-04-11 08:00:15', '2019-04-11 08:00:15'),
(77, 16, 21, 39, 0, '2019-04-11 08:00:30', '2019-04-11 08:00:30'),
(78, 12, 21, 38, 0, '2019-04-11 08:00:35', '2019-04-11 08:00:35'),
(79, 12, 21, 38, 0, '2019-04-11 08:00:39', '2019-04-11 08:00:39'),
(80, 12, 21, 38, 0, '2019-04-11 08:00:42', '2019-04-11 08:00:42'),
(81, 16, 21, 39, 0, '2019-04-11 08:01:09', '2019-04-11 08:01:09'),
(82, 12, 21, 39, 0, '2019-04-11 08:01:23', '2019-04-11 08:01:23'),
(83, 16, 21, 41, 0, '2019-04-11 08:10:23', '2019-04-11 08:10:23'),
(84, 16, 21, 43, 0, '2019-04-11 08:11:03', '2019-04-11 08:11:03'),
(85, 16, 21, 41, 0, '2019-04-11 09:07:50', '2019-04-11 09:07:50'),
(86, 16, 21, 41, 0, '2019-04-11 09:08:11', '2019-04-11 09:08:11'),
(87, 13, 24, 47, 0, '2019-04-11 09:50:48', '2019-04-11 09:50:48'),
(88, 13, 21, 44, 0, '2019-04-11 09:51:17', '2019-04-11 09:51:17'),
(89, 13, 21, 44, 0, '2019-04-11 09:52:21', '2019-04-11 09:52:21'),
(90, 13, 24, 47, 0, '2019-04-11 09:52:25', '2019-04-11 09:52:25'),
(91, 16, 21, 44, 0, '2019-04-11 11:53:44', '2019-04-11 11:53:44'),
(92, 16, 21, 44, 0, '2019-04-11 11:59:41', '2019-04-11 11:59:41'),
(93, 16, 21, 44, 0, '2019-04-11 12:00:23', '2019-04-11 12:00:23'),
(94, 16, 21, 44, 0, '2019-04-11 12:02:14', '2019-04-11 12:02:14'),
(95, 16, 21, 44, 0, '2019-04-11 12:04:29', '2019-04-11 12:04:29'),
(96, 16, 21, 44, 0, '2019-04-11 12:51:20', '2019-04-11 12:51:20'),
(97, 16, 21, 44, 0, '2019-04-11 12:51:57', '2019-04-11 12:51:57'),
(98, 16, 21, 44, 0, '2019-04-11 12:52:28', '2019-04-11 12:52:28'),
(99, 16, 21, 44, 0, '2019-04-11 12:52:43', '2019-04-11 12:52:43'),
(100, 16, 21, 44, 0, '2019-04-11 12:54:42', '2019-04-11 12:54:42'),
(101, 16, 21, 44, 0, '2019-04-11 12:55:15', '2019-04-11 12:55:15'),
(102, 16, 21, 44, 0, '2019-04-11 12:57:20', '2019-04-11 12:57:20'),
(103, 16, 21, 44, 0, '2019-04-11 12:57:30', '2019-04-11 12:57:30'),
(104, 16, 21, 44, 0, '2019-04-11 12:57:36', '2019-04-11 12:57:36'),
(105, 16, 21, 44, 0, '2019-04-11 12:57:46', '2019-04-11 12:57:46'),
(106, 16, 21, 44, 0, '2019-04-11 12:57:56', '2019-04-11 12:57:56'),
(107, 16, 21, 44, 0, '2019-04-11 12:58:02', '2019-04-11 12:58:02'),
(108, 16, 21, 44, 0, '2019-04-11 12:58:11', '2019-04-11 12:58:11'),
(109, 16, 28, 36, 0, '2019-04-11 13:05:33', '2019-04-11 13:05:33'),
(110, 16, 28, 36, 0, '2019-04-11 13:05:40', '2019-04-11 13:05:40'),
(111, 16, 28, 36, 0, '2019-04-11 13:05:51', '2019-04-11 13:05:51'),
(112, 12, 22, 50, 0, '2019-04-11 14:16:14', '2019-04-11 14:16:14'),
(113, 12, 22, 50, 0, '2019-04-11 14:17:07', '2019-04-11 14:17:07'),
(114, 12, 22, 50, 0, '2019-04-11 14:17:35', '2019-04-11 14:17:35'),
(115, 12, 22, 50, 0, '2019-04-11 14:17:48', '2019-04-11 14:17:48'),
(116, 12, 24, 51, 0, '2019-04-11 14:18:23', '2019-04-11 14:18:23'),
(117, 12, 24, 51, 0, '2019-04-11 14:19:01', '2019-04-11 14:19:01'),
(118, 12, 24, 51, 0, '2019-04-11 14:19:11', '2019-04-11 14:19:11'),
(119, 12, 24, 51, 0, '2019-04-11 14:19:25', '2019-04-11 14:19:25'),
(120, 12, 24, 53, 0, '2019-04-11 14:27:14', '2019-04-11 14:27:14'),
(121, 12, 24, 53, 0, '2019-04-11 14:27:37', '2019-04-11 14:27:37'),
(122, 12, 24, 53, 0, '2019-04-11 14:27:51', '2019-04-11 14:27:51'),
(123, 12, 24, 52, 0, '2019-04-11 14:33:03', '2019-04-11 14:33:03'),
(124, 12, 24, 52, 0, '2019-04-11 14:33:31', '2019-04-11 14:33:31'),
(125, 12, 24, 52, 0, '2019-04-11 14:33:44', '2019-04-11 14:33:44'),
(126, 12, 24, 52, 0, '2019-04-11 14:34:01', '2019-04-11 14:34:01'),
(127, 12, 22, 50, 0, '2019-04-12 05:12:35', '2019-04-12 05:12:35'),
(128, 9, 41, 56, 0, '2019-04-12 11:36:57', '2019-04-12 11:36:57'),
(129, 9, 41, 56, 0, '2019-04-12 11:37:39', '2019-04-12 11:37:39'),
(130, 12, 21, 44, 0, '2019-04-12 11:38:07', '2019-04-12 11:38:07'),
(131, 12, 22, 50, 0, '2019-04-12 11:38:22', '2019-04-12 11:38:22'),
(132, 35, 42, 57, 0, '2019-04-15 15:42:20', '2019-04-15 15:42:20'),
(133, 35, 42, 57, 0, '2019-04-15 16:53:48', '2019-04-15 16:53:48'),
(134, 35, 42, 57, 0, '2019-04-15 16:54:12', '2019-04-15 16:54:12'),
(135, 35, 42, 57, 0, '2019-04-15 16:54:13', '2019-04-15 16:54:13'),
(136, 35, 42, 57, 0, '2019-04-15 16:54:13', '2019-04-15 16:54:13'),
(137, 35, 42, 57, 0, '2019-04-15 16:54:13', '2019-04-15 16:54:13'),
(138, 35, 42, 57, 0, '2019-04-15 16:54:13', '2019-04-15 16:54:13'),
(139, 35, 42, 57, 0, '2019-04-15 16:54:13', '2019-04-15 16:54:13'),
(140, 34, 42, 58, 0, '2019-04-15 17:07:32', '2019-04-15 17:07:32'),
(141, 16, 26, 60, 0, '2019-04-16 11:33:18', '2019-04-16 11:33:18'),
(142, 16, 26, 60, 0, '2019-04-16 11:34:39', '2019-04-16 11:34:39'),
(143, 16, 26, 60, 0, '2019-04-16 11:36:21', '2019-04-16 11:36:21'),
(144, 16, 26, 60, 0, '2019-04-16 11:37:11', '2019-04-16 11:37:11'),
(145, 16, 26, 60, 0, '2019-04-16 11:39:16', '2019-04-16 11:39:16'),
(146, 16, 26, 60, 0, '2019-04-16 11:40:23', '2019-04-16 11:40:23'),
(147, 16, 26, 60, 0, '2019-04-16 11:42:13', '2019-04-16 11:42:13'),
(148, 16, 26, 60, 0, '2019-04-16 11:42:49', '2019-04-16 11:42:49'),
(149, 16, 26, 60, 0, '2019-04-16 11:43:14', '2019-04-16 11:43:14'),
(150, 16, 26, 60, 0, '2019-04-16 11:43:23', '2019-04-16 11:43:23'),
(151, 16, 26, 60, 0, '2019-04-16 11:43:30', '2019-04-16 11:43:30'),
(152, 16, 26, 60, 0, '2019-04-16 11:44:40', '2019-04-16 11:44:40'),
(153, 16, 26, 60, 0, '2019-04-16 11:44:55', '2019-04-16 11:44:55'),
(154, 16, 26, 60, 0, '2019-04-16 11:45:03', '2019-04-16 11:45:03'),
(155, 16, 26, 60, 0, '2019-04-16 11:45:21', '2019-04-16 11:45:21'),
(156, 16, 26, 60, 0, '2019-04-16 11:45:34', '2019-04-16 11:45:34'),
(157, 16, 26, 60, 0, '2019-04-16 11:45:43', '2019-04-16 11:45:43'),
(158, 16, 26, 60, 0, '2019-04-16 11:45:56', '2019-04-16 11:45:56'),
(159, 16, 26, 60, 0, '2019-04-16 11:46:46', '2019-04-16 11:46:46'),
(160, 16, 26, 60, 0, '2019-04-16 11:47:02', '2019-04-16 11:47:02'),
(167, 16, 25, 59, 0, '2019-04-16 12:01:19', '2019-04-16 12:01:19'),
(168, 16, 25, 59, 0, '2019-04-16 12:01:28', '2019-04-16 12:01:28'),
(169, 16, 25, 59, 0, '2019-04-16 12:01:38', '2019-04-16 12:01:38'),
(170, 16, 25, 59, 0, '2019-04-16 12:02:08', '2019-04-16 12:02:08'),
(171, 16, 25, 59, 0, '2019-04-16 12:02:29', '2019-04-16 12:02:29'),
(172, 16, 25, 61, 0, '2019-04-16 12:04:24', '2019-04-16 12:04:24'),
(173, 16, 26, 60, 0, '2019-04-16 12:09:13', '2019-04-16 12:09:13'),
(174, 16, 26, 60, 0, '2019-04-16 12:09:31', '2019-04-16 12:09:31'),
(175, 16, 26, 60, 0, '2019-04-16 12:09:50', '2019-04-16 12:09:50'),
(176, 16, 25, 61, 0, '2019-04-16 12:21:07', '2019-04-16 12:21:07'),
(177, 16, 25, 59, 0, '2019-04-16 12:27:47', '2019-04-16 12:27:47'),
(178, 16, 25, 59, 0, '2019-04-16 12:27:57', '2019-04-16 12:27:57'),
(179, 16, 25, 59, 0, '2019-04-16 12:28:15', '2019-04-16 12:28:15'),
(180, 16, 25, 59, 0, '2019-04-16 12:28:28', '2019-04-16 12:28:28'),
(181, 16, 25, 59, 0, '2019-04-16 12:28:48', '2019-04-16 12:28:48'),
(182, 16, 25, 61, 0, '2019-04-16 12:29:09', '2019-04-16 12:29:09'),
(183, 16, 25, 61, 0, '2019-04-16 12:29:50', '2019-04-16 12:29:50'),
(184, 16, 25, 61, 0, '2019-04-16 12:38:29', '2019-04-16 12:38:29'),
(185, 16, 25, 61, 0, '2019-04-16 12:38:56', '2019-04-16 12:38:56'),
(186, 16, 25, 61, 0, '2019-04-16 12:39:06', '2019-04-16 12:39:06'),
(190, 16, 25, 61, 0, '2019-04-16 13:23:13', '2019-04-16 13:23:13'),
(191, 16, 25, 61, 0, '2019-04-16 13:23:34', '2019-04-16 13:23:34'),
(192, 16, 25, 61, 0, '2019-04-16 13:23:52', '2019-04-16 13:23:52'),
(193, 16, 21, 63, 0, '2019-04-17 07:19:07', '2019-04-17 07:19:07'),
(194, 16, 21, 63, 0, '2019-04-17 07:19:58', '2019-04-17 07:19:58'),
(195, 16, 21, 63, 0, '2019-04-17 07:20:39', '2019-04-17 07:20:39'),
(196, 16, 26, 60, 0, '2019-04-17 07:21:41', '2019-04-17 07:21:41'),
(197, 16, 26, 60, 0, '2019-04-17 07:21:43', '2019-04-17 07:21:43'),
(198, 16, 26, 60, 0, '2019-04-17 07:22:35', '2019-04-17 07:22:35'),
(199, 16, 26, 60, 0, '2019-04-17 07:23:16', '2019-04-17 07:23:16'),
(200, 16, 26, 60, 0, '2019-04-17 07:24:03', '2019-04-17 07:24:03'),
(201, 16, 26, 60, 0, '2019-04-17 07:24:47', '2019-04-17 07:24:47'),
(202, 16, 26, 60, 0, '2019-04-17 07:25:00', '2019-04-17 07:25:00'),
(203, 16, 26, 60, 0, '2019-04-17 07:27:54', '2019-04-17 07:27:54'),
(204, 14, 21, 62, 0, '2019-04-17 07:40:55', '2019-04-17 07:40:55'),
(205, 14, 21, 62, 0, '2019-04-17 07:53:22', '2019-04-17 07:53:22'),
(206, 14, 21, 62, 0, '2019-04-17 07:53:32', '2019-04-17 07:53:32'),
(207, 14, 21, 62, 0, '2019-04-17 07:53:41', '2019-04-17 07:53:41'),
(208, 14, 21, 62, 0, '2019-04-17 07:54:13', '2019-04-17 07:54:13'),
(209, 14, 21, 62, 0, '2019-04-17 07:56:02', '2019-04-17 07:56:02'),
(210, 16, 25, 59, 0, '2019-04-17 09:23:04', '2019-04-17 09:23:04'),
(211, 16, 21, 63, 0, '2019-04-18 12:14:53', '2019-04-18 12:14:53'),
(212, 16, 21, 63, 0, '2019-04-18 12:16:06', '2019-04-18 12:16:06'),
(213, 16, 21, 63, 0, '2019-04-18 12:18:28', '2019-04-18 12:18:28'),
(214, 16, 21, 64, 0, '2019-04-18 12:19:42', '2019-04-18 12:19:42'),
(215, 16, 21, 64, 0, '2019-04-18 12:19:57', '2019-04-18 12:19:57'),
(216, 33, 36, 69, 0, '2019-04-19 10:31:35', '2019-04-19 10:31:35'),
(217, 33, 36, 69, 0, '2019-04-19 10:33:54', '2019-04-19 10:33:54'),
(218, 33, 36, 69, 0, '2019-04-19 10:35:27', '2019-04-19 10:35:27'),
(219, 33, 39, 70, 0, '2019-04-19 10:36:04', '2019-04-19 10:36:04'),
(220, 33, 36, 69, 0, '2019-04-19 11:20:38', '2019-04-19 11:20:38'),
(221, 33, 36, 69, 0, '2019-04-19 11:20:40', '2019-04-19 11:20:40'),
(222, 33, 36, 69, 0, '2019-04-19 11:20:44', '2019-04-19 11:20:44'),
(223, 33, 36, 69, 0, '2019-04-19 11:21:12', '2019-04-19 11:21:12'),
(224, 33, 36, 69, 0, '2019-04-19 11:21:15', '2019-04-19 11:21:15'),
(225, 33, 36, 69, 0, '2019-04-19 11:21:17', '2019-04-19 11:21:17'),
(226, 33, 36, 69, 0, '2019-04-19 11:21:21', '2019-04-19 11:21:21'),
(227, 33, 36, 68, 0, '2019-04-19 11:22:23', '2019-04-19 11:22:23'),
(228, 34, 36, 75, 0, '2019-04-19 11:49:19', '2019-04-19 11:49:19'),
(229, 35, 36, 75, 0, '2019-04-19 11:49:21', '2019-04-19 11:49:21'),
(230, 36, 36, 75, 0, '2019-04-19 11:49:23', '2019-04-19 11:49:23'),
(231, 37, 36, 75, 0, '2019-04-19 11:49:25', '2019-04-19 11:49:25'),
(232, 33, 36, 75, 0, '2019-04-19 11:49:29', '2019-04-19 11:49:29'),
(233, 34, 36, 75, 0, '2019-04-19 11:50:07', '2019-04-19 11:50:07'),
(234, 35, 36, 75, 0, '2019-04-19 11:50:08', '2019-04-19 11:50:08'),
(235, 36, 36, 75, 0, '2019-04-19 11:50:10', '2019-04-19 11:50:10'),
(236, 37, 36, 75, 0, '2019-04-19 11:50:11', '2019-04-19 11:50:11'),
(237, 33, 36, 75, 0, '2019-04-19 11:50:12', '2019-04-19 11:50:12'),
(238, 34, 36, 75, 0, '2019-04-19 11:51:09', '2019-04-19 11:51:09'),
(239, 35, 36, 75, 0, '2019-04-19 11:51:11', '2019-04-19 11:51:11'),
(240, 36, 36, 75, 0, '2019-04-19 11:51:13', '2019-04-19 11:51:13'),
(241, 37, 36, 75, 0, '2019-04-19 11:51:14', '2019-04-19 11:51:14'),
(242, 33, 36, 75, 0, '2019-04-19 11:51:16', '2019-04-19 11:51:16'),
(243, 34, 36, 75, 0, '2019-04-19 11:51:20', '2019-04-19 11:51:20'),
(244, 34, 35, 74, 0, '2019-04-19 11:55:25', '2019-04-19 11:55:25'),
(245, 35, 35, 74, 0, '2019-04-19 11:55:27', '2019-04-19 11:55:27'),
(246, 36, 35, 74, 0, '2019-04-19 11:55:28', '2019-04-19 11:55:28'),
(247, 37, 35, 74, 0, '2019-04-19 11:55:30', '2019-04-19 11:55:30'),
(248, 33, 35, 74, 0, '2019-04-19 11:55:33', '2019-04-19 11:55:33'),
(249, 33, 35, 74, 0, '2019-04-19 11:59:43', '2019-04-19 11:59:43'),
(250, 34, 35, 74, 0, '2019-04-19 11:59:47', '2019-04-19 11:59:47'),
(251, 35, 35, 74, 0, '2019-04-19 11:59:51', '2019-04-19 11:59:51'),
(252, 36, 35, 74, 0, '2019-04-19 11:59:54', '2019-04-19 11:59:54'),
(253, 37, 35, 74, 0, '2019-04-19 11:59:57', '2019-04-19 11:59:57'),
(254, 33, 35, 74, 0, '2019-04-19 12:00:40', '2019-04-19 12:00:40'),
(255, 34, 35, 74, 0, '2019-04-19 12:00:43', '2019-04-19 12:00:43'),
(256, 35, 35, 74, 0, '2019-04-19 12:00:46', '2019-04-19 12:00:46'),
(257, 36, 35, 74, 0, '2019-04-19 12:00:48', '2019-04-19 12:00:48'),
(258, 37, 35, 74, 0, '2019-04-19 12:00:51', '2019-04-19 12:00:51'),
(259, 33, 39, 72, 0, '2019-04-19 12:28:50', '2019-04-19 12:28:50'),
(260, 34, 35, 76, 0, '2019-04-19 12:28:52', '2019-04-19 12:28:52'),
(261, 35, 39, 72, 0, '2019-04-19 12:28:54', '2019-04-19 12:28:54'),
(262, 36, 39, 72, 0, '2019-04-19 12:28:56', '2019-04-19 12:28:56'),
(263, 37, 35, 76, 0, '2019-04-19 12:28:58', '2019-04-19 12:28:58'),
(264, 33, 35, 76, 0, '2019-04-19 12:29:41', '2019-04-19 12:29:41'),
(265, 34, 35, 76, 0, '2019-04-19 12:30:07', '2019-04-19 12:30:07'),
(266, 35, 35, 76, 0, '2019-04-19 12:30:18', '2019-04-19 12:30:18'),
(267, 36, 35, 76, 0, '2019-04-19 12:30:25', '2019-04-19 12:30:25'),
(268, 37, 35, 76, 0, '2019-04-19 12:30:40', '2019-04-19 12:30:40'),
(269, 33, 35, 76, 0, '2019-04-19 12:31:05', '2019-04-19 12:31:05'),
(270, 34, 35, 76, 0, '2019-04-19 12:31:08', '2019-04-19 12:31:08'),
(271, 35, 35, 76, 0, '2019-04-19 12:31:15', '2019-04-19 12:31:15'),
(272, 36, 35, 76, 0, '2019-04-19 12:31:17', '2019-04-19 12:31:17'),
(273, 37, 35, 76, 0, '2019-04-19 12:31:20', '2019-04-19 12:31:20'),
(274, 37, 35, 76, 0, '2019-04-19 12:32:37', '2019-04-19 12:32:37'),
(275, 36, 35, 76, 0, '2019-04-19 12:41:19', '2019-04-19 12:41:19'),
(276, 33, 35, 76, 0, '2019-04-19 12:41:25', '2019-04-19 12:41:25'),
(277, 33, 35, 76, 0, '2019-04-19 12:41:32', '2019-04-19 12:41:32'),
(278, 37, 35, 76, 0, '2019-04-19 12:49:04', '2019-04-19 12:49:04'),
(279, 35, 35, 76, 0, '2019-04-19 12:49:07', '2019-04-19 12:49:07'),
(280, 34, 35, 76, 0, '2019-04-19 12:49:10', '2019-04-19 12:49:10'),
(281, 33, 35, 76, 0, '2019-04-19 12:49:12', '2019-04-19 12:49:12'),
(282, 37, 35, 76, 0, '2019-04-19 12:49:38', '2019-04-19 12:49:38'),
(283, 35, 42, 58, 0, '2019-04-21 13:48:36', '2019-04-21 13:48:36'),
(284, 36, 35, 76, 0, '2019-04-22 10:45:27', '2019-04-22 10:45:27'),
(285, 36, 35, 76, 0, '2019-04-22 10:47:34', '2019-04-22 10:47:34'),
(286, 36, 35, 76, 0, '2019-04-22 10:47:47', '2019-04-22 10:47:47'),
(287, 36, 35, 76, 0, '2019-04-22 10:48:56', '2019-04-22 10:48:56'),
(288, 35, 35, 76, 0, '2019-04-22 10:49:00', '2019-04-22 10:49:00'),
(289, 36, 35, 76, 0, '2019-04-22 10:49:02', '2019-04-22 10:49:02'),
(290, 36, 35, 76, 0, '2019-04-22 10:49:06', '2019-04-22 10:49:06'),
(291, 36, 35, 76, 0, '2019-04-22 10:49:09', '2019-04-22 10:49:09'),
(292, 36, 35, 76, 0, '2019-04-22 10:49:11', '2019-04-22 10:49:11'),
(293, 36, 35, 76, 0, '2019-04-22 10:49:14', '2019-04-22 10:49:14'),
(294, 36, 35, 76, 0, '2019-04-22 10:49:18', '2019-04-22 10:49:18'),
(295, 36, 35, 76, 0, '2019-04-22 10:50:06', '2019-04-22 10:50:06'),
(296, 35, 35, 76, 0, '2019-04-22 10:50:08', '2019-04-22 10:50:08'),
(297, 36, 35, 76, 0, '2019-04-22 10:50:10', '2019-04-22 10:50:10'),
(298, 36, 35, 76, 0, '2019-04-22 10:50:12', '2019-04-22 10:50:12'),
(299, 36, 35, 76, 0, '2019-04-22 10:50:14', '2019-04-22 10:50:14'),
(300, 36, 35, 76, 0, '2019-04-22 10:50:16', '2019-04-22 10:50:16'),
(301, 36, 35, 76, 0, '2019-04-22 10:50:18', '2019-04-22 10:50:18'),
(302, 36, 35, 76, 0, '2019-04-22 10:50:42', '2019-04-22 10:50:42'),
(303, 35, 35, 76, 0, '2019-04-22 10:50:45', '2019-04-22 10:50:45'),
(304, 36, 35, 76, 0, '2019-04-22 10:50:46', '2019-04-22 10:50:46'),
(305, 36, 37, 84, 0, '2019-04-22 11:03:27', '2019-04-22 11:03:27'),
(306, 36, 37, 84, 0, '2019-04-22 11:03:30', '2019-04-22 11:03:30'),
(307, 36, 37, 84, 0, '2019-04-22 11:03:32', '2019-04-22 11:03:32'),
(308, 36, 37, 84, 0, '2019-04-22 11:03:34', '2019-04-22 11:03:34'),
(309, 36, 37, 84, 0, '2019-04-22 11:03:36', '2019-04-22 11:03:36'),
(310, 36, 37, 83, 0, '2019-04-22 11:03:42', '2019-04-22 11:03:42'),
(311, 36, 37, 83, 0, '2019-04-22 11:05:23', '2019-04-22 11:05:23'),
(312, 36, 37, 83, 0, '2019-04-22 11:05:25', '2019-04-22 11:05:25'),
(313, 36, 37, 83, 0, '2019-04-22 11:05:26', '2019-04-22 11:05:26'),
(314, 36, 37, 83, 0, '2019-04-22 11:05:28', '2019-04-22 11:05:28'),
(315, 36, 37, 81, 0, '2019-04-22 11:08:22', '2019-04-22 11:08:22'),
(316, 36, 37, 81, 0, '2019-04-22 11:08:24', '2019-04-22 11:08:24'),
(317, 36, 37, 81, 0, '2019-04-22 11:08:26', '2019-04-22 11:08:26'),
(318, 36, 37, 81, 0, '2019-04-22 11:08:27', '2019-04-22 11:08:27'),
(319, 36, 37, 81, 0, '2019-04-22 11:08:30', '2019-04-22 11:08:30'),
(320, 36, 37, 81, 0, '2019-04-22 11:08:32', '2019-04-22 11:08:32'),
(321, 36, 37, 81, 0, '2019-04-22 11:08:34', '2019-04-22 11:08:34'),
(322, 36, 37, 81, 0, '2019-04-22 11:08:35', '2019-04-22 11:08:35'),
(323, 36, 37, 81, 0, '2019-04-22 11:09:06', '2019-04-22 11:09:06'),
(324, 36, 37, 81, 0, '2019-04-22 11:09:08', '2019-04-22 11:09:08'),
(325, 36, 31, 82, 0, '2019-04-22 11:09:09', '2019-04-22 11:09:09'),
(326, 36, 31, 82, 0, '2019-04-22 11:14:26', '2019-04-22 11:14:26'),
(327, 36, 31, 82, 0, '2019-04-22 11:14:32', '2019-04-22 11:14:32'),
(328, 36, 31, 82, 0, '2019-04-22 11:14:40', '2019-04-22 11:14:40'),
(329, 36, 35, 80, 0, '2019-04-22 11:14:42', '2019-04-22 11:14:42'),
(330, 36, 35, 80, 0, '2019-04-22 11:15:04', '2019-04-22 11:15:04'),
(331, 36, 31, 82, 0, '2019-04-22 11:15:06', '2019-04-22 11:15:06'),
(332, 36, 35, 80, 0, '2019-04-22 11:15:08', '2019-04-22 11:15:08'),
(333, 36, 31, 82, 0, '2019-04-22 11:15:10', '2019-04-22 11:15:10'),
(334, 36, 35, 80, 0, '2019-04-22 11:15:13', '2019-04-22 11:15:13'),
(335, 35, 42, 58, 0, '2019-04-22 11:15:27', '2019-04-22 11:15:27'),
(336, 36, 31, 82, 0, '2019-04-22 11:29:34', '2019-04-22 11:29:34'),
(337, 36, 35, 80, 0, '2019-04-22 11:29:39', '2019-04-22 11:29:39'),
(338, 36, 31, 82, 0, '2019-04-22 11:29:46', '2019-04-22 11:29:46'),
(339, 36, 35, 80, 0, '2019-04-22 11:29:50', '2019-04-22 11:29:50'),
(340, 36, 35, 80, 0, '2019-04-22 11:30:12', '2019-04-22 11:30:12'),
(341, 36, 35, 80, 0, '2019-04-22 11:30:19', '2019-04-22 11:30:19'),
(342, 36, 35, 80, 0, '2019-04-22 11:30:36', '2019-04-22 11:30:36'),
(343, 36, 35, 80, 0, '2019-04-22 11:30:50', '2019-04-22 11:30:50'),
(344, 36, 31, 82, 0, '2019-04-22 11:31:52', '2019-04-22 11:31:52'),
(345, 36, 31, 82, 0, '2019-04-22 11:34:00', '2019-04-22 11:34:00'),
(346, 36, 15, 85, 0, '2019-04-22 11:55:13', '2019-04-22 11:55:13'),
(347, 36, 15, 85, 0, '2019-04-22 11:55:14', '2019-04-22 11:55:14'),
(348, 36, 15, 85, 0, '2019-04-22 11:57:25', '2019-04-22 11:57:25'),
(349, 35, 31, 90, 0, '2019-04-22 12:10:28', '2019-04-22 12:10:28'),
(350, 35, 31, 90, 0, '2019-04-22 12:10:33', '2019-04-22 12:10:33'),
(351, 35, 31, 90, 0, '2019-04-22 12:10:36', '2019-04-22 12:10:36'),
(352, 35, 31, 90, 0, '2019-04-22 12:10:38', '2019-04-22 12:10:38'),
(353, 35, 31, 90, 0, '2019-04-22 12:10:42', '2019-04-22 12:10:42'),
(354, 35, 31, 90, 0, '2019-04-22 12:10:46', '2019-04-22 12:10:46'),
(355, 35, 31, 90, 0, '2019-04-22 12:10:49', '2019-04-22 12:10:49'),
(356, 35, 31, 91, 0, '2019-04-22 12:11:15', '2019-04-22 12:11:15'),
(357, 35, 31, 91, 0, '2019-04-22 12:11:19', '2019-04-22 12:11:19'),
(358, 35, 31, 91, 0, '2019-04-22 12:11:23', '2019-04-22 12:11:23'),
(359, 35, 31, 91, 0, '2019-04-22 12:11:26', '2019-04-22 12:11:26'),
(360, 35, 31, 91, 0, '2019-04-22 12:11:32', '2019-04-22 12:11:32'),
(361, 35, 31, 91, 0, '2019-04-22 12:11:36', '2019-04-22 12:11:36'),
(362, 35, 31, 91, 0, '2019-04-22 12:11:41', '2019-04-22 12:11:41'),
(363, 35, 31, 89, 0, '2019-04-22 12:11:44', '2019-04-22 12:11:44'),
(364, 35, 31, 89, 0, '2019-04-22 12:12:08', '2019-04-22 12:12:08'),
(365, 35, 31, 89, 0, '2019-04-22 12:12:13', '2019-04-22 12:12:13'),
(366, 35, 31, 89, 0, '2019-04-22 12:12:21', '2019-04-22 12:12:21'),
(367, 35, 31, 89, 0, '2019-04-22 12:12:24', '2019-04-22 12:12:24'),
(368, 35, 31, 89, 0, '2019-04-22 12:12:27', '2019-04-22 12:12:27'),
(369, 35, 31, 89, 0, '2019-04-22 12:12:30', '2019-04-22 12:12:30'),
(370, 35, 31, 89, 0, '2019-04-22 12:12:34', '2019-04-22 12:12:34'),
(371, 35, 31, 89, 0, '2019-04-22 12:12:39', '2019-04-22 12:12:39'),
(372, 37, 31, 89, 0, '2019-04-22 12:13:27', '2019-04-22 12:13:27'),
(373, 36, 15, 93, 0, '2019-04-22 12:28:35', '2019-04-22 12:28:35'),
(374, 34, 15, 93, 0, '2019-04-22 12:28:36', '2019-04-22 12:28:36'),
(375, 36, 15, 93, 0, '2019-04-22 12:59:32', '2019-04-22 12:59:32'),
(376, 34, 15, 93, 0, '2019-04-22 13:01:18', '2019-04-22 13:01:18'),
(377, 34, 15, 94, 0, '2019-04-22 13:02:26', '2019-04-22 13:02:26'),
(378, 34, 15, 94, 0, '2019-04-22 13:02:35', '2019-04-22 13:02:35'),
(379, 34, 15, 95, 0, '2019-04-22 13:05:07', '2019-04-22 13:05:07'),
(380, 34, 15, 96, 0, '2019-04-22 13:06:17', '2019-04-22 13:06:17'),
(381, 34, 15, 96, 0, '2019-04-22 13:06:25', '2019-04-22 13:06:25'),
(382, 34, 15, 95, 0, '2019-04-22 13:06:32', '2019-04-22 13:06:32'),
(383, 34, 15, 95, 0, '2019-04-22 13:12:43', '2019-04-22 13:12:43'),
(384, 34, 15, 95, 0, '2019-04-22 13:13:57', '2019-04-22 13:13:57'),
(385, 34, 15, 95, 0, '2019-04-22 13:14:01', '2019-04-22 13:14:01'),
(386, 34, 15, 95, 0, '2019-04-22 13:14:08', '2019-04-22 13:14:08'),
(387, 34, 15, 95, 0, '2019-04-22 13:14:14', '2019-04-22 13:14:14'),
(388, 34, 15, 95, 0, '2019-04-22 13:14:18', '2019-04-22 13:14:18'),
(389, 34, 15, 95, 0, '2019-04-22 13:14:24', '2019-04-22 13:14:24'),
(390, 34, 15, 95, 0, '2019-04-22 13:14:36', '2019-04-22 13:14:36'),
(391, 34, 15, 93, 0, '2019-04-22 13:14:43', '2019-04-22 13:14:43'),
(392, 34, 15, 97, 0, '2019-04-22 13:16:27', '2019-04-22 13:16:27'),
(393, 34, 15, 97, 0, '2019-04-22 13:16:33', '2019-04-22 13:16:33'),
(394, 34, 15, 97, 0, '2019-04-22 13:16:54', '2019-04-22 13:16:54'),
(395, 34, 15, 97, 0, '2019-04-22 13:17:39', '2019-04-22 13:17:39'),
(396, 34, 15, 93, 0, '2019-04-22 13:18:11', '2019-04-22 13:18:11'),
(397, 34, 15, 93, 0, '2019-04-22 13:18:18', '2019-04-22 13:18:18');

-- --------------------------------------------------------

--
-- Table structure for table `yp_campaign_detail`
--

CREATE TABLE `yp_campaign_detail` (
  `id` int(10) UNSIGNED NOT NULL,
  `name` varchar(100) COLLATE utf8mb4_unicode_ci NOT NULL,
  `pay_per_click` int(11) NOT NULL,
  `daily_budget` int(11) NOT NULL,
  `status` int(11) NOT NULL,
  `end_date` date NOT NULL,
  `b_id` int(10) UNSIGNED NOT NULL,
  `to_show` int(11) NOT NULL DEFAULT '1',
  `created_at` timestamp NULL DEFAULT NULL,
  `updated_at` timestamp NULL DEFAULT NULL
) ENGINE=InnoDB DEFAULT CHARSET=utf8mb4 COLLATE=utf8mb4_unicode_ci;

--
-- Dumping data for table `yp_campaign_detail`
--

INSERT INTO `yp_campaign_detail` (`id`, `name`, `pay_per_click`, `daily_budget`, `status`, `end_date`, `b_id`, `to_show`, `created_at`, `updated_at`) VALUES
(17, 'MyCamp1', 20, 30, 1, '2019-04-10', 21, 1, '2019-04-09 12:09:56', '2019-04-09 12:09:56'),
(18, 'MyCamp2', 100, 200, 1, '2019-04-10', 21, 1, '2019-04-09 12:10:54', '2019-04-09 12:10:54'),
(19, 'MyCamp3', 50, 100, 1, '2019-04-10', 21, 1, '2019-04-09 12:11:14', '2019-04-09 12:11:14'),
(20, 'MyCamp4', 50, 100, 1, '2019-04-10', 21, 1, '2019-04-09 12:12:04', '2019-04-09 12:12:04'),
(21, 'MyCamp5', 50, 100, 3, '2019-04-11', 21, 1, '2019-04-09 12:18:07', '2019-04-11 07:14:30'),
(22, 'MyCamp6', 10, 20, 3, '2019-04-11', 21, 2, '2019-04-09 13:15:58', '2019-04-11 07:14:28'),
(23, 'MyCamp7', 10, 861, 3, '2019-04-12', 21, 1, '2019-04-09 13:18:08', '2019-04-11 06:29:19'),
(24, 'MyCampkalonji1', 10, 200, 3, '2019-04-12', 26, 1, '2019-04-09 13:55:26', '2019-04-11 07:16:20'),
(25, 'MyCampkalonji2', 50, 300, 3, '2019-04-12', 26, 1, '2019-04-09 13:57:05', '2019-04-11 07:17:33'),
(26, 'MyCampWood1', 10, 100, 3, '2019-04-12', 21, 1, '2019-04-09 13:59:54', '2019-04-11 06:29:42'),
(27, 'MyCamp8', 10, 200, 3, '2019-04-12', 21, 1, '2019-04-09 14:05:29', '2019-04-11 06:29:34'),
(28, 'MyCampkalonji3', 15, 120, 3, '2019-04-12', 26, 1, '2019-04-09 14:07:19', '2019-04-11 07:16:25'),
(29, 'about woodland  Woodland\'s parent company, Aero Group, has been a well known name in the outdoor sho', 10, 100, 3, '2019-04-12', 26, 1, '2019-04-09 14:25:03', '2019-04-11 07:16:03'),
(30, ' Manufacturing Facilities  Woodland has its own integrated manufacturing unit and the products are a', 10, 94, 3, '2019-04-12', 26, 1, '2019-04-09 14:26:47', '2019-04-11 07:16:17'),
(31, 'mtest', 1, 180, 3, '2019-04-30', 21, 1, '2019-04-10 06:53:58', '2019-04-11 06:29:27'),
(32, 'MyCamp9', 60, 120, 3, '2019-04-12', 21, 1, '2019-04-10 07:48:15', '2019-04-11 06:30:39'),
(33, 'RedmiCamp1', 10, 100, 3, '2019-04-11', 22, 1, '2019-04-10 07:52:27', '2019-04-11 06:51:27'),
(34, 'DaftPunk1', 10, 2000, 1, '2019-04-12', 28, 1, '2019-04-10 12:39:39', '2019-04-10 12:39:39'),
(35, 'Nike1', 500, 20000, 3, '2019-04-12', 22, 1, '2019-04-10 12:41:04', '2019-04-11 06:29:05'),
(36, 'DAFTPUNK@', 60, 2000, 1, '2019-04-12', 28, 1, '2019-04-10 12:57:47', '2019-04-10 13:30:16'),
(37, 'Woodland1', 300, 1200, 3, '2019-04-12', 21, 1, '2019-04-11 07:21:02', '2019-04-11 09:28:23'),
(38, 'Woodland2', 50, 500, 3, '2019-04-13', 21, 1, '2019-04-11 07:29:49', '2019-04-11 09:28:27'),
(39, 'Woodland3', 50, 400, 3, '2019-04-12', 21, 1, '2019-04-11 07:35:39', '2019-04-11 09:28:29'),
(40, 'Woodland4', 50, 300, 3, '2019-04-12', 21, 1, '2019-04-11 08:06:42', '2019-04-11 09:28:31'),
(41, 'Woodland5', 100, 300, 3, '2019-04-12', 21, 1, '2019-04-11 08:07:00', '2019-04-11 09:27:15'),
(42, 'Woodland6', 50, 300, 3, '2019-04-12', 21, 1, '2019-04-11 08:08:55', '2019-04-11 09:28:33'),
(43, 'Woodland7', 100, 300, 3, '2019-04-12', 21, 1, '2019-04-11 08:09:09', '2019-04-11 09:28:35'),
(44, 'W1', 10, 200, 1, '2019-04-12', 21, 1, '2019-04-11 09:35:10', '2019-04-11 09:35:10'),
(45, 'W2', 20, 100, 1, '2019-04-12', 21, 1, '2019-04-11 09:35:32', '2019-04-11 09:35:32'),
(46, 'E1', 20, 200, 3, '2019-04-12', 22, 1, '2019-04-11 09:36:44', '2019-04-11 14:13:28'),
(47, 'Cat1', 30, 300, 3, '2019-04-12', 24, 1, '2019-04-11 09:37:23', '2019-04-11 14:13:58'),
(48, 'E2', 20, 100, 3, '2019-04-12', 22, 1, '2019-04-11 10:09:55', '2019-04-11 14:13:34'),
(49, 'E3', 30, 90, 3, '2019-04-12', 22, 1, '2019-04-11 10:11:02', '2019-04-11 14:13:35'),
(50, 'E4', 50, 200, 1, '2019-04-12', 22, 1, '2019-04-11 14:14:50', '2019-04-11 14:14:50'),
(51, 'Cat2', 54, 212, 1, '2019-04-12', 24, 1, '2019-04-11 14:15:15', '2019-04-11 14:24:47'),
(52, 'Cat4', 50, 200, 1, '2019-04-12', 24, 1, '2019-04-11 14:25:56', '2019-04-11 14:25:56'),
(53, 'cat3', 60, 180, 1, '2019-04-12', 24, 1, '2019-04-11 14:26:27', '2019-04-11 14:26:27'),
(54, 'E5', 50, 200, 3, '2019-04-12', 22, 1, '2019-04-11 14:38:22', '2019-04-11 14:40:17'),
(55, 'MyCamp1', 50, 200, 1, '2019-04-13', 40, 1, '2019-04-12 06:44:59', '2019-04-12 06:44:59'),
(56, 'MyCamp1', 50, 200, 3, '2019-04-13', 41, 1, '2019-04-12 11:35:33', '2019-04-12 11:39:35'),
(57, 'linux', 2, 15, 3, '2019-04-20', 42, 1, '2019-04-15 15:38:33', '2019-04-15 17:00:49'),
(58, 'linux and windows', 50, 500, 1, '2019-04-30', 42, 1, '2019-04-15 17:01:24', '2019-04-15 17:01:24'),
(59, 'plum camp sector 60', 2, 20, 3, '2019-04-30', 25, 1, '2019-04-16 11:26:36', '2019-04-17 09:23:35'),
(60, 'plum camp sec 66', 2, 46, 3, '2019-04-30', 26, 1, '2019-04-16 11:26:55', '2019-04-17 07:28:01'),
(61, 'plum camp sec 60 min price', 1, 10, 3, '2019-04-30', 25, 1, '2019-04-16 11:53:40', '2019-04-17 09:22:38'),
(62, '1', 1, 12, 3, '2019-04-18', 21, 1, '2019-04-17 07:17:15', '2019-04-17 07:59:40'),
(63, '2', 100, 300, 1, '2019-04-18', 21, 1, '2019-04-17 07:18:57', '2019-04-17 07:37:59'),
(64, '1', 1, 10, 1, '2019-04-18', 21, 1, '2019-04-17 09:41:35', '2019-04-17 09:41:35'),
(65, '1', 1, 11, 1, '2019-04-18', 24, 1, '2019-04-17 10:09:05', '2019-04-17 10:09:05'),
(66, '1', 10, 20, 1, '2019-04-18', 26, 1, '2019-04-17 10:11:53', '2019-04-17 10:46:10'),
(67, 'kalinji', 10, 20, 3, '2019-04-18', 26, 1, '2019-04-17 10:48:06', '2019-04-17 10:48:17'),
(68, 'camp1', 1, 10, 3, '2019-04-20', 36, 1, '2019-04-19 09:33:04', '2019-04-19 11:26:55'),
(69, 'camp1', 1, 10, 3, '2019-04-20', 36, 1, '2019-04-19 09:34:55', '2019-04-19 11:26:39'),
(70, 'Camp1', 1, 15, 3, '2019-04-20', 39, 1, '2019-04-19 09:35:45', '2019-04-19 11:36:51'),
(71, 'camp1', 1, 12, 3, '2019-04-20', 35, 1, '2019-04-19 09:52:31', '2019-04-19 11:36:45'),
(72, 'samsung6 add1', 1, 10, 1, '2019-04-20', 39, 1, '2019-04-19 11:39:39', '2019-04-19 11:39:39'),
(73, 'Samsung4 add1', 1, 11, 3, '2019-04-20', 35, 1, '2019-04-19 11:40:11', '2019-04-19 11:44:49'),
(74, 'Samsung3', 1, 12, 3, '2019-04-20', 35, 1, '2019-04-19 11:45:12', '2019-04-19 12:02:06'),
(75, 'Samsung4 add1', 1, 11, 3, '2019-04-20', 36, 1, '2019-04-19 11:45:43', '2019-04-19 11:55:10'),
(76, 'nnn', 1, 21, 3, '2019-04-30', 35, 1, '2019-04-19 12:02:47', '2019-04-22 10:58:54'),
(77, 'sadsumg6 add2', 1, 10, 1, '2019-04-20', 39, 1, '2019-04-19 12:52:38', '2019-04-19 12:52:38'),
(78, 'Samsung4 add2', 1, 10, 1, '2019-04-20', 36, 1, '2019-04-19 12:59:24', '2019-04-19 12:59:24'),
(79, 'Samsung4 add3', 2, 10, 1, '2019-04-20', 36, 1, '2019-04-19 12:59:44', '2019-04-19 12:59:44'),
(80, 'iop1', 1, 10, 3, '2019-04-23', 35, 1, '2019-04-22 10:59:47', '2019-04-22 12:03:36'),
(81, 'bnm1', 1, 10, 3, '2019-04-23', 37, 1, '2019-04-22 11:00:15', '2019-04-22 12:03:44'),
(82, 'tan1', 1, 10, 3, '2019-04-23', 31, 1, '2019-04-22 11:00:48', '2019-04-22 11:34:24'),
(83, 'bnm2', 2, 20, 3, '2019-04-23', 37, 1, '2019-04-22 11:01:41', '2019-04-22 12:03:47'),
(84, 'bnm3', 2, 20, 3, '2019-04-23', 37, 1, '2019-04-22 11:02:23', '2019-04-22 12:03:50'),
(85, 'mj1', 3, 10, 3, '2019-04-23', 15, 1, '2019-04-22 11:37:36', '2019-04-22 11:37:36'),
(86, 'mj2', 1, 10, 3, '2019-04-23', 15, 1, '2019-04-22 11:38:21', '2019-04-22 11:38:21'),
(87, 'iop2', 1, 10, 1, '2019-04-23', 35, 1, '2019-04-22 12:05:06', '2019-04-22 12:05:06'),
(88, 'bnm4', 1, 10, 1, '2019-04-23', 37, 1, '2019-04-22 12:05:35', '2019-04-22 12:05:35'),
(89, 'tan2', 1, 10, 3, '2019-04-23', 31, 1, '2019-04-22 12:06:03', '2019-04-22 12:14:55'),
(90, 'tan3', 3, 21, 3, '2019-04-23', 31, 1, '2019-04-22 12:06:45', '2019-04-22 12:14:57'),
(91, 'tan4', 3, 21, 3, '2019-04-23', 31, 1, '2019-04-22 12:07:07', '2019-04-22 12:14:59'),
(92, 'iop3', 3, 21, 1, '2019-04-23', 35, 1, '2019-04-22 12:08:29', '2019-04-22 12:08:29'),
(93, 'mj3', 10, 70, 1, '2019-04-23', 15, 1, '2019-04-22 12:17:58', '2019-04-22 12:17:58'),
(94, 'mj4', 30, 60, 3, '2019-04-23', 15, 1, '2019-04-22 13:02:16', '2019-04-22 13:03:40'),
(95, 'mj5', 50, 500, 3, '2019-04-23', 15, 1, '2019-04-22 13:04:08', '2019-04-22 13:15:05'),
(96, 'mj6', 60, 120, 3, '2019-04-23', 15, 1, '2019-04-22 13:05:47', '2019-04-22 13:15:11'),
(97, 'mj7', 50, 200, 1, '2019-04-23', 15, 1, '2019-04-22 13:15:43', '2019-04-22 13:15:43');

-- --------------------------------------------------------

--
-- Table structure for table `yp_campaign_impression`
--

CREATE TABLE `yp_campaign_impression` (
  `id` int(10) UNSIGNED NOT NULL,
  `cat_id` int(10) UNSIGNED NOT NULL,
  `camp_id` int(10) UNSIGNED NOT NULL,
  `created_at` timestamp NULL DEFAULT NULL,
  `updated_at` timestamp NULL DEFAULT NULL
) ENGINE=InnoDB DEFAULT CHARSET=utf8mb4 COLLATE=utf8mb4_unicode_ci;

--
-- Dumping data for table `yp_campaign_impression`
--

INSERT INTO `yp_campaign_impression` (`id`, `cat_id`, `camp_id`, `created_at`, `updated_at`) VALUES
(40, 14, 18, '2019-04-09 12:55:13', '2019-04-09 12:55:13'),
(41, 14, 18, '2019-04-09 12:55:20', '2019-04-09 12:55:20'),
(42, 14, 18, '2019-04-09 12:56:08', '2019-04-09 12:56:08'),
(43, 14, 18, '2019-04-09 12:58:07', '2019-04-09 12:58:07'),
(44, 14, 18, '2019-04-09 12:58:25', '2019-04-09 12:58:25'),
(45, 14, 18, '2019-04-09 13:04:35', '2019-04-09 13:04:35'),
(46, 35, 22, '2019-04-09 13:20:08', '2019-04-09 13:20:08'),
(47, 35, 22, '2019-04-09 13:21:50', '2019-04-09 13:21:50'),
(48, 35, 25, '2019-04-09 13:59:06', '2019-04-09 13:59:06'),
(49, 35, 25, '2019-04-09 14:00:17', '2019-04-09 14:00:17'),
(50, 35, 25, '2019-04-09 14:01:07', '2019-04-09 14:01:07'),
(51, 35, 25, '2019-04-09 14:04:47', '2019-04-09 14:04:47'),
(52, 35, 25, '2019-04-09 14:05:52', '2019-04-09 14:05:52'),
(53, 35, 25, '2019-04-09 14:07:29', '2019-04-09 14:07:29'),
(54, 35, 25, '2019-04-09 14:08:13', '2019-04-09 14:08:13'),
(55, 35, 25, '2019-04-09 14:08:37', '2019-04-09 14:08:37'),
(56, 35, 25, '2019-04-09 14:09:53', '2019-04-09 14:09:53'),
(57, 16, 28, '2019-04-09 14:13:49', '2019-04-09 14:13:49'),
(58, 14, 28, '2019-04-09 14:13:50', '2019-04-09 14:13:50'),
(59, 16, 28, '2019-04-09 14:14:20', '2019-04-09 14:14:20'),
(60, 16, 28, '2019-04-09 14:14:26', '2019-04-09 14:14:26'),
(61, 16, 28, '2019-04-09 14:14:30', '2019-04-09 14:14:30'),
(62, 16, 28, '2019-04-09 14:14:33', '2019-04-09 14:14:33'),
(63, 16, 28, '2019-04-09 14:14:35', '2019-04-09 14:14:35'),
(64, 16, 28, '2019-04-09 14:14:37', '2019-04-09 14:14:37'),
(65, 16, 28, '2019-04-09 14:14:38', '2019-04-09 14:14:38'),
(66, 16, 28, '2019-04-09 14:14:40', '2019-04-09 14:14:40'),
(67, 16, 28, '2019-04-09 14:14:45', '2019-04-09 14:14:45'),
(68, 16, 28, '2019-04-09 14:14:47', '2019-04-09 14:14:47'),
(69, 16, 28, '2019-04-09 14:14:50', '2019-04-09 14:14:50'),
(70, 16, 28, '2019-04-09 14:14:54', '2019-04-09 14:14:54'),
(71, 16, 28, '2019-04-09 14:14:57', '2019-04-09 14:14:57'),
(72, 16, 28, '2019-04-09 14:14:58', '2019-04-09 14:14:58'),
(73, 16, 28, '2019-04-09 14:14:59', '2019-04-09 14:14:59'),
(74, 16, 28, '2019-04-09 14:15:00', '2019-04-09 14:15:00'),
(75, 16, 28, '2019-04-09 14:15:01', '2019-04-09 14:15:01'),
(76, 16, 28, '2019-04-09 14:15:03', '2019-04-09 14:15:03'),
(77, 16, 28, '2019-04-09 14:15:04', '2019-04-09 14:15:04'),
(78, 16, 28, '2019-04-09 14:15:05', '2019-04-09 14:15:05'),
(79, 16, 28, '2019-04-09 14:15:05', '2019-04-09 14:15:05'),
(80, 16, 28, '2019-04-09 14:15:06', '2019-04-09 14:15:06'),
(81, 16, 28, '2019-04-09 14:15:06', '2019-04-09 14:15:06'),
(82, 16, 28, '2019-04-09 14:15:06', '2019-04-09 14:15:06'),
(83, 16, 28, '2019-04-09 14:15:07', '2019-04-09 14:15:07'),
(84, 16, 28, '2019-04-09 14:15:07', '2019-04-09 14:15:07'),
(85, 16, 28, '2019-04-09 14:15:08', '2019-04-09 14:15:08'),
(86, 16, 28, '2019-04-09 14:15:08', '2019-04-09 14:15:08'),
(87, 16, 28, '2019-04-09 14:15:08', '2019-04-09 14:15:08'),
(88, 16, 28, '2019-04-09 14:15:09', '2019-04-09 14:15:09'),
(89, 16, 28, '2019-04-09 14:15:09', '2019-04-09 14:15:09'),
(90, 16, 28, '2019-04-09 14:15:10', '2019-04-09 14:15:10'),
(91, 16, 28, '2019-04-09 14:15:10', '2019-04-09 14:15:10'),
(92, 16, 28, '2019-04-09 14:15:11', '2019-04-09 14:15:11'),
(93, 16, 28, '2019-04-09 14:15:24', '2019-04-09 14:15:24'),
(94, 16, 28, '2019-04-09 14:15:25', '2019-04-09 14:15:25'),
(95, 16, 28, '2019-04-09 14:15:26', '2019-04-09 14:15:26'),
(96, 16, 28, '2019-04-09 14:15:27', '2019-04-09 14:15:27'),
(97, 16, 28, '2019-04-09 14:15:27', '2019-04-09 14:15:27'),
(98, 16, 28, '2019-04-09 14:15:27', '2019-04-09 14:15:27'),
(99, 16, 28, '2019-04-09 14:15:27', '2019-04-09 14:15:27'),
(100, 16, 28, '2019-04-09 14:15:28', '2019-04-09 14:15:28'),
(101, 16, 28, '2019-04-09 14:15:28', '2019-04-09 14:15:28'),
(102, 16, 28, '2019-04-09 14:15:31', '2019-04-09 14:15:31'),
(103, 16, 28, '2019-04-09 14:15:31', '2019-04-09 14:15:31'),
(104, 16, 28, '2019-04-09 14:15:32', '2019-04-09 14:15:32'),
(105, 16, 28, '2019-04-09 14:15:33', '2019-04-09 14:15:33'),
(106, 16, 28, '2019-04-09 14:15:33', '2019-04-09 14:15:33'),
(107, 16, 28, '2019-04-09 14:15:33', '2019-04-09 14:15:33'),
(108, 16, 28, '2019-04-09 14:15:34', '2019-04-09 14:15:34'),
(109, 16, 28, '2019-04-09 14:15:34', '2019-04-09 14:15:34'),
(110, 16, 28, '2019-04-09 14:15:35', '2019-04-09 14:15:35'),
(111, 16, 28, '2019-04-09 14:15:35', '2019-04-09 14:15:35'),
(112, 16, 28, '2019-04-09 14:15:36', '2019-04-09 14:15:36'),
(113, 16, 28, '2019-04-09 14:15:36', '2019-04-09 14:15:36'),
(114, 16, 28, '2019-04-09 14:15:37', '2019-04-09 14:15:37'),
(115, 16, 28, '2019-04-09 14:15:37', '2019-04-09 14:15:37'),
(116, 16, 28, '2019-04-09 14:15:38', '2019-04-09 14:15:38'),
(117, 16, 28, '2019-04-09 14:15:38', '2019-04-09 14:15:38'),
(118, 16, 28, '2019-04-09 14:15:39', '2019-04-09 14:15:39'),
(119, 16, 28, '2019-04-09 14:15:39', '2019-04-09 14:15:39'),
(120, 16, 28, '2019-04-09 14:15:40', '2019-04-09 14:15:40'),
(121, 16, 28, '2019-04-09 14:15:41', '2019-04-09 14:15:41'),
(122, 16, 28, '2019-04-09 14:15:41', '2019-04-09 14:15:41'),
(123, 16, 28, '2019-04-09 14:15:41', '2019-04-09 14:15:41'),
(124, 16, 28, '2019-04-09 14:15:42', '2019-04-09 14:15:42'),
(125, 16, 28, '2019-04-09 14:15:42', '2019-04-09 14:15:42'),
(126, 16, 28, '2019-04-09 14:15:43', '2019-04-09 14:15:43'),
(127, 16, 28, '2019-04-09 14:15:43', '2019-04-09 14:15:43'),
(128, 16, 28, '2019-04-09 14:15:44', '2019-04-09 14:15:44'),
(129, 16, 28, '2019-04-09 14:15:44', '2019-04-09 14:15:44'),
(130, 16, 28, '2019-04-09 14:15:45', '2019-04-09 14:15:45'),
(131, 16, 28, '2019-04-09 14:15:45', '2019-04-09 14:15:45'),
(132, 16, 28, '2019-04-09 14:15:46', '2019-04-09 14:15:46'),
(133, 16, 28, '2019-04-09 14:15:46', '2019-04-09 14:15:46'),
(134, 16, 28, '2019-04-09 14:15:46', '2019-04-09 14:15:46'),
(135, 16, 28, '2019-04-09 14:15:47', '2019-04-09 14:15:47'),
(136, 16, 28, '2019-04-09 14:15:48', '2019-04-09 14:15:48'),
(137, 16, 28, '2019-04-09 14:15:48', '2019-04-09 14:15:48'),
(138, 16, 28, '2019-04-09 14:15:49', '2019-04-09 14:15:49'),
(139, 16, 28, '2019-04-09 14:15:49', '2019-04-09 14:15:49'),
(140, 16, 28, '2019-04-09 14:15:49', '2019-04-09 14:15:49'),
(141, 16, 28, '2019-04-09 14:15:50', '2019-04-09 14:15:50'),
(142, 16, 28, '2019-04-09 14:15:50', '2019-04-09 14:15:50'),
(143, 16, 28, '2019-04-09 14:15:57', '2019-04-09 14:15:57'),
(144, 16, 28, '2019-04-09 14:15:57', '2019-04-09 14:15:57'),
(145, 16, 28, '2019-04-09 14:15:58', '2019-04-09 14:15:58'),
(146, 16, 28, '2019-04-09 14:15:58', '2019-04-09 14:15:58'),
(147, 16, 28, '2019-04-09 14:15:59', '2019-04-09 14:15:59'),
(148, 16, 28, '2019-04-09 14:15:59', '2019-04-09 14:15:59'),
(149, 16, 28, '2019-04-09 14:16:00', '2019-04-09 14:16:00'),
(150, 16, 28, '2019-04-09 14:16:00', '2019-04-09 14:16:00'),
(151, 16, 28, '2019-04-09 14:16:01', '2019-04-09 14:16:01'),
(152, 16, 28, '2019-04-09 14:16:01', '2019-04-09 14:16:01'),
(153, 16, 28, '2019-04-09 14:16:02', '2019-04-09 14:16:02'),
(154, 16, 28, '2019-04-09 14:16:02', '2019-04-09 14:16:02'),
(155, 16, 28, '2019-04-09 14:16:02', '2019-04-09 14:16:02'),
(156, 16, 28, '2019-04-09 14:16:03', '2019-04-09 14:16:03'),
(157, 16, 28, '2019-04-09 14:16:04', '2019-04-09 14:16:04'),
(158, 16, 28, '2019-04-09 14:16:05', '2019-04-09 14:16:05'),
(159, 16, 28, '2019-04-09 14:16:05', '2019-04-09 14:16:05'),
(160, 16, 28, '2019-04-09 14:16:05', '2019-04-09 14:16:05'),
(161, 16, 28, '2019-04-09 14:16:06', '2019-04-09 14:16:06'),
(162, 35, 25, '2019-04-09 14:32:02', '2019-04-09 14:32:02'),
(163, 14, 28, '2019-04-10 04:39:38', '2019-04-10 04:39:38'),
(164, 14, 28, '2019-04-10 04:39:44', '2019-04-10 04:39:44'),
(165, 12, 20, '2019-04-10 04:39:44', '2019-04-10 04:39:44'),
(166, 12, 20, '2019-04-10 04:39:46', '2019-04-10 04:39:46'),
(167, 12, 20, '2019-04-10 04:39:59', '2019-04-10 04:39:59'),
(168, 12, 20, '2019-04-10 04:40:01', '2019-04-10 04:40:01'),
(169, 12, 20, '2019-04-10 04:40:06', '2019-04-10 04:40:06'),
(170, 12, 20, '2019-04-10 04:40:07', '2019-04-10 04:40:07'),
(171, 12, 20, '2019-04-10 04:43:30', '2019-04-10 04:43:30'),
(172, 12, 20, '2019-04-10 04:43:48', '2019-04-10 04:43:48'),
(173, 12, 20, '2019-04-10 04:46:02', '2019-04-10 04:46:02'),
(174, 12, 20, '2019-04-10 04:46:14', '2019-04-10 04:46:14'),
(175, 12, 20, '2019-04-10 04:48:50', '2019-04-10 04:48:50'),
(176, 12, 20, '2019-04-10 04:49:01', '2019-04-10 04:49:01'),
(177, 12, 20, '2019-04-10 04:55:21', '2019-04-10 04:55:21'),
(178, 12, 20, '2019-04-10 04:55:22', '2019-04-10 04:55:22'),
(179, 14, 28, '2019-04-10 04:55:42', '2019-04-10 04:55:42'),
(180, 14, 28, '2019-04-10 04:55:44', '2019-04-10 04:55:44'),
(181, 14, 28, '2019-04-10 05:00:49', '2019-04-10 05:00:49'),
(182, 14, 28, '2019-04-10 05:00:52', '2019-04-10 05:00:52'),
(183, 12, 20, '2019-04-10 05:04:23', '2019-04-10 05:04:23'),
(184, 12, 20, '2019-04-10 05:04:25', '2019-04-10 05:04:25'),
(185, 12, 20, '2019-04-10 05:05:27', '2019-04-10 05:05:27'),
(186, 12, 20, '2019-04-10 05:05:27', '2019-04-10 05:05:27'),
(187, 12, 20, '2019-04-10 05:06:44', '2019-04-10 05:06:44'),
(188, 12, 20, '2019-04-10 05:06:48', '2019-04-10 05:06:48'),
(189, 12, 20, '2019-04-10 05:06:51', '2019-04-10 05:06:51'),
(190, 12, 20, '2019-04-10 05:07:48', '2019-04-10 05:07:48'),
(191, 12, 20, '2019-04-10 05:07:49', '2019-04-10 05:07:49'),
(192, 12, 20, '2019-04-10 05:09:09', '2019-04-10 05:09:09'),
(193, 12, 20, '2019-04-10 05:09:10', '2019-04-10 05:09:10'),
(194, 12, 20, '2019-04-10 05:11:58', '2019-04-10 05:11:58'),
(195, 12, 20, '2019-04-10 05:11:58', '2019-04-10 05:11:58'),
(196, 12, 20, '2019-04-10 05:12:01', '2019-04-10 05:12:01'),
(197, 12, 20, '2019-04-10 05:15:47', '2019-04-10 05:15:47'),
(198, 12, 20, '2019-04-10 05:15:48', '2019-04-10 05:15:48'),
(199, 12, 20, '2019-04-10 05:16:55', '2019-04-10 05:16:55'),
(200, 12, 20, '2019-04-10 05:16:56', '2019-04-10 05:16:56'),
(201, 12, 20, '2019-04-10 05:42:04', '2019-04-10 05:42:04'),
(202, 12, 20, '2019-04-10 05:42:05', '2019-04-10 05:42:05'),
(203, 12, 20, '2019-04-10 06:35:08', '2019-04-10 06:35:08'),
(204, 12, 20, '2019-04-10 06:35:09', '2019-04-10 06:35:09'),
(205, 12, 20, '2019-04-10 06:35:54', '2019-04-10 06:35:54'),
(206, 12, 20, '2019-04-10 06:35:55', '2019-04-10 06:35:55'),
(207, 12, 20, '2019-04-10 06:36:26', '2019-04-10 06:36:26'),
(208, 12, 20, '2019-04-10 06:36:27', '2019-04-10 06:36:27'),
(209, 12, 20, '2019-04-10 06:37:02', '2019-04-10 06:37:02'),
(210, 12, 20, '2019-04-10 06:37:03', '2019-04-10 06:37:03'),
(211, 12, 20, '2019-04-10 06:37:50', '2019-04-10 06:37:50'),
(212, 12, 20, '2019-04-10 06:37:51', '2019-04-10 06:37:51'),
(213, 12, 20, '2019-04-10 06:38:43', '2019-04-10 06:38:43'),
(214, 12, 20, '2019-04-10 06:38:44', '2019-04-10 06:38:44'),
(215, 12, 20, '2019-04-10 06:40:01', '2019-04-10 06:40:01'),
(216, 12, 20, '2019-04-10 06:40:02', '2019-04-10 06:40:02'),
(217, 12, 20, '2019-04-10 06:40:02', '2019-04-10 06:40:02'),
(218, 12, 20, '2019-04-10 06:40:02', '2019-04-10 06:40:02'),
(219, 12, 20, '2019-04-10 06:40:02', '2019-04-10 06:40:02'),
(220, 12, 20, '2019-04-10 06:40:02', '2019-04-10 06:40:02'),
(221, 12, 20, '2019-04-10 06:40:03', '2019-04-10 06:40:03'),
(222, 12, 20, '2019-04-10 06:40:32', '2019-04-10 06:40:32'),
(223, 12, 20, '2019-04-10 06:40:33', '2019-04-10 06:40:33'),
(224, 12, 20, '2019-04-10 06:41:13', '2019-04-10 06:41:13'),
(225, 12, 20, '2019-04-10 06:41:14', '2019-04-10 06:41:14'),
(226, 12, 20, '2019-04-10 06:42:49', '2019-04-10 06:42:49'),
(227, 12, 20, '2019-04-10 06:42:50', '2019-04-10 06:42:50'),
(228, 12, 20, '2019-04-10 06:43:05', '2019-04-10 06:43:05'),
(229, 12, 20, '2019-04-10 06:43:06', '2019-04-10 06:43:06'),
(230, 12, 20, '2019-04-10 06:44:25', '2019-04-10 06:44:25'),
(231, 12, 20, '2019-04-10 06:44:26', '2019-04-10 06:44:26'),
(232, 12, 20, '2019-04-10 06:45:36', '2019-04-10 06:45:36'),
(233, 12, 20, '2019-04-10 06:45:37', '2019-04-10 06:45:37'),
(234, 14, 28, '2019-04-10 06:54:21', '2019-04-10 06:54:21'),
(235, 14, 28, '2019-04-10 06:54:23', '2019-04-10 06:54:23'),
(236, 14, 28, '2019-04-10 06:56:09', '2019-04-10 06:56:09'),
(237, 14, 28, '2019-04-10 06:56:11', '2019-04-10 06:56:11'),
(238, 14, 28, '2019-04-10 06:59:01', '2019-04-10 06:59:01'),
(239, 14, 28, '2019-04-10 06:59:16', '2019-04-10 06:59:16'),
(240, 14, 28, '2019-04-10 07:00:45', '2019-04-10 07:00:45'),
(241, 14, 28, '2019-04-10 07:00:56', '2019-04-10 07:00:56'),
(242, 14, 28, '2019-04-10 07:01:20', '2019-04-10 07:01:20'),
(243, 14, 28, '2019-04-10 07:04:24', '2019-04-10 07:04:24'),
(244, 14, 28, '2019-04-10 07:05:41', '2019-04-10 07:05:41'),
(245, 12, 20, '2019-04-10 07:10:24', '2019-04-10 07:10:24'),
(246, 12, 20, '2019-04-10 07:10:26', '2019-04-10 07:10:26'),
(247, 12, 20, '2019-04-10 07:10:26', '2019-04-10 07:10:26'),
(248, 12, 20, '2019-04-10 07:10:26', '2019-04-10 07:10:26'),
(249, 12, 20, '2019-04-10 07:11:43', '2019-04-10 07:11:43'),
(250, 12, 20, '2019-04-10 07:16:31', '2019-04-10 07:16:31'),
(251, 12, 20, '2019-04-10 07:16:32', '2019-04-10 07:16:32'),
(252, 12, 20, '2019-04-10 07:17:03', '2019-04-10 07:17:03'),
(253, 12, 20, '2019-04-10 07:18:12', '2019-04-10 07:18:12'),
(254, 14, 28, '2019-04-10 07:24:07', '2019-04-10 07:24:07'),
(255, 14, 28, '2019-04-10 07:24:30', '2019-04-10 07:24:30'),
(256, 14, 28, '2019-04-10 07:25:28', '2019-04-10 07:25:28'),
(257, 14, 28, '2019-04-10 07:25:57', '2019-04-10 07:25:57'),
(258, 12, 20, '2019-04-10 07:26:14', '2019-04-10 07:26:14'),
(259, 14, 28, '2019-04-10 07:26:32', '2019-04-10 07:26:32'),
(260, 12, 20, '2019-04-10 07:26:48', '2019-04-10 07:26:48'),
(261, 14, 28, '2019-04-10 07:27:23', '2019-04-10 07:27:23'),
(262, 14, 28, '2019-04-10 07:31:07', '2019-04-10 07:31:07'),
(263, 14, 28, '2019-04-10 07:32:33', '2019-04-10 07:32:33'),
(264, 12, 20, '2019-04-10 07:33:30', '2019-04-10 07:33:30'),
(265, 12, 20, '2019-04-10 07:33:30', '2019-04-10 07:33:30'),
(266, 12, 20, '2019-04-10 07:33:30', '2019-04-10 07:33:30'),
(267, 12, 20, '2019-04-10 07:33:30', '2019-04-10 07:33:30'),
(268, 12, 20, '2019-04-10 07:34:15', '2019-04-10 07:34:15'),
(269, 12, 20, '2019-04-10 07:34:15', '2019-04-10 07:34:15'),
(270, 12, 20, '2019-04-10 07:34:15', '2019-04-10 07:34:15'),
(271, 12, 20, '2019-04-10 07:34:15', '2019-04-10 07:34:15'),
(272, 12, 20, '2019-04-10 07:34:15', '2019-04-10 07:34:15'),
(273, 12, 20, '2019-04-10 07:34:15', '2019-04-10 07:34:15'),
(274, 12, 20, '2019-04-10 07:34:15', '2019-04-10 07:34:15'),
(275, 12, 20, '2019-04-10 07:34:15', '2019-04-10 07:34:15'),
(276, 12, 20, '2019-04-10 07:34:15', '2019-04-10 07:34:15'),
(277, 12, 20, '2019-04-10 07:34:15', '2019-04-10 07:34:15'),
(278, 12, 20, '2019-04-10 07:34:15', '2019-04-10 07:34:15'),
(279, 12, 20, '2019-04-10 07:34:16', '2019-04-10 07:34:16'),
(280, 14, 28, '2019-04-10 07:36:35', '2019-04-10 07:36:35'),
(281, 14, 24, '2019-04-10 07:41:33', '2019-04-10 07:41:33'),
(282, 14, 18, '2019-04-10 07:41:33', '2019-04-10 07:41:33'),
(283, 14, 24, '2019-04-10 07:41:36', '2019-04-10 07:41:36'),
(284, 14, 18, '2019-04-10 07:41:36', '2019-04-10 07:41:36'),
(285, 14, 24, '2019-04-10 07:42:09', '2019-04-10 07:42:09'),
(286, 16, 24, '2019-04-10 07:49:27', '2019-04-10 07:49:27'),
(287, 16, 23, '2019-04-10 07:49:27', '2019-04-10 07:49:27'),
(288, 16, 24, '2019-04-10 07:50:29', '2019-04-10 07:50:29'),
(289, 16, 23, '2019-04-10 07:50:29', '2019-04-10 07:50:29'),
(290, 28, 33, '2019-04-10 08:07:28', '2019-04-10 08:07:28'),
(291, 28, 31, '2019-04-10 08:07:28', '2019-04-10 08:07:28'),
(292, 12, 33, '2019-04-10 08:11:48', '2019-04-10 08:11:48'),
(293, 12, 20, '2019-04-10 08:11:48', '2019-04-10 08:11:48'),
(294, 12, 33, '2019-04-10 08:12:02', '2019-04-10 08:12:02'),
(295, 12, 20, '2019-04-10 08:12:02', '2019-04-10 08:12:02'),
(296, 12, 33, '2019-04-10 08:12:24', '2019-04-10 08:12:24'),
(297, 12, 20, '2019-04-10 08:12:24', '2019-04-10 08:12:24'),
(298, 12, 33, '2019-04-10 08:29:41', '2019-04-10 08:29:41'),
(299, 12, 20, '2019-04-10 08:29:41', '2019-04-10 08:29:41'),
(300, 12, 33, '2019-04-10 08:34:29', '2019-04-10 08:34:29'),
(301, 12, 20, '2019-04-10 08:34:29', '2019-04-10 08:34:29'),
(302, 12, 20, '2019-04-10 09:04:32', '2019-04-10 09:04:32'),
(303, 12, 33, '2019-04-10 09:04:32', '2019-04-10 09:04:32'),
(304, 12, 20, '2019-04-10 09:04:35', '2019-04-10 09:04:35'),
(305, 12, 33, '2019-04-10 09:04:35', '2019-04-10 09:04:35'),
(306, 12, 20, '2019-04-10 09:15:11', '2019-04-10 09:15:11'),
(307, 12, 33, '2019-04-10 09:15:11', '2019-04-10 09:15:11'),
(308, 12, 20, '2019-04-10 09:16:48', '2019-04-10 09:16:48'),
(309, 12, 33, '2019-04-10 09:16:48', '2019-04-10 09:16:48'),
(310, 12, 20, '2019-04-10 09:43:15', '2019-04-10 09:43:15'),
(311, 12, 33, '2019-04-10 09:43:15', '2019-04-10 09:43:15'),
(312, 12, 20, '2019-04-10 09:43:16', '2019-04-10 09:43:16'),
(313, 12, 33, '2019-04-10 09:43:16', '2019-04-10 09:43:16'),
(314, 12, 20, '2019-04-10 09:55:18', '2019-04-10 09:55:18'),
(315, 12, 33, '2019-04-10 09:55:18', '2019-04-10 09:55:18'),
(316, 12, 20, '2019-04-10 09:55:19', '2019-04-10 09:55:19'),
(317, 12, 33, '2019-04-10 09:55:19', '2019-04-10 09:55:19'),
(318, 12, 20, '2019-04-10 10:06:26', '2019-04-10 10:06:26'),
(319, 12, 33, '2019-04-10 10:06:26', '2019-04-10 10:06:26'),
(320, 12, 20, '2019-04-10 10:06:28', '2019-04-10 10:06:28'),
(321, 12, 33, '2019-04-10 10:06:29', '2019-04-10 10:06:29'),
(322, 12, 20, '2019-04-10 10:06:51', '2019-04-10 10:06:51'),
(323, 12, 33, '2019-04-10 10:06:51', '2019-04-10 10:06:51'),
(324, 12, 20, '2019-04-10 10:06:52', '2019-04-10 10:06:52'),
(325, 12, 33, '2019-04-10 10:06:52', '2019-04-10 10:06:52'),
(326, 12, 20, '2019-04-10 10:08:40', '2019-04-10 10:08:40'),
(327, 12, 33, '2019-04-10 10:08:40', '2019-04-10 10:08:40'),
(328, 12, 20, '2019-04-10 10:08:41', '2019-04-10 10:08:41'),
(329, 12, 33, '2019-04-10 10:08:41', '2019-04-10 10:08:41'),
(330, 12, 20, '2019-04-10 10:09:08', '2019-04-10 10:09:08'),
(331, 12, 33, '2019-04-10 10:09:08', '2019-04-10 10:09:08'),
(332, 12, 20, '2019-04-10 10:09:09', '2019-04-10 10:09:09'),
(333, 12, 33, '2019-04-10 10:09:09', '2019-04-10 10:09:09'),
(334, 12, 20, '2019-04-10 10:11:57', '2019-04-10 10:11:57'),
(335, 12, 33, '2019-04-10 10:11:57', '2019-04-10 10:11:57'),
(336, 12, 20, '2019-04-10 10:11:59', '2019-04-10 10:11:59'),
(337, 12, 33, '2019-04-10 10:11:59', '2019-04-10 10:11:59'),
(338, 12, 20, '2019-04-10 10:13:14', '2019-04-10 10:13:14'),
(339, 12, 33, '2019-04-10 10:13:15', '2019-04-10 10:13:15'),
(340, 12, 20, '2019-04-10 10:13:20', '2019-04-10 10:13:20'),
(341, 12, 33, '2019-04-10 10:13:20', '2019-04-10 10:13:20'),
(342, 12, 20, '2019-04-10 10:14:59', '2019-04-10 10:14:59'),
(343, 12, 33, '2019-04-10 10:14:59', '2019-04-10 10:14:59'),
(344, 12, 20, '2019-04-10 10:15:00', '2019-04-10 10:15:00'),
(345, 12, 33, '2019-04-10 10:15:01', '2019-04-10 10:15:01'),
(346, 12, 20, '2019-04-10 10:15:45', '2019-04-10 10:15:45'),
(347, 12, 33, '2019-04-10 10:15:45', '2019-04-10 10:15:45'),
(348, 12, 20, '2019-04-10 10:15:45', '2019-04-10 10:15:45'),
(349, 12, 33, '2019-04-10 10:15:45', '2019-04-10 10:15:45'),
(350, 12, 20, '2019-04-10 10:15:46', '2019-04-10 10:15:46'),
(351, 12, 33, '2019-04-10 10:15:46', '2019-04-10 10:15:46'),
(352, 12, 20, '2019-04-10 10:15:47', '2019-04-10 10:15:47'),
(353, 12, 33, '2019-04-10 10:15:47', '2019-04-10 10:15:47'),
(354, 12, 20, '2019-04-10 10:16:13', '2019-04-10 10:16:13'),
(355, 12, 33, '2019-04-10 10:16:13', '2019-04-10 10:16:13'),
(356, 12, 20, '2019-04-10 10:16:14', '2019-04-10 10:16:14'),
(357, 12, 33, '2019-04-10 10:16:14', '2019-04-10 10:16:14'),
(358, 12, 20, '2019-04-10 10:33:27', '2019-04-10 10:33:27'),
(359, 12, 33, '2019-04-10 10:33:27', '2019-04-10 10:33:27'),
(360, 12, 20, '2019-04-10 10:34:12', '2019-04-10 10:34:12'),
(361, 12, 33, '2019-04-10 10:34:12', '2019-04-10 10:34:12'),
(362, 12, 20, '2019-04-10 10:35:06', '2019-04-10 10:35:06'),
(363, 12, 33, '2019-04-10 10:35:06', '2019-04-10 10:35:06'),
(364, 12, 20, '2019-04-10 10:40:31', '2019-04-10 10:40:31'),
(365, 12, 33, '2019-04-10 10:40:31', '2019-04-10 10:40:31'),
(366, 12, 20, '2019-04-10 10:43:17', '2019-04-10 10:43:17'),
(367, 12, 33, '2019-04-10 10:43:17', '2019-04-10 10:43:17'),
(368, 12, 20, '2019-04-10 10:47:37', '2019-04-10 10:47:37'),
(369, 12, 33, '2019-04-10 10:47:37', '2019-04-10 10:47:37'),
(370, 12, 20, '2019-04-10 10:49:25', '2019-04-10 10:49:25'),
(371, 12, 33, '2019-04-10 10:49:25', '2019-04-10 10:49:25'),
(372, 12, 20, '2019-04-10 10:49:28', '2019-04-10 10:49:28'),
(373, 12, 33, '2019-04-10 10:49:28', '2019-04-10 10:49:28'),
(374, 12, 20, '2019-04-10 10:50:05', '2019-04-10 10:50:05'),
(375, 12, 33, '2019-04-10 10:50:05', '2019-04-10 10:50:05'),
(376, 12, 20, '2019-04-10 10:52:00', '2019-04-10 10:52:00'),
(377, 12, 33, '2019-04-10 10:52:00', '2019-04-10 10:52:00'),
(378, 12, 20, '2019-04-10 10:52:33', '2019-04-10 10:52:33'),
(379, 12, 33, '2019-04-10 10:52:33', '2019-04-10 10:52:33'),
(380, 12, 20, '2019-04-10 10:58:11', '2019-04-10 10:58:11'),
(381, 12, 33, '2019-04-10 10:58:11', '2019-04-10 10:58:11'),
(382, 12, 20, '2019-04-10 10:58:40', '2019-04-10 10:58:40'),
(383, 12, 33, '2019-04-10 10:58:40', '2019-04-10 10:58:40'),
(384, 12, 20, '2019-04-10 10:58:59', '2019-04-10 10:58:59'),
(385, 12, 33, '2019-04-10 10:58:59', '2019-04-10 10:58:59'),
(386, 12, 20, '2019-04-10 10:59:13', '2019-04-10 10:59:13'),
(387, 12, 33, '2019-04-10 10:59:13', '2019-04-10 10:59:13'),
(388, 12, 20, '2019-04-10 11:00:25', '2019-04-10 11:00:25'),
(389, 12, 33, '2019-04-10 11:00:25', '2019-04-10 11:00:25'),
(390, 12, 20, '2019-04-10 11:01:31', '2019-04-10 11:01:31'),
(391, 12, 33, '2019-04-10 11:01:31', '2019-04-10 11:01:31'),
(392, 12, 20, '2019-04-10 11:01:32', '2019-04-10 11:01:32'),
(393, 12, 33, '2019-04-10 11:01:32', '2019-04-10 11:01:32'),
(394, 12, 20, '2019-04-10 11:01:39', '2019-04-10 11:01:39'),
(395, 12, 33, '2019-04-10 11:01:39', '2019-04-10 11:01:39'),
(396, 12, 20, '2019-04-10 11:10:16', '2019-04-10 11:10:16'),
(397, 12, 33, '2019-04-10 11:10:16', '2019-04-10 11:10:16'),
(398, 12, 20, '2019-04-10 11:12:32', '2019-04-10 11:12:32'),
(399, 12, 33, '2019-04-10 11:12:32', '2019-04-10 11:12:32'),
(400, 12, 20, '2019-04-10 11:16:53', '2019-04-10 11:16:53'),
(401, 12, 33, '2019-04-10 11:16:53', '2019-04-10 11:16:53'),
(402, 12, 20, '2019-04-10 11:18:05', '2019-04-10 11:18:05'),
(403, 12, 33, '2019-04-10 11:18:05', '2019-04-10 11:18:05'),
(404, 12, 20, '2019-04-10 11:21:59', '2019-04-10 11:21:59'),
(405, 12, 33, '2019-04-10 11:21:59', '2019-04-10 11:21:59'),
(406, 12, 20, '2019-04-10 11:22:51', '2019-04-10 11:22:51'),
(407, 12, 33, '2019-04-10 11:22:52', '2019-04-10 11:22:52'),
(408, 12, 20, '2019-04-10 11:23:43', '2019-04-10 11:23:43'),
(409, 12, 33, '2019-04-10 11:23:43', '2019-04-10 11:23:43'),
(410, 12, 20, '2019-04-10 11:25:03', '2019-04-10 11:25:03'),
(411, 12, 33, '2019-04-10 11:25:03', '2019-04-10 11:25:03'),
(412, 12, 20, '2019-04-10 11:25:04', '2019-04-10 11:25:04'),
(413, 12, 33, '2019-04-10 11:25:04', '2019-04-10 11:25:04'),
(414, 28, 31, '2019-04-10 12:01:28', '2019-04-10 12:01:28'),
(415, 28, 33, '2019-04-10 12:01:28', '2019-04-10 12:01:28'),
(416, 28, 31, '2019-04-10 12:01:34', '2019-04-10 12:01:34'),
(417, 28, 33, '2019-04-10 12:01:34', '2019-04-10 12:01:34'),
(418, 28, 31, '2019-04-10 12:03:11', '2019-04-10 12:03:11'),
(419, 28, 33, '2019-04-10 12:03:11', '2019-04-10 12:03:11'),
(420, 28, 31, '2019-04-10 12:07:19', '2019-04-10 12:07:19'),
(421, 28, 33, '2019-04-10 12:07:19', '2019-04-10 12:07:19'),
(422, 12, 20, '2019-04-10 12:26:04', '2019-04-10 12:26:04'),
(423, 12, 33, '2019-04-10 12:26:04', '2019-04-10 12:26:04'),
(424, 12, 20, '2019-04-10 12:26:06', '2019-04-10 12:26:06'),
(425, 12, 33, '2019-04-10 12:26:06', '2019-04-10 12:26:06'),
(426, 12, 20, '2019-04-10 12:29:58', '2019-04-10 12:29:58'),
(427, 12, 33, '2019-04-10 12:29:58', '2019-04-10 12:29:58'),
(428, 16, 32, '2019-04-10 12:30:01', '2019-04-10 12:30:01'),
(429, 16, 28, '2019-04-10 12:30:02', '2019-04-10 12:30:02'),
(430, 12, 20, '2019-04-10 12:31:58', '2019-04-10 12:31:58'),
(431, 12, 33, '2019-04-10 12:31:58', '2019-04-10 12:31:58'),
(432, 12, 20, '2019-04-10 12:31:58', '2019-04-10 12:31:58'),
(433, 12, 20, '2019-04-10 12:31:58', '2019-04-10 12:31:58'),
(434, 12, 33, '2019-04-10 12:31:58', '2019-04-10 12:31:58'),
(435, 12, 33, '2019-04-10 12:31:58', '2019-04-10 12:31:58'),
(436, 12, 20, '2019-04-10 12:31:58', '2019-04-10 12:31:58'),
(437, 12, 20, '2019-04-10 12:31:58', '2019-04-10 12:31:58'),
(438, 12, 20, '2019-04-10 12:31:58', '2019-04-10 12:31:58'),
(439, 12, 33, '2019-04-10 12:31:58', '2019-04-10 12:31:58'),
(440, 12, 33, '2019-04-10 12:31:58', '2019-04-10 12:31:58'),
(441, 12, 20, '2019-04-10 12:31:58', '2019-04-10 12:31:58'),
(442, 12, 20, '2019-04-10 12:31:58', '2019-04-10 12:31:58'),
(443, 12, 20, '2019-04-10 12:31:58', '2019-04-10 12:31:58'),
(444, 12, 20, '2019-04-10 12:31:58', '2019-04-10 12:31:58'),
(445, 12, 33, '2019-04-10 12:31:58', '2019-04-10 12:31:58'),
(446, 12, 20, '2019-04-10 12:31:58', '2019-04-10 12:31:58'),
(447, 12, 33, '2019-04-10 12:31:58', '2019-04-10 12:31:58'),
(448, 12, 33, '2019-04-10 12:31:58', '2019-04-10 12:31:58'),
(449, 12, 33, '2019-04-10 12:31:58', '2019-04-10 12:31:58'),
(450, 12, 33, '2019-04-10 12:31:58', '2019-04-10 12:31:58'),
(451, 12, 33, '2019-04-10 12:31:58', '2019-04-10 12:31:58'),
(452, 12, 20, '2019-04-10 12:31:58', '2019-04-10 12:31:58'),
(453, 12, 20, '2019-04-10 12:31:58', '2019-04-10 12:31:58'),
(454, 12, 33, '2019-04-10 12:31:59', '2019-04-10 12:31:59'),
(455, 12, 20, '2019-04-10 12:31:59', '2019-04-10 12:31:59'),
(456, 12, 33, '2019-04-10 12:31:59', '2019-04-10 12:31:59'),
(457, 12, 33, '2019-04-10 12:31:59', '2019-04-10 12:31:59'),
(458, 12, 20, '2019-04-10 12:32:00', '2019-04-10 12:32:00'),
(459, 12, 33, '2019-04-10 12:32:00', '2019-04-10 12:32:00'),
(460, 12, 35, '2019-04-10 12:42:27', '2019-04-10 12:42:27'),
(461, 12, 35, '2019-04-10 12:42:28', '2019-04-10 12:42:28'),
(462, 12, 35, '2019-04-10 12:42:38', '2019-04-10 12:42:38'),
(463, 12, 35, '2019-04-10 12:43:37', '2019-04-10 12:43:37'),
(464, 12, 35, '2019-04-10 12:44:18', '2019-04-10 12:44:18'),
(465, 12, 35, '2019-04-10 12:44:18', '2019-04-10 12:44:18'),
(466, 12, 35, '2019-04-10 12:44:19', '2019-04-10 12:44:19'),
(467, 12, 35, '2019-04-10 12:44:31', '2019-04-10 12:44:31'),
(468, 12, 35, '2019-04-10 12:44:52', '2019-04-10 12:44:52'),
(469, 16, 23, '2019-04-10 12:53:29', '2019-04-10 12:53:29'),
(470, 16, 24, '2019-04-10 12:53:29', '2019-04-10 12:53:29'),
(471, 16, 23, '2019-04-10 12:54:23', '2019-04-10 12:54:23'),
(472, 16, 24, '2019-04-10 12:54:23', '2019-04-10 12:54:23'),
(473, 28, 34, '2019-04-10 12:55:11', '2019-04-10 12:55:11'),
(474, 28, 35, '2019-04-10 12:55:11', '2019-04-10 12:55:11'),
(475, 16, 23, '2019-04-10 12:57:58', '2019-04-10 12:57:58'),
(476, 16, 24, '2019-04-10 12:57:58', '2019-04-10 12:57:58'),
(477, 16, 23, '2019-04-10 12:58:11', '2019-04-10 12:58:11'),
(478, 16, 24, '2019-04-10 12:58:11', '2019-04-10 12:58:11'),
(479, 16, 23, '2019-04-10 13:04:29', '2019-04-10 13:04:29'),
(480, 16, 24, '2019-04-10 13:04:29', '2019-04-10 13:04:29'),
(481, 16, 23, '2019-04-10 13:05:32', '2019-04-10 13:05:32'),
(482, 16, 24, '2019-04-10 13:05:32', '2019-04-10 13:05:32'),
(483, 16, 23, '2019-04-10 13:07:49', '2019-04-10 13:07:49'),
(484, 16, 24, '2019-04-10 13:07:49', '2019-04-10 13:07:49'),
(485, 16, 23, '2019-04-10 13:08:59', '2019-04-10 13:08:59'),
(486, 16, 24, '2019-04-10 13:08:59', '2019-04-10 13:08:59'),
(487, 16, 23, '2019-04-10 13:10:22', '2019-04-10 13:10:22'),
(488, 16, 24, '2019-04-10 13:10:22', '2019-04-10 13:10:22'),
(489, 16, 23, '2019-04-10 13:11:31', '2019-04-10 13:11:31'),
(490, 16, 24, '2019-04-10 13:11:31', '2019-04-10 13:11:31'),
(491, 16, 23, '2019-04-10 13:12:59', '2019-04-10 13:12:59'),
(492, 16, 24, '2019-04-10 13:12:59', '2019-04-10 13:12:59'),
(493, 16, 36, '2019-04-10 13:13:58', '2019-04-10 13:13:58'),
(494, 16, 24, '2019-04-10 13:13:58', '2019-04-10 13:13:58'),
(495, 16, 23, '2019-04-10 13:14:33', '2019-04-10 13:14:33'),
(496, 16, 36, '2019-04-10 13:14:33', '2019-04-10 13:14:33'),
(497, 16, 32, '2019-04-10 13:21:13', '2019-04-10 13:21:13'),
(498, 16, 36, '2019-04-10 13:21:13', '2019-04-10 13:21:13'),
(499, 16, 32, '2019-04-10 13:22:16', '2019-04-10 13:22:16'),
(500, 16, 36, '2019-04-10 13:22:16', '2019-04-10 13:22:16'),
(501, 16, 32, '2019-04-10 13:33:38', '2019-04-10 13:33:38'),
(502, 16, 36, '2019-04-10 13:33:38', '2019-04-10 13:33:38'),
(503, 16, 32, '2019-04-10 13:34:03', '2019-04-10 13:34:03'),
(504, 16, 36, '2019-04-10 13:34:03', '2019-04-10 13:34:03'),
(505, 16, 32, '2019-04-10 13:35:23', '2019-04-10 13:35:23'),
(506, 16, 36, '2019-04-10 13:35:23', '2019-04-10 13:35:23'),
(507, 16, 32, '2019-04-10 13:41:04', '2019-04-10 13:41:04'),
(508, 16, 36, '2019-04-10 13:41:04', '2019-04-10 13:41:04'),
(509, 16, 32, '2019-04-10 13:41:32', '2019-04-10 13:41:32'),
(510, 16, 36, '2019-04-10 13:41:32', '2019-04-10 13:41:32'),
(511, 16, 32, '2019-04-10 13:42:39', '2019-04-10 13:42:39'),
(512, 16, 36, '2019-04-10 13:42:39', '2019-04-10 13:42:39'),
(513, 16, 32, '2019-04-10 13:43:53', '2019-04-10 13:43:53'),
(514, 16, 36, '2019-04-10 13:43:53', '2019-04-10 13:43:53'),
(515, 16, 24, '2019-04-10 13:48:52', '2019-04-10 13:48:52'),
(516, 16, 24, '2019-04-10 13:50:11', '2019-04-10 13:50:11'),
(517, 28, 35, '2019-04-11 04:30:29', '2019-04-11 04:30:29'),
(518, 28, 31, '2019-04-11 04:30:29', '2019-04-11 04:30:29'),
(519, 12, 35, '2019-04-11 04:40:11', '2019-04-11 04:40:11'),
(520, 12, 31, '2019-04-11 04:40:11', '2019-04-11 04:40:11'),
(521, 12, 35, '2019-04-11 04:47:46', '2019-04-11 04:47:46'),
(522, 12, 31, '2019-04-11 04:47:46', '2019-04-11 04:47:46'),
(523, 12, 35, '2019-04-11 04:57:27', '2019-04-11 04:57:27'),
(524, 12, 31, '2019-04-11 04:57:27', '2019-04-11 04:57:27'),
(525, 12, 35, '2019-04-11 04:57:28', '2019-04-11 04:57:28'),
(526, 12, 31, '2019-04-11 04:57:28', '2019-04-11 04:57:28'),
(527, 12, 35, '2019-04-11 05:00:51', '2019-04-11 05:00:51'),
(528, 12, 31, '2019-04-11 05:00:51', '2019-04-11 05:00:51'),
(529, 12, 35, '2019-04-11 05:03:33', '2019-04-11 05:03:33'),
(530, 12, 31, '2019-04-11 05:03:33', '2019-04-11 05:03:33'),
(531, 12, 35, '2019-04-11 05:05:00', '2019-04-11 05:05:00'),
(532, 12, 31, '2019-04-11 05:05:00', '2019-04-11 05:05:00'),
(533, 12, 35, '2019-04-11 05:29:48', '2019-04-11 05:29:48'),
(534, 12, 31, '2019-04-11 05:29:48', '2019-04-11 05:29:48'),
(535, 12, 35, '2019-04-11 05:29:48', '2019-04-11 05:29:48'),
(536, 12, 31, '2019-04-11 05:29:48', '2019-04-11 05:29:48'),
(537, 12, 35, '2019-04-11 06:22:51', '2019-04-11 06:22:51'),
(538, 12, 31, '2019-04-11 06:22:51', '2019-04-11 06:22:51'),
(539, 12, 33, '2019-04-11 06:32:16', '2019-04-11 06:32:16'),
(540, 12, 33, '2019-04-11 06:33:13', '2019-04-11 06:33:13'),
(541, 35, 22, '2019-04-11 06:36:13', '2019-04-11 06:36:13'),
(542, 35, 25, '2019-04-11 06:36:13', '2019-04-11 06:36:13'),
(543, 12, 33, '2019-04-11 06:37:51', '2019-04-11 06:37:51'),
(544, 12, 33, '2019-04-11 06:44:43', '2019-04-11 06:44:43'),
(545, 12, 33, '2019-04-11 06:44:45', '2019-04-11 06:44:45'),
(546, 12, 33, '2019-04-11 06:44:47', '2019-04-11 06:44:47'),
(547, 12, 33, '2019-04-11 06:49:51', '2019-04-11 06:49:51'),
(548, 12, 33, '2019-04-11 06:50:17', '2019-04-11 06:50:17'),
(549, 12, 33, '2019-04-11 06:50:39', '2019-04-11 06:50:39'),
(550, 35, 22, '2019-04-11 06:56:12', '2019-04-11 06:56:12'),
(551, 35, 25, '2019-04-11 06:56:12', '2019-04-11 06:56:12'),
(552, 35, 22, '2019-04-11 06:56:19', '2019-04-11 06:56:19'),
(553, 35, 25, '2019-04-11 06:56:19', '2019-04-11 06:56:19'),
(554, 35, 22, '2019-04-11 06:56:40', '2019-04-11 06:56:40'),
(555, 35, 25, '2019-04-11 06:56:40', '2019-04-11 06:56:40'),
(556, 35, 22, '2019-04-11 07:11:44', '2019-04-11 07:11:44'),
(557, 35, 25, '2019-04-11 07:11:44', '2019-04-11 07:11:44'),
(558, 35, 25, '2019-04-11 07:14:44', '2019-04-11 07:14:44'),
(559, 35, 25, '2019-04-11 07:17:13', '2019-04-11 07:17:13'),
(560, 12, 37, '2019-04-11 07:21:30', '2019-04-11 07:21:30'),
(561, 12, 37, '2019-04-11 07:21:54', '2019-04-11 07:21:54'),
(562, 12, 37, '2019-04-11 07:22:26', '2019-04-11 07:22:26'),
(563, 12, 37, '2019-04-11 07:24:04', '2019-04-11 07:24:04'),
(564, 12, 38, '2019-04-11 07:30:05', '2019-04-11 07:30:05'),
(565, 16, 38, '2019-04-11 07:30:30', '2019-04-11 07:30:30'),
(566, 16, 36, '2019-04-11 07:30:30', '2019-04-11 07:30:30'),
(567, 16, 38, '2019-04-11 07:31:22', '2019-04-11 07:31:22'),
(568, 16, 36, '2019-04-11 07:31:22', '2019-04-11 07:31:22'),
(569, 12, 38, '2019-04-11 07:31:33', '2019-04-11 07:31:33'),
(570, 12, 38, '2019-04-11 07:33:01', '2019-04-11 07:33:01'),
(571, 16, 36, '2019-04-11 07:35:05', '2019-04-11 07:35:05'),
(572, 12, 39, '2019-04-11 07:36:47', '2019-04-11 07:36:47'),
(573, 16, 39, '2019-04-11 07:36:58', '2019-04-11 07:36:58'),
(574, 16, 36, '2019-04-11 07:36:58', '2019-04-11 07:36:58'),
(575, 12, 39, '2019-04-11 07:37:50', '2019-04-11 07:37:50'),
(576, 12, 39, '2019-04-11 07:46:34', '2019-04-11 07:46:34'),
(577, 12, 38, '2019-04-11 07:46:35', '2019-04-11 07:46:35'),
(578, 16, 38, '2019-04-11 07:53:16', '2019-04-11 07:53:16'),
(579, 16, 36, '2019-04-11 07:53:16', '2019-04-11 07:53:16'),
(580, 12, 39, '2019-04-11 07:55:01', '2019-04-11 07:55:01'),
(581, 12, 39, '2019-04-11 07:55:10', '2019-04-11 07:55:10'),
(582, 16, 39, '2019-04-11 07:59:42', '2019-04-11 07:59:42'),
(583, 16, 36, '2019-04-11 07:59:42', '2019-04-11 07:59:42'),
(584, 12, 38, '2019-04-11 07:59:48', '2019-04-11 07:59:48'),
(585, 12, 39, '2019-04-11 07:59:54', '2019-04-11 07:59:54'),
(586, 12, 38, '2019-04-11 08:00:00', '2019-04-11 08:00:00'),
(587, 12, 39, '2019-04-11 08:00:50', '2019-04-11 08:00:50'),
(588, 16, 36, '2019-04-11 08:02:02', '2019-04-11 08:02:02'),
(589, 16, 36, '2019-04-11 08:02:30', '2019-04-11 08:02:30'),
(590, 16, 36, '2019-04-11 08:02:35', '2019-04-11 08:02:35'),
(591, 16, 41, '2019-04-11 08:10:14', '2019-04-11 08:10:14'),
(592, 16, 36, '2019-04-11 08:10:14', '2019-04-11 08:10:14'),
(593, 16, 43, '2019-04-11 08:10:31', '2019-04-11 08:10:31'),
(594, 16, 36, '2019-04-11 08:10:31', '2019-04-11 08:10:31'),
(595, 16, 41, '2019-04-11 08:11:07', '2019-04-11 08:11:07'),
(596, 16, 36, '2019-04-11 08:11:07', '2019-04-11 08:11:07'),
(597, 16, 41, '2019-04-11 09:07:56', '2019-04-11 09:07:56'),
(598, 16, 36, '2019-04-11 09:07:56', '2019-04-11 09:07:56'),
(599, 16, 36, '2019-04-11 09:29:07', '2019-04-11 09:29:07'),
(600, 16, 44, '2019-04-11 09:40:43', '2019-04-11 09:40:43'),
(601, 16, 36, '2019-04-11 09:40:43', '2019-04-11 09:40:43'),
(602, 12, 46, '2019-04-11 09:40:57', '2019-04-11 09:40:57'),
(603, 12, 44, '2019-04-11 09:40:57', '2019-04-11 09:40:57'),
(604, 12, 46, '2019-04-11 09:41:39', '2019-04-11 09:41:39'),
(605, 12, 44, '2019-04-11 09:41:39', '2019-04-11 09:41:39'),
(606, 13, 44, '2019-04-11 09:50:31', '2019-04-11 09:50:31'),
(607, 13, 47, '2019-04-11 09:50:31', '2019-04-11 09:50:31'),
(608, 13, 44, '2019-04-11 09:50:53', '2019-04-11 09:50:53'),
(609, 13, 47, '2019-04-11 09:50:53', '2019-04-11 09:50:53'),
(610, 13, 44, '2019-04-11 09:52:03', '2019-04-11 09:52:03'),
(611, 13, 47, '2019-04-11 09:52:03', '2019-04-11 09:52:03'),
(612, 13, 44, '2019-04-11 09:53:24', '2019-04-11 09:53:24'),
(613, 13, 47, '2019-04-11 09:53:24', '2019-04-11 09:53:24'),
(614, 13, 44, '2019-04-11 09:53:34', '2019-04-11 09:53:34'),
(615, 13, 47, '2019-04-11 09:53:34', '2019-04-11 09:53:34'),
(616, 13, 44, '2019-04-11 09:53:40', '2019-04-11 09:53:40'),
(617, 13, 47, '2019-04-11 09:53:40', '2019-04-11 09:53:40'),
(618, 12, 46, '2019-04-11 10:00:37', '2019-04-11 10:00:37'),
(619, 12, 44, '2019-04-11 10:00:37', '2019-04-11 10:00:37'),
(620, 16, 44, '2019-04-11 10:01:00', '2019-04-11 10:01:00'),
(621, 16, 36, '2019-04-11 10:01:00', '2019-04-11 10:01:00'),
(622, 16, 44, '2019-04-11 10:07:52', '2019-04-11 10:07:52'),
(623, 16, 36, '2019-04-11 10:07:52', '2019-04-11 10:07:52'),
(624, 16, 44, '2019-04-11 10:08:00', '2019-04-11 10:08:00'),
(625, 16, 36, '2019-04-11 10:08:00', '2019-04-11 10:08:00'),
(626, 12, 46, '2019-04-11 10:10:02', '2019-04-11 10:10:02'),
(627, 12, 44, '2019-04-11 10:10:02', '2019-04-11 10:10:02'),
(628, 12, 49, '2019-04-11 10:11:07', '2019-04-11 10:11:07'),
(629, 12, 44, '2019-04-11 10:11:07', '2019-04-11 10:11:07'),
(630, 16, 44, '2019-04-11 10:15:19', '2019-04-11 10:15:19'),
(631, 16, 36, '2019-04-11 10:15:19', '2019-04-11 10:15:19'),
(632, 16, 44, '2019-04-11 10:15:48', '2019-04-11 10:15:48'),
(633, 16, 36, '2019-04-11 10:15:48', '2019-04-11 10:15:48'),
(634, 16, 44, '2019-04-11 11:12:22', '2019-04-11 11:12:22'),
(635, 16, 36, '2019-04-11 11:12:22', '2019-04-11 11:12:22'),
(636, 16, 44, '2019-04-11 11:12:40', '2019-04-11 11:12:40'),
(637, 16, 36, '2019-04-11 11:12:40', '2019-04-11 11:12:40'),
(638, 12, 49, '2019-04-11 11:13:10', '2019-04-11 11:13:10'),
(639, 12, 44, '2019-04-11 11:13:10', '2019-04-11 11:13:10'),
(640, 12, 49, '2019-04-11 11:13:11', '2019-04-11 11:13:11'),
(641, 12, 44, '2019-04-11 11:13:11', '2019-04-11 11:13:11'),
(642, 12, 49, '2019-04-11 11:13:25', '2019-04-11 11:13:25'),
(643, 12, 44, '2019-04-11 11:13:25', '2019-04-11 11:13:25'),
(644, 12, 49, '2019-04-11 11:13:26', '2019-04-11 11:13:26'),
(645, 12, 44, '2019-04-11 11:13:26', '2019-04-11 11:13:26'),
(646, 16, 44, '2019-04-11 11:13:45', '2019-04-11 11:13:45'),
(647, 16, 36, '2019-04-11 11:13:45', '2019-04-11 11:13:45'),
(648, 16, 44, '2019-04-11 11:15:49', '2019-04-11 11:15:49'),
(649, 16, 36, '2019-04-11 11:15:49', '2019-04-11 11:15:49'),
(650, 16, 44, '2019-04-11 11:30:21', '2019-04-11 11:30:21'),
(651, 16, 36, '2019-04-11 11:30:21', '2019-04-11 11:30:21'),
(652, 16, 44, '2019-04-11 11:51:50', '2019-04-11 11:51:50'),
(653, 16, 36, '2019-04-11 11:51:50', '2019-04-11 11:51:50'),
(654, 16, 44, '2019-04-11 11:55:01', '2019-04-11 11:55:01'),
(655, 16, 36, '2019-04-11 11:55:01', '2019-04-11 11:55:01'),
(656, 16, 44, '2019-04-11 11:59:52', '2019-04-11 11:59:52'),
(657, 16, 36, '2019-04-11 11:59:52', '2019-04-11 11:59:52'),
(658, 16, 44, '2019-04-11 12:00:28', '2019-04-11 12:00:28'),
(659, 16, 36, '2019-04-11 12:00:28', '2019-04-11 12:00:28'),
(660, 16, 44, '2019-04-11 12:02:21', '2019-04-11 12:02:21'),
(661, 16, 36, '2019-04-11 12:02:21', '2019-04-11 12:02:21'),
(662, 16, 44, '2019-04-11 12:05:41', '2019-04-11 12:05:41'),
(663, 16, 36, '2019-04-11 12:05:41', '2019-04-11 12:05:41'),
(664, 16, 44, '2019-04-11 12:09:30', '2019-04-11 12:09:30'),
(665, 16, 36, '2019-04-11 12:09:30', '2019-04-11 12:09:30'),
(666, 16, 44, '2019-04-11 12:09:44', '2019-04-11 12:09:44'),
(667, 16, 36, '2019-04-11 12:09:44', '2019-04-11 12:09:44'),
(668, 16, 44, '2019-04-11 12:11:53', '2019-04-11 12:11:53'),
(669, 16, 36, '2019-04-11 12:11:53', '2019-04-11 12:11:53'),
(670, 35, 45, '2019-04-11 12:26:51', '2019-04-11 12:26:51'),
(671, 16, 44, '2019-04-11 12:32:58', '2019-04-11 12:32:58'),
(672, 16, 36, '2019-04-11 12:32:58', '2019-04-11 12:32:58'),
(673, 16, 44, '2019-04-11 12:33:07', '2019-04-11 12:33:07'),
(674, 16, 36, '2019-04-11 12:33:07', '2019-04-11 12:33:07'),
(675, 16, 44, '2019-04-11 12:33:25', '2019-04-11 12:33:25'),
(676, 16, 36, '2019-04-11 12:33:25', '2019-04-11 12:33:25'),
(677, 35, 45, '2019-04-11 12:46:49', '2019-04-11 12:46:49'),
(678, 35, 45, '2019-04-11 12:47:17', '2019-04-11 12:47:17'),
(679, 35, 45, '2019-04-11 12:47:19', '2019-04-11 12:47:19'),
(680, 35, 45, '2019-04-11 12:47:21', '2019-04-11 12:47:21'),
(681, 35, 45, '2019-04-11 12:47:24', '2019-04-11 12:47:24'),
(682, 35, 45, '2019-04-11 12:47:26', '2019-04-11 12:47:26'),
(683, 35, 45, '2019-04-11 12:47:28', '2019-04-11 12:47:28'),
(684, 35, 45, '2019-04-11 12:47:30', '2019-04-11 12:47:30'),
(685, 35, 45, '2019-04-11 12:47:33', '2019-04-11 12:47:33'),
(686, 35, 45, '2019-04-11 12:47:35', '2019-04-11 12:47:35'),
(687, 35, 45, '2019-04-11 12:47:40', '2019-04-11 12:47:40'),
(688, 35, 45, '2019-04-11 12:47:41', '2019-04-11 12:47:41'),
(689, 35, 45, '2019-04-11 12:48:34', '2019-04-11 12:48:34'),
(690, 16, 44, '2019-04-11 12:51:03', '2019-04-11 12:51:03'),
(691, 16, 36, '2019-04-11 12:51:03', '2019-04-11 12:51:03'),
(692, 16, 44, '2019-04-11 12:51:55', '2019-04-11 12:51:55'),
(693, 16, 36, '2019-04-11 12:51:55', '2019-04-11 12:51:55'),
(694, 16, 44, '2019-04-11 12:52:19', '2019-04-11 12:52:19'),
(695, 16, 36, '2019-04-11 12:52:19', '2019-04-11 12:52:19'),
(696, 16, 44, '2019-04-11 12:52:24', '2019-04-11 12:52:24'),
(697, 16, 36, '2019-04-11 12:52:24', '2019-04-11 12:52:24'),
(698, 16, 44, '2019-04-11 12:52:40', '2019-04-11 12:52:40'),
(699, 16, 36, '2019-04-11 12:52:40', '2019-04-11 12:52:40'),
(700, 16, 44, '2019-04-11 12:52:50', '2019-04-11 12:52:50'),
(701, 16, 36, '2019-04-11 12:52:50', '2019-04-11 12:52:50'),
(702, 35, 45, '2019-04-11 12:53:10', '2019-04-11 12:53:10'),
(703, 16, 44, '2019-04-11 12:54:47', '2019-04-11 12:54:47'),
(704, 16, 36, '2019-04-11 12:54:47', '2019-04-11 12:54:47'),
(705, 12, 49, '2019-04-11 12:56:53', '2019-04-11 12:56:53'),
(706, 12, 44, '2019-04-11 12:56:53', '2019-04-11 12:56:53'),
(707, 12, 49, '2019-04-11 12:56:54', '2019-04-11 12:56:54'),
(708, 12, 44, '2019-04-11 12:56:54', '2019-04-11 12:56:54'),
(709, 16, 44, '2019-04-11 12:57:16', '2019-04-11 12:57:16'),
(710, 16, 36, '2019-04-11 12:57:16', '2019-04-11 12:57:16'),
(711, 16, 44, '2019-04-11 12:57:26', '2019-04-11 12:57:26'),
(712, 16, 36, '2019-04-11 12:57:26', '2019-04-11 12:57:26'),
(713, 16, 44, '2019-04-11 12:57:34', '2019-04-11 12:57:34'),
(714, 16, 36, '2019-04-11 12:57:34', '2019-04-11 12:57:34'),
(715, 16, 44, '2019-04-11 12:57:44', '2019-04-11 12:57:44'),
(716, 16, 36, '2019-04-11 12:57:44', '2019-04-11 12:57:44'),
(717, 16, 44, '2019-04-11 12:57:54', '2019-04-11 12:57:54'),
(718, 16, 36, '2019-04-11 12:57:54', '2019-04-11 12:57:54'),
(719, 16, 44, '2019-04-11 12:58:00', '2019-04-11 12:58:00'),
(720, 16, 36, '2019-04-11 12:58:00', '2019-04-11 12:58:00'),
(721, 16, 44, '2019-04-11 12:58:10', '2019-04-11 12:58:10'),
(722, 16, 36, '2019-04-11 12:58:10', '2019-04-11 12:58:10'),
(723, 16, 36, '2019-04-11 12:58:20', '2019-04-11 12:58:20'),
(724, 16, 47, '2019-04-11 12:58:20', '2019-04-11 12:58:20'),
(725, 12, 49, '2019-04-11 12:58:38', '2019-04-11 12:58:38'),
(726, 12, 47, '2019-04-11 12:58:38', '2019-04-11 12:58:38'),
(727, 12, 49, '2019-04-11 12:58:39', '2019-04-11 12:58:39'),
(728, 12, 47, '2019-04-11 12:58:39', '2019-04-11 12:58:39'),
(729, 35, 45, '2019-04-11 13:03:06', '2019-04-11 13:03:06'),
(730, 35, 45, '2019-04-11 13:03:38', '2019-04-11 13:03:38'),
(731, 12, 49, '2019-04-11 13:04:56', '2019-04-11 13:04:56'),
(732, 12, 47, '2019-04-11 13:04:56', '2019-04-11 13:04:56'),
(733, 12, 49, '2019-04-11 13:04:57', '2019-04-11 13:04:57'),
(734, 12, 49, '2019-04-11 13:04:57', '2019-04-11 13:04:57'),
(735, 12, 49, '2019-04-11 13:04:57', '2019-04-11 13:04:57'),
(736, 12, 47, '2019-04-11 13:04:57', '2019-04-11 13:04:57'),
(737, 12, 49, '2019-04-11 13:04:57', '2019-04-11 13:04:57'),
(738, 12, 47, '2019-04-11 13:04:57', '2019-04-11 13:04:57'),
(739, 12, 47, '2019-04-11 13:04:57', '2019-04-11 13:04:57'),
(740, 12, 49, '2019-04-11 13:04:57', '2019-04-11 13:04:57'),
(741, 12, 49, '2019-04-11 13:04:57', '2019-04-11 13:04:57'),
(742, 12, 49, '2019-04-11 13:04:57', '2019-04-11 13:04:57'),
(743, 12, 47, '2019-04-11 13:04:57', '2019-04-11 13:04:57'),
(744, 12, 47, '2019-04-11 13:04:57', '2019-04-11 13:04:57'),
(745, 12, 47, '2019-04-11 13:04:57', '2019-04-11 13:04:57'),
(746, 12, 47, '2019-04-11 13:04:57', '2019-04-11 13:04:57'),
(747, 12, 49, '2019-04-11 13:04:57', '2019-04-11 13:04:57'),
(748, 12, 47, '2019-04-11 13:04:57', '2019-04-11 13:04:57'),
(749, 12, 49, '2019-04-11 13:04:57', '2019-04-11 13:04:57'),
(750, 12, 47, '2019-04-11 13:04:57', '2019-04-11 13:04:57'),
(751, 12, 49, '2019-04-11 13:04:57', '2019-04-11 13:04:57'),
(752, 12, 49, '2019-04-11 13:04:57', '2019-04-11 13:04:57'),
(753, 12, 49, '2019-04-11 13:04:57', '2019-04-11 13:04:57'),
(754, 12, 47, '2019-04-11 13:04:57', '2019-04-11 13:04:57'),
(755, 12, 47, '2019-04-11 13:04:57', '2019-04-11 13:04:57'),
(756, 12, 47, '2019-04-11 13:04:57', '2019-04-11 13:04:57'),
(757, 12, 49, '2019-04-11 13:04:57', '2019-04-11 13:04:57'),
(758, 12, 49, '2019-04-11 13:04:57', '2019-04-11 13:04:57'),
(759, 12, 49, '2019-04-11 13:04:57', '2019-04-11 13:04:57'),
(760, 12, 47, '2019-04-11 13:04:57', '2019-04-11 13:04:57'),
(761, 12, 47, '2019-04-11 13:04:58', '2019-04-11 13:04:58'),
(762, 12, 47, '2019-04-11 13:04:58', '2019-04-11 13:04:58'),
(763, 12, 49, '2019-04-11 13:04:58', '2019-04-11 13:04:58'),
(764, 12, 49, '2019-04-11 13:04:58', '2019-04-11 13:04:58'),
(765, 12, 47, '2019-04-11 13:04:58', '2019-04-11 13:04:58'),
(766, 12, 47, '2019-04-11 13:04:58', '2019-04-11 13:04:58'),
(767, 12, 49, '2019-04-11 13:04:58', '2019-04-11 13:04:58'),
(768, 12, 47, '2019-04-11 13:04:58', '2019-04-11 13:04:58'),
(769, 12, 49, '2019-04-11 13:05:01', '2019-04-11 13:05:01'),
(770, 12, 47, '2019-04-11 13:05:01', '2019-04-11 13:05:01'),
(771, 16, 36, '2019-04-11 13:05:38', '2019-04-11 13:05:38'),
(772, 16, 47, '2019-04-11 13:05:38', '2019-04-11 13:05:38'),
(773, 16, 36, '2019-04-11 13:05:47', '2019-04-11 13:05:47'),
(774, 16, 47, '2019-04-11 13:05:47', '2019-04-11 13:05:47'),
(775, 16, 36, '2019-04-11 13:06:03', '2019-04-11 13:06:03'),
(776, 16, 47, '2019-04-11 13:06:03', '2019-04-11 13:06:03'),
(777, 12, 49, '2019-04-11 13:07:00', '2019-04-11 13:07:00'),
(778, 12, 47, '2019-04-11 13:07:00', '2019-04-11 13:07:00'),
(779, 12, 49, '2019-04-11 13:07:01', '2019-04-11 13:07:01'),
(780, 12, 47, '2019-04-11 13:07:01', '2019-04-11 13:07:01'),
(781, 12, 49, '2019-04-11 13:07:02', '2019-04-11 13:07:02'),
(782, 12, 47, '2019-04-11 13:07:02', '2019-04-11 13:07:02'),
(783, 12, 49, '2019-04-11 13:07:02', '2019-04-11 13:07:02'),
(784, 12, 47, '2019-04-11 13:07:02', '2019-04-11 13:07:02'),
(785, 12, 49, '2019-04-11 13:07:41', '2019-04-11 13:07:41'),
(786, 12, 47, '2019-04-11 13:07:41', '2019-04-11 13:07:41'),
(787, 12, 49, '2019-04-11 13:07:42', '2019-04-11 13:07:42'),
(788, 12, 47, '2019-04-11 13:07:42', '2019-04-11 13:07:42'),
(789, 12, 49, '2019-04-11 13:07:42', '2019-04-11 13:07:42'),
(790, 12, 47, '2019-04-11 13:07:42', '2019-04-11 13:07:42'),
(791, 12, 49, '2019-04-11 13:07:43', '2019-04-11 13:07:43'),
(792, 12, 47, '2019-04-11 13:07:43', '2019-04-11 13:07:43'),
(793, 35, 45, '2019-04-11 13:12:17', '2019-04-11 13:12:17'),
(794, 35, 45, '2019-04-11 13:12:48', '2019-04-11 13:12:48'),
(795, 35, 45, '2019-04-11 13:12:57', '2019-04-11 13:12:57'),
(796, 35, 45, '2019-04-11 13:19:25', '2019-04-11 13:19:25'),
(797, 12, 49, '2019-04-11 13:20:40', '2019-04-11 13:20:40'),
(798, 12, 47, '2019-04-11 13:20:40', '2019-04-11 13:20:40'),
(799, 12, 49, '2019-04-11 13:20:41', '2019-04-11 13:20:41'),
(800, 12, 47, '2019-04-11 13:20:41', '2019-04-11 13:20:41'),
(801, 35, 45, '2019-04-11 13:20:58', '2019-04-11 13:20:58'),
(802, 35, 45, '2019-04-11 13:22:19', '2019-04-11 13:22:19'),
(803, 35, 45, '2019-04-11 13:24:16', '2019-04-11 13:24:16'),
(804, 35, 45, '2019-04-11 13:29:56', '2019-04-11 13:29:56'),
(805, 35, 45, '2019-04-11 13:33:27', '2019-04-11 13:33:27'),
(806, 16, 36, '2019-04-11 13:33:40', '2019-04-11 13:33:40'),
(807, 16, 47, '2019-04-11 13:33:40', '2019-04-11 13:33:40'),
(808, 16, 36, '2019-04-11 13:34:00', '2019-04-11 13:34:00'),
(809, 16, 47, '2019-04-11 13:34:01', '2019-04-11 13:34:01'),
(810, 16, 36, '2019-04-11 13:34:14', '2019-04-11 13:34:14'),
(811, 16, 47, '2019-04-11 13:34:14', '2019-04-11 13:34:14'),
(812, 16, 36, '2019-04-11 13:36:19', '2019-04-11 13:36:19'),
(813, 16, 47, '2019-04-11 13:36:19', '2019-04-11 13:36:19'),
(814, 16, 36, '2019-04-11 13:36:28', '2019-04-11 13:36:28'),
(815, 16, 47, '2019-04-11 13:36:28', '2019-04-11 13:36:28'),
(816, 16, 36, '2019-04-11 13:36:41', '2019-04-11 13:36:41'),
(817, 16, 47, '2019-04-11 13:36:41', '2019-04-11 13:36:41'),
(818, 16, 36, '2019-04-11 13:36:53', '2019-04-11 13:36:53'),
(819, 16, 47, '2019-04-11 13:36:53', '2019-04-11 13:36:53'),
(820, 16, 36, '2019-04-11 13:36:56', '2019-04-11 13:36:56'),
(821, 16, 47, '2019-04-11 13:36:56', '2019-04-11 13:36:56'),
(822, 16, 36, '2019-04-11 13:37:56', '2019-04-11 13:37:56'),
(823, 16, 47, '2019-04-11 13:37:56', '2019-04-11 13:37:56'),
(824, 12, 49, '2019-04-11 13:38:15', '2019-04-11 13:38:15'),
(825, 12, 47, '2019-04-11 13:38:15', '2019-04-11 13:38:15'),
(826, 12, 49, '2019-04-11 13:38:17', '2019-04-11 13:38:17'),
(827, 12, 47, '2019-04-11 13:38:17', '2019-04-11 13:38:17'),
(828, 12, 49, '2019-04-11 13:38:22', '2019-04-11 13:38:22'),
(829, 12, 47, '2019-04-11 13:38:22', '2019-04-11 13:38:22'),
(830, 12, 49, '2019-04-11 13:38:22', '2019-04-11 13:38:22'),
(831, 12, 47, '2019-04-11 13:38:22', '2019-04-11 13:38:22'),
(832, 16, 36, '2019-04-11 13:39:56', '2019-04-11 13:39:56'),
(833, 16, 47, '2019-04-11 13:39:56', '2019-04-11 13:39:56'),
(834, 16, 36, '2019-04-11 13:41:53', '2019-04-11 13:41:53'),
(835, 16, 47, '2019-04-11 13:41:53', '2019-04-11 13:41:53'),
(836, 16, 36, '2019-04-11 13:42:16', '2019-04-11 13:42:16'),
(837, 16, 47, '2019-04-11 13:42:16', '2019-04-11 13:42:16'),
(838, 16, 36, '2019-04-11 13:42:33', '2019-04-11 13:42:33'),
(839, 16, 47, '2019-04-11 13:42:33', '2019-04-11 13:42:33'),
(840, 16, 36, '2019-04-11 13:44:19', '2019-04-11 13:44:19'),
(841, 16, 47, '2019-04-11 13:44:19', '2019-04-11 13:44:19'),
(842, 16, 36, '2019-04-11 13:44:39', '2019-04-11 13:44:39'),
(843, 16, 47, '2019-04-11 13:44:39', '2019-04-11 13:44:39'),
(844, 16, 36, '2019-04-11 13:46:30', '2019-04-11 13:46:30'),
(845, 16, 47, '2019-04-11 13:46:30', '2019-04-11 13:46:30'),
(846, 16, 36, '2019-04-11 13:49:26', '2019-04-11 13:49:26'),
(847, 16, 47, '2019-04-11 13:49:27', '2019-04-11 13:49:27'),
(848, 16, 36, '2019-04-11 13:50:36', '2019-04-11 13:50:36'),
(849, 16, 47, '2019-04-11 13:50:36', '2019-04-11 13:50:36'),
(850, 28, 46, '2019-04-11 14:10:08', '2019-04-11 14:10:08'),
(851, 28, 36, '2019-04-11 14:10:08', '2019-04-11 14:10:08'),
(852, 12, 49, '2019-04-11 14:12:56', '2019-04-11 14:12:56'),
(853, 12, 47, '2019-04-11 14:12:56', '2019-04-11 14:12:56'),
(854, 12, 50, '2019-04-11 14:15:41', '2019-04-11 14:15:41'),
(855, 12, 51, '2019-04-11 14:15:41', '2019-04-11 14:15:41'),
(856, 12, 50, '2019-04-11 14:17:46', '2019-04-11 14:17:46'),
(857, 12, 51, '2019-04-11 14:17:47', '2019-04-11 14:17:47'),
(858, 12, 51, '2019-04-11 14:18:01', '2019-04-11 14:18:01'),
(859, 12, 51, '2019-04-11 14:18:52', '2019-04-11 14:18:52'),
(860, 12, 53, '2019-04-11 14:26:41', '2019-04-11 14:26:41'),
(861, 12, 52, '2019-04-11 14:32:53', '2019-04-11 14:32:53'),
(862, 12, 54, '2019-04-11 14:38:43', '2019-04-11 14:38:43'),
(863, 28, 36, '2019-04-11 14:39:50', '2019-04-11 14:39:50'),
(864, 12, 50, '2019-04-12 04:47:25', '2019-04-12 04:47:25'),
(865, 12, 44, '2019-04-12 04:47:25', '2019-04-12 04:47:25'),
(866, 12, 50, '2019-04-12 04:54:04', '2019-04-12 04:54:04'),
(867, 12, 44, '2019-04-12 04:54:04', '2019-04-12 04:54:04'),
(868, 12, 50, '2019-04-12 04:56:12', '2019-04-12 04:56:12'),
(869, 12, 44, '2019-04-12 04:56:12', '2019-04-12 04:56:12'),
(870, 12, 50, '2019-04-12 04:58:58', '2019-04-12 04:58:58'),
(871, 12, 44, '2019-04-12 04:58:58', '2019-04-12 04:58:58'),
(872, 12, 50, '2019-04-12 05:04:36', '2019-04-12 05:04:36'),
(873, 12, 44, '2019-04-12 05:04:36', '2019-04-12 05:04:36'),
(874, 12, 50, '2019-04-12 05:08:47', '2019-04-12 05:08:47'),
(875, 12, 44, '2019-04-12 05:08:47', '2019-04-12 05:08:47'),
(876, 12, 50, '2019-04-12 05:30:45', '2019-04-12 05:30:45'),
(877, 12, 44, '2019-04-12 05:30:45', '2019-04-12 05:30:45'),
(878, 12, 50, '2019-04-12 05:33:15', '2019-04-12 05:33:15'),
(879, 12, 44, '2019-04-12 05:33:15', '2019-04-12 05:33:15'),
(880, 12, 50, '2019-04-12 05:33:52', '2019-04-12 05:33:52'),
(881, 12, 44, '2019-04-12 05:33:52', '2019-04-12 05:33:52'),
(882, 12, 50, '2019-04-12 05:34:55', '2019-04-12 05:34:55'),
(883, 12, 44, '2019-04-12 05:34:55', '2019-04-12 05:34:55'),
(884, 12, 50, '2019-04-12 05:34:56', '2019-04-12 05:34:56'),
(885, 12, 44, '2019-04-12 05:34:57', '2019-04-12 05:34:57');
INSERT INTO `yp_campaign_impression` (`id`, `cat_id`, `camp_id`, `created_at`, `updated_at`) VALUES
(886, 12, 50, '2019-04-12 05:37:11', '2019-04-12 05:37:11'),
(887, 12, 44, '2019-04-12 05:37:11', '2019-04-12 05:37:11'),
(888, 12, 50, '2019-04-12 05:37:57', '2019-04-12 05:37:57'),
(889, 12, 44, '2019-04-12 05:37:57', '2019-04-12 05:37:57'),
(890, 16, 44, '2019-04-12 06:01:14', '2019-04-12 06:01:14'),
(891, 16, 36, '2019-04-12 06:01:14', '2019-04-12 06:01:14'),
(892, 16, 44, '2019-04-12 06:07:57', '2019-04-12 06:07:57'),
(893, 16, 36, '2019-04-12 06:07:57', '2019-04-12 06:07:57'),
(894, 12, 50, '2019-04-12 06:10:57', '2019-04-12 06:10:57'),
(895, 12, 44, '2019-04-12 06:10:57', '2019-04-12 06:10:57'),
(896, 12, 50, '2019-04-12 06:11:29', '2019-04-12 06:11:29'),
(897, 12, 44, '2019-04-12 06:11:29', '2019-04-12 06:11:29'),
(898, 16, 44, '2019-04-12 06:13:18', '2019-04-12 06:13:18'),
(899, 16, 36, '2019-04-12 06:13:18', '2019-04-12 06:13:18'),
(900, 16, 44, '2019-04-12 06:14:05', '2019-04-12 06:14:05'),
(901, 16, 36, '2019-04-12 06:14:05', '2019-04-12 06:14:05'),
(902, 12, 50, '2019-04-12 06:14:41', '2019-04-12 06:14:41'),
(903, 12, 44, '2019-04-12 06:14:41', '2019-04-12 06:14:41'),
(904, 16, 44, '2019-04-12 06:17:20', '2019-04-12 06:17:20'),
(905, 16, 36, '2019-04-12 06:17:20', '2019-04-12 06:17:20'),
(906, 16, 44, '2019-04-12 06:20:15', '2019-04-12 06:20:15'),
(907, 16, 36, '2019-04-12 06:20:15', '2019-04-12 06:20:15'),
(908, 12, 50, '2019-04-12 06:23:24', '2019-04-12 06:23:24'),
(909, 12, 44, '2019-04-12 06:23:24', '2019-04-12 06:23:24'),
(910, 16, 44, '2019-04-12 06:23:48', '2019-04-12 06:23:48'),
(911, 16, 36, '2019-04-12 06:23:48', '2019-04-12 06:23:48'),
(912, 35, 45, '2019-04-12 06:24:05', '2019-04-12 06:24:05'),
(913, 12, 50, '2019-04-12 06:57:10', '2019-04-12 06:57:10'),
(914, 12, 44, '2019-04-12 06:57:10', '2019-04-12 06:57:10'),
(915, 12, 50, '2019-04-12 06:57:38', '2019-04-12 06:57:38'),
(916, 12, 44, '2019-04-12 06:57:38', '2019-04-12 06:57:38'),
(917, 12, 50, '2019-04-12 07:25:57', '2019-04-12 07:25:57'),
(918, 12, 44, '2019-04-12 07:25:58', '2019-04-12 07:25:58'),
(919, 12, 50, '2019-04-12 07:55:53', '2019-04-12 07:55:53'),
(920, 12, 44, '2019-04-12 07:55:53', '2019-04-12 07:55:53'),
(921, 12, 50, '2019-04-12 07:56:06', '2019-04-12 07:56:06'),
(922, 12, 44, '2019-04-12 07:56:06', '2019-04-12 07:56:06'),
(923, 12, 50, '2019-04-12 09:22:25', '2019-04-12 09:22:25'),
(924, 12, 44, '2019-04-12 09:22:25', '2019-04-12 09:22:25'),
(925, 12, 50, '2019-04-12 09:22:26', '2019-04-12 09:22:26'),
(926, 12, 44, '2019-04-12 09:22:26', '2019-04-12 09:22:26'),
(927, 12, 50, '2019-04-12 09:33:42', '2019-04-12 09:33:42'),
(928, 12, 44, '2019-04-12 09:33:42', '2019-04-12 09:33:42'),
(929, 12, 50, '2019-04-12 10:36:11', '2019-04-12 10:36:11'),
(930, 12, 44, '2019-04-12 10:36:11', '2019-04-12 10:36:11'),
(931, 12, 50, '2019-04-12 10:36:45', '2019-04-12 10:36:45'),
(932, 12, 44, '2019-04-12 10:36:45', '2019-04-12 10:36:45'),
(933, 12, 50, '2019-04-12 10:36:46', '2019-04-12 10:36:46'),
(934, 12, 44, '2019-04-12 10:36:46', '2019-04-12 10:36:46'),
(935, 12, 50, '2019-04-12 10:36:55', '2019-04-12 10:36:55'),
(936, 12, 44, '2019-04-12 10:36:55', '2019-04-12 10:36:55'),
(937, 12, 50, '2019-04-12 10:39:42', '2019-04-12 10:39:42'),
(938, 12, 44, '2019-04-12 10:39:42', '2019-04-12 10:39:42'),
(939, 12, 50, '2019-04-12 10:41:14', '2019-04-12 10:41:14'),
(940, 12, 44, '2019-04-12 10:41:14', '2019-04-12 10:41:14'),
(941, 12, 50, '2019-04-12 10:43:32', '2019-04-12 10:43:32'),
(942, 12, 44, '2019-04-12 10:43:32', '2019-04-12 10:43:32'),
(943, 12, 50, '2019-04-12 10:45:06', '2019-04-12 10:45:06'),
(944, 12, 44, '2019-04-12 10:45:06', '2019-04-12 10:45:06'),
(945, 12, 50, '2019-04-12 10:45:20', '2019-04-12 10:45:20'),
(946, 12, 44, '2019-04-12 10:45:20', '2019-04-12 10:45:20'),
(947, 12, 50, '2019-04-12 10:47:56', '2019-04-12 10:47:56'),
(948, 12, 44, '2019-04-12 10:47:56', '2019-04-12 10:47:56'),
(949, 12, 50, '2019-04-12 10:47:57', '2019-04-12 10:47:57'),
(950, 12, 44, '2019-04-12 10:47:57', '2019-04-12 10:47:57'),
(951, 12, 50, '2019-04-12 10:48:12', '2019-04-12 10:48:12'),
(952, 12, 44, '2019-04-12 10:48:12', '2019-04-12 10:48:12'),
(953, 12, 50, '2019-04-12 10:48:12', '2019-04-12 10:48:12'),
(954, 12, 44, '2019-04-12 10:48:12', '2019-04-12 10:48:12'),
(955, 12, 50, '2019-04-12 10:48:13', '2019-04-12 10:48:13'),
(956, 12, 44, '2019-04-12 10:48:13', '2019-04-12 10:48:13'),
(957, 12, 50, '2019-04-12 10:48:26', '2019-04-12 10:48:26'),
(958, 12, 44, '2019-04-12 10:48:26', '2019-04-12 10:48:26'),
(959, 12, 50, '2019-04-12 10:48:27', '2019-04-12 10:48:27'),
(960, 12, 44, '2019-04-12 10:48:27', '2019-04-12 10:48:27'),
(961, 12, 50, '2019-04-12 10:49:38', '2019-04-12 10:49:38'),
(962, 12, 44, '2019-04-12 10:49:38', '2019-04-12 10:49:38'),
(963, 12, 50, '2019-04-12 10:49:39', '2019-04-12 10:49:39'),
(964, 12, 44, '2019-04-12 10:49:39', '2019-04-12 10:49:39'),
(965, 12, 50, '2019-04-12 10:49:39', '2019-04-12 10:49:39'),
(966, 12, 44, '2019-04-12 10:49:39', '2019-04-12 10:49:39'),
(967, 12, 50, '2019-04-12 10:49:40', '2019-04-12 10:49:40'),
(968, 12, 44, '2019-04-12 10:49:40', '2019-04-12 10:49:40'),
(969, 12, 50, '2019-04-12 10:51:02', '2019-04-12 10:51:02'),
(970, 12, 44, '2019-04-12 10:51:02', '2019-04-12 10:51:02'),
(971, 12, 50, '2019-04-12 10:51:04', '2019-04-12 10:51:04'),
(972, 12, 44, '2019-04-12 10:51:04', '2019-04-12 10:51:04'),
(973, 12, 50, '2019-04-12 11:02:25', '2019-04-12 11:02:25'),
(974, 12, 44, '2019-04-12 11:02:25', '2019-04-12 11:02:25'),
(975, 12, 50, '2019-04-12 11:10:39', '2019-04-12 11:10:39'),
(976, 12, 44, '2019-04-12 11:10:39', '2019-04-12 11:10:39'),
(977, 12, 50, '2019-04-12 11:10:41', '2019-04-12 11:10:41'),
(978, 12, 44, '2019-04-12 11:10:41', '2019-04-12 11:10:41'),
(979, 16, 44, '2019-04-12 11:13:56', '2019-04-12 11:13:56'),
(980, 16, 36, '2019-04-12 11:13:56', '2019-04-12 11:13:56'),
(981, 16, 44, '2019-04-12 11:14:46', '2019-04-12 11:14:46'),
(982, 16, 36, '2019-04-12 11:14:46', '2019-04-12 11:14:46'),
(983, 16, 44, '2019-04-12 11:19:30', '2019-04-12 11:19:30'),
(984, 16, 36, '2019-04-12 11:19:30', '2019-04-12 11:19:30'),
(985, 16, 44, '2019-04-12 11:27:25', '2019-04-12 11:27:25'),
(986, 16, 36, '2019-04-12 11:27:25', '2019-04-12 11:27:25'),
(987, 9, 56, '2019-04-12 11:36:16', '2019-04-12 11:36:16'),
(988, 12, 50, '2019-04-12 11:37:12', '2019-04-12 11:37:12'),
(989, 12, 44, '2019-04-12 11:37:12', '2019-04-12 11:37:12'),
(990, 9, 56, '2019-04-12 11:37:32', '2019-04-12 11:37:32'),
(991, 12, 50, '2019-04-12 11:37:57', '2019-04-12 11:37:57'),
(992, 12, 44, '2019-04-12 11:37:57', '2019-04-12 11:37:57'),
(993, 12, 50, '2019-04-12 11:37:58', '2019-04-12 11:37:58'),
(994, 12, 44, '2019-04-12 11:37:58', '2019-04-12 11:37:58'),
(995, 12, 50, '2019-04-12 11:39:12', '2019-04-12 11:39:12'),
(996, 12, 44, '2019-04-12 11:39:12', '2019-04-12 11:39:12'),
(997, 12, 50, '2019-04-12 11:39:12', '2019-04-12 11:39:12'),
(998, 12, 44, '2019-04-12 11:39:13', '2019-04-12 11:39:13'),
(999, 12, 50, '2019-04-12 11:39:30', '2019-04-12 11:39:30'),
(1000, 12, 44, '2019-04-12 11:39:30', '2019-04-12 11:39:30'),
(1001, 12, 50, '2019-04-12 11:39:31', '2019-04-12 11:39:31'),
(1002, 12, 44, '2019-04-12 11:39:31', '2019-04-12 11:39:31'),
(1003, 35, 57, '2019-04-15 15:40:12', '2019-04-15 15:40:12'),
(1004, 35, 57, '2019-04-15 15:40:14', '2019-04-15 15:40:14'),
(1005, 35, 57, '2019-04-15 15:40:30', '2019-04-15 15:40:30'),
(1006, 35, 57, '2019-04-15 15:40:31', '2019-04-15 15:40:31'),
(1007, 35, 57, '2019-04-15 15:42:11', '2019-04-15 15:42:11'),
(1008, 35, 57, '2019-04-15 15:42:12', '2019-04-15 15:42:12'),
(1009, 35, 57, '2019-04-15 15:49:38', '2019-04-15 15:49:38'),
(1010, 35, 57, '2019-04-15 15:49:40', '2019-04-15 15:49:40'),
(1011, 35, 57, '2019-04-15 15:53:03', '2019-04-15 15:53:03'),
(1012, 35, 57, '2019-04-15 15:53:07', '2019-04-15 15:53:07'),
(1013, 35, 57, '2019-04-15 15:53:13', '2019-04-15 15:53:13'),
(1014, 35, 57, '2019-04-15 15:53:14', '2019-04-15 15:53:14'),
(1015, 35, 57, '2019-04-15 15:53:28', '2019-04-15 15:53:28'),
(1016, 35, 57, '2019-04-15 15:53:30', '2019-04-15 15:53:30'),
(1017, 35, 57, '2019-04-15 15:58:08', '2019-04-15 15:58:08'),
(1018, 35, 57, '2019-04-15 15:58:22', '2019-04-15 15:58:22'),
(1019, 35, 57, '2019-04-15 15:58:33', '2019-04-15 15:58:33'),
(1020, 35, 57, '2019-04-15 15:58:35', '2019-04-15 15:58:35'),
(1021, 35, 57, '2019-04-15 16:03:42', '2019-04-15 16:03:42'),
(1022, 35, 57, '2019-04-15 16:03:51', '2019-04-15 16:03:51'),
(1023, 35, 57, '2019-04-15 16:53:42', '2019-04-15 16:53:42'),
(1024, 35, 57, '2019-04-15 16:53:43', '2019-04-15 16:53:43'),
(1025, 35, 57, '2019-04-15 16:53:44', '2019-04-15 16:53:44'),
(1026, 35, 57, '2019-04-15 16:53:45', '2019-04-15 16:53:45'),
(1027, 34, 58, '2019-04-15 17:05:01', '2019-04-15 17:05:01'),
(1028, 34, 58, '2019-04-15 17:05:02', '2019-04-15 17:05:02'),
(1029, 34, 58, '2019-04-15 17:12:02', '2019-04-15 17:12:02'),
(1030, 34, 58, '2019-04-15 17:22:58', '2019-04-15 17:22:58'),
(1031, 34, 58, '2019-04-15 17:23:00', '2019-04-15 17:23:00'),
(1032, 16, 60, '2019-04-16 11:27:01', '2019-04-16 11:27:01'),
(1033, 16, 59, '2019-04-16 11:27:01', '2019-04-16 11:27:01'),
(1034, 16, 60, '2019-04-16 11:27:10', '2019-04-16 11:27:10'),
(1035, 16, 59, '2019-04-16 11:27:11', '2019-04-16 11:27:11'),
(1036, 16, 60, '2019-04-16 11:34:33', '2019-04-16 11:34:33'),
(1037, 16, 59, '2019-04-16 11:34:33', '2019-04-16 11:34:33'),
(1038, 16, 60, '2019-04-16 11:35:59', '2019-04-16 11:35:59'),
(1039, 16, 59, '2019-04-16 11:35:59', '2019-04-16 11:35:59'),
(1040, 16, 60, '2019-04-16 11:36:54', '2019-04-16 11:36:54'),
(1041, 16, 59, '2019-04-16 11:36:54', '2019-04-16 11:36:54'),
(1042, 16, 60, '2019-04-16 11:37:33', '2019-04-16 11:37:33'),
(1043, 16, 59, '2019-04-16 11:37:33', '2019-04-16 11:37:33'),
(1044, 16, 60, '2019-04-16 11:39:45', '2019-04-16 11:39:45'),
(1045, 16, 59, '2019-04-16 11:39:45', '2019-04-16 11:39:45'),
(1046, 16, 60, '2019-04-16 11:40:33', '2019-04-16 11:40:33'),
(1047, 16, 59, '2019-04-16 11:40:33', '2019-04-16 11:40:33'),
(1048, 16, 60, '2019-04-16 11:41:43', '2019-04-16 11:41:43'),
(1049, 16, 59, '2019-04-16 11:41:43', '2019-04-16 11:41:43'),
(1050, 16, 60, '2019-04-16 11:42:09', '2019-04-16 11:42:09'),
(1051, 16, 59, '2019-04-16 11:42:09', '2019-04-16 11:42:09'),
(1052, 16, 60, '2019-04-16 11:42:34', '2019-04-16 11:42:34'),
(1053, 16, 59, '2019-04-16 11:42:34', '2019-04-16 11:42:34'),
(1054, 16, 60, '2019-04-16 11:43:09', '2019-04-16 11:43:09'),
(1055, 16, 59, '2019-04-16 11:43:09', '2019-04-16 11:43:09'),
(1056, 16, 60, '2019-04-16 11:43:21', '2019-04-16 11:43:21'),
(1057, 16, 59, '2019-04-16 11:43:21', '2019-04-16 11:43:21'),
(1058, 16, 60, '2019-04-16 11:43:28', '2019-04-16 11:43:28'),
(1059, 16, 59, '2019-04-16 11:43:28', '2019-04-16 11:43:28'),
(1060, 16, 60, '2019-04-16 11:43:38', '2019-04-16 11:43:38'),
(1061, 16, 59, '2019-04-16 11:43:38', '2019-04-16 11:43:38'),
(1062, 16, 60, '2019-04-16 11:44:52', '2019-04-16 11:44:52'),
(1063, 16, 59, '2019-04-16 11:44:52', '2019-04-16 11:44:52'),
(1064, 16, 60, '2019-04-16 11:45:01', '2019-04-16 11:45:01'),
(1065, 16, 59, '2019-04-16 11:45:02', '2019-04-16 11:45:02'),
(1066, 16, 60, '2019-04-16 11:45:09', '2019-04-16 11:45:09'),
(1067, 16, 59, '2019-04-16 11:45:09', '2019-04-16 11:45:09'),
(1068, 16, 60, '2019-04-16 11:45:20', '2019-04-16 11:45:20'),
(1069, 16, 59, '2019-04-16 11:45:20', '2019-04-16 11:45:20'),
(1070, 16, 60, '2019-04-16 11:45:32', '2019-04-16 11:45:32'),
(1071, 16, 59, '2019-04-16 11:45:32', '2019-04-16 11:45:32'),
(1072, 16, 60, '2019-04-16 11:45:40', '2019-04-16 11:45:40'),
(1073, 16, 59, '2019-04-16 11:45:40', '2019-04-16 11:45:40'),
(1074, 16, 60, '2019-04-16 11:45:55', '2019-04-16 11:45:55'),
(1075, 16, 59, '2019-04-16 11:45:55', '2019-04-16 11:45:55'),
(1076, 16, 60, '2019-04-16 11:46:05', '2019-04-16 11:46:05'),
(1077, 16, 59, '2019-04-16 11:46:05', '2019-04-16 11:46:05'),
(1078, 16, 60, '2019-04-16 11:46:31', '2019-04-16 11:46:31'),
(1079, 16, 59, '2019-04-16 11:46:31', '2019-04-16 11:46:31'),
(1080, 16, 60, '2019-04-16 11:46:44', '2019-04-16 11:46:44'),
(1081, 16, 59, '2019-04-16 11:46:44', '2019-04-16 11:46:44'),
(1082, 16, 60, '2019-04-16 11:46:56', '2019-04-16 11:46:56'),
(1083, 16, 59, '2019-04-16 11:46:56', '2019-04-16 11:46:56'),
(1084, 16, 59, '2019-04-16 11:47:14', '2019-04-16 11:47:14'),
(1085, 16, 59, '2019-04-16 11:50:43', '2019-04-16 11:50:43'),
(1086, 16, 59, '2019-04-16 11:53:55', '2019-04-16 11:53:55'),
(1087, 16, 59, '2019-04-16 11:54:02', '2019-04-16 11:54:02'),
(1088, 16, 59, '2019-04-16 11:54:22', '2019-04-16 11:54:22'),
(1089, 16, 59, '2019-04-16 11:54:32', '2019-04-16 11:54:32'),
(1090, 16, 59, '2019-04-16 11:54:45', '2019-04-16 11:54:45'),
(1091, 16, 59, '2019-04-16 12:00:23', '2019-04-16 12:00:23'),
(1092, 16, 59, '2019-04-16 12:00:33', '2019-04-16 12:00:33'),
(1093, 16, 59, '2019-04-16 12:01:17', '2019-04-16 12:01:17'),
(1094, 16, 59, '2019-04-16 12:01:26', '2019-04-16 12:01:26'),
(1095, 16, 59, '2019-04-16 12:01:36', '2019-04-16 12:01:36'),
(1096, 16, 59, '2019-04-16 12:01:46', '2019-04-16 12:01:46'),
(1097, 16, 59, '2019-04-16 12:02:03', '2019-04-16 12:02:03'),
(1098, 16, 59, '2019-04-16 12:02:15', '2019-04-16 12:02:15'),
(1099, 16, 61, '2019-04-16 12:03:09', '2019-04-16 12:03:09'),
(1100, 16, 61, '2019-04-16 12:04:35', '2019-04-16 12:04:35'),
(1101, 16, 60, '2019-04-16 12:08:44', '2019-04-16 12:08:44'),
(1102, 16, 61, '2019-04-16 12:08:44', '2019-04-16 12:08:44'),
(1103, 16, 60, '2019-04-16 12:09:01', '2019-04-16 12:09:01'),
(1104, 16, 61, '2019-04-16 12:09:01', '2019-04-16 12:09:01'),
(1105, 16, 60, '2019-04-16 12:09:06', '2019-04-16 12:09:06'),
(1106, 16, 61, '2019-04-16 12:09:06', '2019-04-16 12:09:06'),
(1107, 16, 60, '2019-04-16 12:09:25', '2019-04-16 12:09:25'),
(1108, 16, 61, '2019-04-16 12:09:25', '2019-04-16 12:09:25'),
(1109, 16, 60, '2019-04-16 12:09:44', '2019-04-16 12:09:44'),
(1110, 16, 61, '2019-04-16 12:09:44', '2019-04-16 12:09:44'),
(1111, 16, 60, '2019-04-16 12:10:00', '2019-04-16 12:10:00'),
(1112, 16, 61, '2019-04-16 12:10:00', '2019-04-16 12:10:00'),
(1113, 16, 60, '2019-04-16 12:19:02', '2019-04-16 12:19:02'),
(1114, 16, 61, '2019-04-16 12:19:02', '2019-04-16 12:19:02'),
(1115, 16, 60, '2019-04-16 12:19:11', '2019-04-16 12:19:11'),
(1116, 16, 61, '2019-04-16 12:19:11', '2019-04-16 12:19:11'),
(1117, 16, 61, '2019-04-16 12:20:58', '2019-04-16 12:20:58'),
(1118, 16, 61, '2019-04-16 12:21:22', '2019-04-16 12:21:22'),
(1119, 16, 59, '2019-04-16 12:27:04', '2019-04-16 12:27:04'),
(1120, 16, 59, '2019-04-16 12:27:31', '2019-04-16 12:27:31'),
(1121, 16, 59, '2019-04-16 12:27:55', '2019-04-16 12:27:55'),
(1122, 16, 59, '2019-04-16 12:28:06', '2019-04-16 12:28:06'),
(1123, 16, 59, '2019-04-16 12:28:22', '2019-04-16 12:28:22'),
(1124, 16, 59, '2019-04-16 12:28:34', '2019-04-16 12:28:34'),
(1125, 16, 59, '2019-04-16 12:28:43', '2019-04-16 12:28:43'),
(1126, 16, 61, '2019-04-16 12:29:00', '2019-04-16 12:29:00'),
(1127, 16, 61, '2019-04-16 12:29:48', '2019-04-16 12:29:48'),
(1128, 16, 61, '2019-04-16 12:29:57', '2019-04-16 12:29:57'),
(1129, 16, 61, '2019-04-16 12:38:25', '2019-04-16 12:38:25'),
(1130, 16, 61, '2019-04-16 12:38:37', '2019-04-16 12:38:37'),
(1131, 16, 61, '2019-04-16 12:39:04', '2019-04-16 12:39:04'),
(1132, 16, 61, '2019-04-16 12:39:12', '2019-04-16 12:39:12'),
(1133, 16, 61, '2019-04-16 12:39:21', '2019-04-16 12:39:21'),
(1134, 16, 61, '2019-04-16 12:39:34', '2019-04-16 12:39:34'),
(1135, 16, 61, '2019-04-16 12:39:45', '2019-04-16 12:39:45'),
(1136, 16, 61, '2019-04-16 12:54:52', '2019-04-16 12:54:52'),
(1137, 16, 61, '2019-04-16 12:55:02', '2019-04-16 12:55:02'),
(1138, 16, 61, '2019-04-16 12:56:13', '2019-04-16 12:56:13'),
(1139, 16, 61, '2019-04-16 13:21:55', '2019-04-16 13:21:55'),
(1140, 16, 61, '2019-04-16 13:22:38', '2019-04-16 13:22:38'),
(1141, 16, 61, '2019-04-16 13:22:54', '2019-04-16 13:22:54'),
(1142, 16, 61, '2019-04-16 13:23:33', '2019-04-16 13:23:33'),
(1143, 16, 61, '2019-04-16 13:23:51', '2019-04-16 13:23:51'),
(1144, 34, 58, '2019-04-17 07:02:02', '2019-04-17 07:02:02'),
(1145, 35, 58, '2019-04-17 07:02:02', '2019-04-17 07:02:02'),
(1146, 34, 58, '2019-04-17 07:02:25', '2019-04-17 07:02:25'),
(1147, 34, 58, '2019-04-17 07:06:01', '2019-04-17 07:06:01'),
(1148, 35, 58, '2019-04-17 07:06:02', '2019-04-17 07:06:02'),
(1149, 16, 60, '2019-04-17 07:18:12', '2019-04-17 07:18:12'),
(1150, 16, 59, '2019-04-17 07:18:13', '2019-04-17 07:18:13'),
(1151, 14, 62, '2019-04-17 07:18:14', '2019-04-17 07:18:14'),
(1152, 16, 63, '2019-04-17 07:19:03', '2019-04-17 07:19:03'),
(1153, 16, 60, '2019-04-17 07:19:04', '2019-04-17 07:19:04'),
(1154, 16, 63, '2019-04-17 07:20:07', '2019-04-17 07:20:07'),
(1155, 16, 60, '2019-04-17 07:20:07', '2019-04-17 07:20:07'),
(1156, 16, 63, '2019-04-17 07:20:13', '2019-04-17 07:20:13'),
(1157, 16, 60, '2019-04-17 07:20:13', '2019-04-17 07:20:13'),
(1158, 16, 63, '2019-04-17 07:20:22', '2019-04-17 07:20:22'),
(1159, 16, 60, '2019-04-17 07:20:23', '2019-04-17 07:20:23'),
(1160, 16, 63, '2019-04-17 07:20:32', '2019-04-17 07:20:32'),
(1161, 16, 60, '2019-04-17 07:20:32', '2019-04-17 07:20:32'),
(1162, 16, 60, '2019-04-17 07:20:45', '2019-04-17 07:20:45'),
(1163, 16, 59, '2019-04-17 07:20:45', '2019-04-17 07:20:45'),
(1164, 16, 60, '2019-04-17 07:24:56', '2019-04-17 07:24:56'),
(1165, 16, 59, '2019-04-17 07:24:56', '2019-04-17 07:24:56'),
(1166, 16, 59, '2019-04-17 07:27:06', '2019-04-17 07:27:06'),
(1167, 16, 60, '2019-04-17 07:27:22', '2019-04-17 07:27:22'),
(1168, 16, 59, '2019-04-17 07:27:22', '2019-04-17 07:27:22'),
(1169, 16, 59, '2019-04-17 07:27:33', '2019-04-17 07:27:33'),
(1170, 16, 60, '2019-04-17 07:27:42', '2019-04-17 07:27:42'),
(1171, 16, 59, '2019-04-17 07:27:42', '2019-04-17 07:27:42'),
(1172, 16, 59, '2019-04-17 07:33:50', '2019-04-17 07:33:50'),
(1173, 16, 59, '2019-04-17 07:37:15', '2019-04-17 07:37:15'),
(1174, 16, 59, '2019-04-17 07:38:20', '2019-04-17 07:38:20'),
(1175, 16, 59, '2019-04-17 07:40:09', '2019-04-17 07:40:09'),
(1176, 14, 62, '2019-04-17 07:40:46', '2019-04-17 07:40:46'),
(1177, 14, 62, '2019-04-17 07:40:52', '2019-04-17 07:40:52'),
(1178, 14, 62, '2019-04-17 07:53:11', '2019-04-17 07:53:11'),
(1179, 14, 62, '2019-04-17 07:54:07', '2019-04-17 07:54:07'),
(1180, 14, 62, '2019-04-17 07:55:55', '2019-04-17 07:55:55'),
(1181, 16, 59, '2019-04-17 09:23:01', '2019-04-17 09:23:01'),
(1182, 16, 59, '2019-04-17 09:23:26', '2019-04-17 09:23:26'),
(1183, 35, 58, '2019-04-17 10:08:31', '2019-04-17 10:08:31'),
(1184, 35, 64, '2019-04-17 10:08:33', '2019-04-17 10:08:33'),
(1185, 16, 64, '2019-04-17 10:12:11', '2019-04-17 10:12:11'),
(1186, 16, 65, '2019-04-17 10:12:12', '2019-04-17 10:12:12'),
(1187, 16, 64, '2019-04-17 10:12:52', '2019-04-17 10:12:52'),
(1188, 16, 65, '2019-04-17 10:12:52', '2019-04-17 10:12:52'),
(1189, 16, 64, '2019-04-17 10:12:56', '2019-04-17 10:12:56'),
(1190, 16, 65, '2019-04-17 10:12:56', '2019-04-17 10:12:56'),
(1191, 13, 64, '2019-04-17 10:19:20', '2019-04-17 10:19:20'),
(1192, 13, 65, '2019-04-17 10:19:20', '2019-04-17 10:19:20'),
(1193, 13, 64, '2019-04-17 10:19:32', '2019-04-17 10:19:32'),
(1194, 13, 65, '2019-04-17 10:19:32', '2019-04-17 10:19:32'),
(1195, 16, 64, '2019-04-17 10:19:34', '2019-04-17 10:19:34'),
(1196, 16, 65, '2019-04-17 10:19:34', '2019-04-17 10:19:34'),
(1197, 16, 64, '2019-04-17 10:24:53', '2019-04-17 10:24:53'),
(1198, 16, 65, '2019-04-17 10:24:53', '2019-04-17 10:24:53'),
(1199, 35, 58, '2019-04-17 10:41:37', '2019-04-17 10:41:37'),
(1200, 35, 64, '2019-04-17 10:41:40', '2019-04-17 10:41:40'),
(1201, 35, 66, '2019-04-17 10:41:40', '2019-04-17 10:41:40'),
(1202, 35, 58, '2019-04-17 10:42:29', '2019-04-17 10:42:29'),
(1203, 35, 64, '2019-04-17 10:42:30', '2019-04-17 10:42:30'),
(1204, 35, 66, '2019-04-17 10:42:30', '2019-04-17 10:42:30'),
(1205, 35, 58, '2019-04-17 10:42:43', '2019-04-17 10:42:43'),
(1206, 35, 64, '2019-04-17 10:42:44', '2019-04-17 10:42:44'),
(1207, 35, 66, '2019-04-17 10:42:44', '2019-04-17 10:42:44'),
(1208, 35, 58, '2019-04-17 10:43:13', '2019-04-17 10:43:13'),
(1209, 35, 64, '2019-04-17 10:43:14', '2019-04-17 10:43:14'),
(1210, 35, 66, '2019-04-17 10:43:14', '2019-04-17 10:43:14'),
(1211, 35, 58, '2019-04-17 10:45:28', '2019-04-17 10:45:28'),
(1212, 35, 64, '2019-04-17 10:45:28', '2019-04-17 10:45:28'),
(1213, 12, 64, '2019-04-17 10:45:30', '2019-04-17 10:45:30'),
(1214, 12, 65, '2019-04-17 10:45:30', '2019-04-17 10:45:30'),
(1215, 35, 58, '2019-04-17 10:46:19', '2019-04-17 10:46:19'),
(1216, 35, 64, '2019-04-17 10:46:20', '2019-04-17 10:46:20'),
(1217, 35, 66, '2019-04-17 10:46:20', '2019-04-17 10:46:20'),
(1218, 16, 64, '2019-04-17 10:46:28', '2019-04-17 10:46:28'),
(1219, 16, 65, '2019-04-17 10:46:28', '2019-04-17 10:46:28'),
(1220, 14, 64, '2019-04-17 10:49:34', '2019-04-17 10:49:34'),
(1221, 14, 66, '2019-04-17 10:49:34', '2019-04-17 10:49:34'),
(1222, 12, 64, '2019-04-17 10:52:40', '2019-04-17 10:52:40'),
(1223, 12, 65, '2019-04-17 10:52:40', '2019-04-17 10:52:40'),
(1224, 13, 64, '2019-04-17 10:57:21', '2019-04-17 10:57:21'),
(1225, 13, 65, '2019-04-17 10:57:21', '2019-04-17 10:57:21'),
(1226, 12, 64, '2019-04-18 12:02:46', '2019-04-18 12:02:46'),
(1227, 12, 65, '2019-04-18 12:02:46', '2019-04-18 12:02:46'),
(1228, 16, 63, '2019-04-18 12:09:44', '2019-04-18 12:09:44'),
(1229, 16, 65, '2019-04-18 12:09:44', '2019-04-18 12:09:44'),
(1230, 16, 63, '2019-04-18 12:12:11', '2019-04-18 12:12:11'),
(1231, 16, 65, '2019-04-18 12:12:11', '2019-04-18 12:12:11'),
(1232, 16, 63, '2019-04-18 12:12:20', '2019-04-18 12:12:20'),
(1233, 16, 65, '2019-04-18 12:12:20', '2019-04-18 12:12:20'),
(1234, 16, 63, '2019-04-18 12:13:33', '2019-04-18 12:13:33'),
(1235, 16, 65, '2019-04-18 12:13:33', '2019-04-18 12:13:33'),
(1236, 16, 63, '2019-04-18 12:15:04', '2019-04-18 12:15:04'),
(1237, 16, 65, '2019-04-18 12:15:04', '2019-04-18 12:15:04'),
(1238, 16, 63, '2019-04-18 12:15:55', '2019-04-18 12:15:55'),
(1239, 16, 65, '2019-04-18 12:15:55', '2019-04-18 12:15:55'),
(1240, 16, 63, '2019-04-18 12:16:16', '2019-04-18 12:16:16'),
(1241, 16, 65, '2019-04-18 12:16:16', '2019-04-18 12:16:16'),
(1242, 16, 64, '2019-04-18 12:18:35', '2019-04-18 12:18:35'),
(1243, 16, 65, '2019-04-18 12:18:35', '2019-04-18 12:18:35'),
(1244, 16, 64, '2019-04-18 12:18:47', '2019-04-18 12:18:47'),
(1245, 16, 65, '2019-04-18 12:18:47', '2019-04-18 12:18:47'),
(1246, 16, 64, '2019-04-18 12:19:37', '2019-04-18 12:19:37'),
(1247, 16, 65, '2019-04-18 12:19:37', '2019-04-18 12:19:37'),
(1248, 16, 64, '2019-04-18 12:19:49', '2019-04-18 12:19:49'),
(1249, 16, 65, '2019-04-18 12:19:49', '2019-04-18 12:19:49'),
(1250, 16, 64, '2019-04-18 12:20:04', '2019-04-18 12:20:04'),
(1251, 16, 65, '2019-04-18 12:20:04', '2019-04-18 12:20:04'),
(1252, 16, 64, '2019-04-18 12:22:31', '2019-04-18 12:22:31'),
(1253, 16, 65, '2019-04-18 12:22:32', '2019-04-18 12:22:32'),
(1254, 16, 64, '2019-04-18 12:22:48', '2019-04-18 12:22:48'),
(1255, 16, 65, '2019-04-18 12:22:48', '2019-04-18 12:22:48'),
(1256, 35, 64, '2019-04-18 12:23:18', '2019-04-18 12:23:18'),
(1257, 35, 66, '2019-04-18 12:23:18', '2019-04-18 12:23:18'),
(1258, 16, 64, '2019-04-18 12:26:15', '2019-04-18 12:26:15'),
(1259, 16, 65, '2019-04-18 12:26:15', '2019-04-18 12:26:15'),
(1260, 35, 64, '2019-04-18 12:31:47', '2019-04-18 12:31:47'),
(1261, 35, 66, '2019-04-18 12:31:47', '2019-04-18 12:31:47'),
(1262, 35, 68, '2019-04-19 09:36:32', '2019-04-19 09:36:32'),
(1263, 35, 70, '2019-04-19 09:36:32', '2019-04-19 09:36:32'),
(1264, 35, 68, '2019-04-19 09:45:26', '2019-04-19 09:45:26'),
(1265, 35, 70, '2019-04-19 09:45:26', '2019-04-19 09:45:26'),
(1266, 35, 69, '2019-04-19 09:46:42', '2019-04-19 09:46:42'),
(1267, 35, 70, '2019-04-19 09:46:42', '2019-04-19 09:46:42'),
(1268, 33, 69, '2019-04-19 09:54:09', '2019-04-19 09:54:09'),
(1269, 33, 70, '2019-04-19 09:54:09', '2019-04-19 09:54:09'),
(1270, 33, 69, '2019-04-19 09:54:17', '2019-04-19 09:54:17'),
(1271, 33, 70, '2019-04-19 09:54:17', '2019-04-19 09:54:17'),
(1272, 33, 68, '2019-04-19 09:54:35', '2019-04-19 09:54:35'),
(1273, 33, 70, '2019-04-19 09:54:35', '2019-04-19 09:54:35'),
(1274, 33, 69, '2019-04-19 09:54:48', '2019-04-19 09:54:48'),
(1275, 33, 70, '2019-04-19 09:54:48', '2019-04-19 09:54:48'),
(1276, 33, 68, '2019-04-19 09:55:07', '2019-04-19 09:55:07'),
(1277, 33, 70, '2019-04-19 09:55:07', '2019-04-19 09:55:07'),
(1278, 33, 68, '2019-04-19 09:55:13', '2019-04-19 09:55:13'),
(1279, 33, 70, '2019-04-19 09:55:13', '2019-04-19 09:55:13'),
(1280, 33, 69, '2019-04-19 10:00:59', '2019-04-19 10:00:59'),
(1281, 33, 70, '2019-04-19 10:00:59', '2019-04-19 10:00:59'),
(1282, 33, 69, '2019-04-19 10:27:08', '2019-04-19 10:27:08'),
(1283, 33, 70, '2019-04-19 10:27:08', '2019-04-19 10:27:08'),
(1284, 33, 69, '2019-04-19 10:30:05', '2019-04-19 10:30:05'),
(1285, 33, 70, '2019-04-19 10:30:05', '2019-04-19 10:30:05'),
(1286, 33, 69, '2019-04-19 10:30:36', '2019-04-19 10:30:36'),
(1287, 33, 70, '2019-04-19 10:30:36', '2019-04-19 10:30:36'),
(1288, 33, 69, '2019-04-19 10:31:39', '2019-04-19 10:31:39'),
(1289, 33, 70, '2019-04-19 10:31:39', '2019-04-19 10:31:39'),
(1290, 33, 69, '2019-04-19 10:33:23', '2019-04-19 10:33:23'),
(1291, 33, 70, '2019-04-19 10:33:23', '2019-04-19 10:33:23'),
(1292, 33, 69, '2019-04-19 10:33:56', '2019-04-19 10:33:56'),
(1293, 33, 70, '2019-04-19 10:33:56', '2019-04-19 10:33:56'),
(1294, 33, 68, '2019-04-19 10:34:33', '2019-04-19 10:34:33'),
(1295, 33, 70, '2019-04-19 10:34:33', '2019-04-19 10:34:33'),
(1296, 33, 68, '2019-04-19 10:34:46', '2019-04-19 10:34:46'),
(1297, 33, 70, '2019-04-19 10:34:46', '2019-04-19 10:34:46'),
(1298, 33, 69, '2019-04-19 10:35:11', '2019-04-19 10:35:11'),
(1299, 33, 70, '2019-04-19 10:35:11', '2019-04-19 10:35:11'),
(1300, 33, 69, '2019-04-19 10:35:29', '2019-04-19 10:35:29'),
(1301, 33, 70, '2019-04-19 10:35:29', '2019-04-19 10:35:29'),
(1302, 33, 69, '2019-04-19 10:35:43', '2019-04-19 10:35:43'),
(1303, 33, 70, '2019-04-19 10:35:43', '2019-04-19 10:35:43'),
(1304, 33, 69, '2019-04-19 10:35:56', '2019-04-19 10:35:56'),
(1305, 33, 70, '2019-04-19 10:35:56', '2019-04-19 10:35:56'),
(1306, 33, 69, '2019-04-19 10:36:06', '2019-04-19 10:36:06'),
(1307, 33, 70, '2019-04-19 10:36:06', '2019-04-19 10:36:06'),
(1308, 33, 69, '2019-04-19 10:36:15', '2019-04-19 10:36:15'),
(1309, 33, 70, '2019-04-19 10:36:15', '2019-04-19 10:36:15'),
(1310, 33, 68, '2019-04-19 10:36:16', '2019-04-19 10:36:16'),
(1311, 33, 70, '2019-04-19 10:36:16', '2019-04-19 10:36:16'),
(1312, 33, 69, '2019-04-19 10:36:32', '2019-04-19 10:36:32'),
(1313, 33, 70, '2019-04-19 10:36:32', '2019-04-19 10:36:32'),
(1314, 33, 69, '2019-04-19 10:36:33', '2019-04-19 10:36:33'),
(1315, 33, 70, '2019-04-19 10:36:33', '2019-04-19 10:36:33'),
(1316, 33, 69, '2019-04-19 10:36:44', '2019-04-19 10:36:44'),
(1317, 33, 70, '2019-04-19 10:36:44', '2019-04-19 10:36:44'),
(1318, 33, 68, '2019-04-19 10:36:49', '2019-04-19 10:36:49'),
(1319, 33, 70, '2019-04-19 10:36:49', '2019-04-19 10:36:49'),
(1320, 33, 69, '2019-04-19 10:36:51', '2019-04-19 10:36:51'),
(1321, 33, 70, '2019-04-19 10:36:51', '2019-04-19 10:36:51'),
(1322, 33, 69, '2019-04-19 10:37:21', '2019-04-19 10:37:21'),
(1323, 33, 70, '2019-04-19 10:37:21', '2019-04-19 10:37:21'),
(1324, 33, 69, '2019-04-19 10:37:23', '2019-04-19 10:37:23'),
(1325, 33, 70, '2019-04-19 10:37:23', '2019-04-19 10:37:23'),
(1326, 33, 69, '2019-04-19 10:37:29', '2019-04-19 10:37:29'),
(1327, 33, 70, '2019-04-19 10:37:29', '2019-04-19 10:37:29'),
(1328, 33, 69, '2019-04-19 10:37:31', '2019-04-19 10:37:31'),
(1329, 33, 70, '2019-04-19 10:37:31', '2019-04-19 10:37:31'),
(1330, 33, 69, '2019-04-19 10:37:38', '2019-04-19 10:37:38'),
(1331, 33, 70, '2019-04-19 10:37:38', '2019-04-19 10:37:38'),
(1332, 33, 69, '2019-04-19 10:37:39', '2019-04-19 10:37:39'),
(1333, 33, 70, '2019-04-19 10:37:39', '2019-04-19 10:37:39'),
(1334, 33, 69, '2019-04-19 10:37:45', '2019-04-19 10:37:45'),
(1335, 33, 70, '2019-04-19 10:37:45', '2019-04-19 10:37:45'),
(1336, 33, 68, '2019-04-19 10:37:52', '2019-04-19 10:37:52'),
(1337, 33, 70, '2019-04-19 10:37:52', '2019-04-19 10:37:52'),
(1338, 33, 69, '2019-04-19 10:37:55', '2019-04-19 10:37:55'),
(1339, 33, 70, '2019-04-19 10:37:55', '2019-04-19 10:37:55'),
(1340, 33, 69, '2019-04-19 10:38:39', '2019-04-19 10:38:39'),
(1341, 33, 70, '2019-04-19 10:38:39', '2019-04-19 10:38:39'),
(1342, 33, 69, '2019-04-19 10:38:40', '2019-04-19 10:38:40'),
(1343, 33, 70, '2019-04-19 10:38:40', '2019-04-19 10:38:40'),
(1344, 33, 69, '2019-04-19 10:38:41', '2019-04-19 10:38:41'),
(1345, 33, 70, '2019-04-19 10:38:41', '2019-04-19 10:38:41'),
(1346, 33, 69, '2019-04-19 10:38:48', '2019-04-19 10:38:48'),
(1347, 33, 70, '2019-04-19 10:38:48', '2019-04-19 10:38:48'),
(1348, 33, 69, '2019-04-19 10:38:49', '2019-04-19 10:38:49'),
(1349, 33, 70, '2019-04-19 10:38:49', '2019-04-19 10:38:49'),
(1350, 33, 69, '2019-04-19 10:38:55', '2019-04-19 10:38:55'),
(1351, 33, 70, '2019-04-19 10:38:55', '2019-04-19 10:38:55'),
(1352, 33, 69, '2019-04-19 10:38:57', '2019-04-19 10:38:57'),
(1353, 33, 70, '2019-04-19 10:38:57', '2019-04-19 10:38:57'),
(1354, 33, 68, '2019-04-19 10:39:05', '2019-04-19 10:39:05'),
(1355, 33, 70, '2019-04-19 10:39:05', '2019-04-19 10:39:05'),
(1356, 33, 68, '2019-04-19 10:39:21', '2019-04-19 10:39:21'),
(1357, 33, 70, '2019-04-19 10:39:22', '2019-04-19 10:39:22'),
(1358, 33, 68, '2019-04-19 10:39:23', '2019-04-19 10:39:23'),
(1359, 33, 70, '2019-04-19 10:39:23', '2019-04-19 10:39:23'),
(1360, 33, 69, '2019-04-19 10:39:34', '2019-04-19 10:39:34'),
(1361, 33, 70, '2019-04-19 10:39:34', '2019-04-19 10:39:34'),
(1362, 33, 68, '2019-04-19 10:39:36', '2019-04-19 10:39:36'),
(1363, 33, 70, '2019-04-19 10:39:36', '2019-04-19 10:39:36'),
(1364, 33, 68, '2019-04-19 10:47:39', '2019-04-19 10:47:39'),
(1365, 33, 70, '2019-04-19 10:47:39', '2019-04-19 10:47:39'),
(1366, 33, 69, '2019-04-19 10:47:41', '2019-04-19 10:47:41'),
(1367, 33, 70, '2019-04-19 10:47:41', '2019-04-19 10:47:41'),
(1368, 33, 68, '2019-04-19 10:48:16', '2019-04-19 10:48:16'),
(1369, 33, 70, '2019-04-19 10:48:16', '2019-04-19 10:48:16'),
(1370, 33, 68, '2019-04-19 10:48:17', '2019-04-19 10:48:17'),
(1371, 33, 70, '2019-04-19 10:48:17', '2019-04-19 10:48:17'),
(1372, 33, 69, '2019-04-19 10:50:06', '2019-04-19 10:50:06'),
(1373, 33, 70, '2019-04-19 10:50:06', '2019-04-19 10:50:06'),
(1374, 33, 69, '2019-04-19 10:50:07', '2019-04-19 10:50:07'),
(1375, 33, 70, '2019-04-19 10:50:07', '2019-04-19 10:50:07'),
(1376, 33, 69, '2019-04-19 10:51:06', '2019-04-19 10:51:06'),
(1377, 33, 70, '2019-04-19 10:51:06', '2019-04-19 10:51:06'),
(1378, 33, 68, '2019-04-19 10:51:41', '2019-04-19 10:51:41'),
(1379, 33, 70, '2019-04-19 10:51:41', '2019-04-19 10:51:41'),
(1380, 33, 69, '2019-04-19 10:52:56', '2019-04-19 10:52:56'),
(1381, 33, 70, '2019-04-19 10:52:56', '2019-04-19 10:52:56'),
(1382, 33, 68, '2019-04-19 10:59:14', '2019-04-19 10:59:14'),
(1383, 33, 70, '2019-04-19 10:59:14', '2019-04-19 10:59:14'),
(1384, 33, 69, '2019-04-19 11:00:33', '2019-04-19 11:00:33'),
(1385, 33, 70, '2019-04-19 11:00:33', '2019-04-19 11:00:33'),
(1386, 33, 69, '2019-04-19 11:00:36', '2019-04-19 11:00:36'),
(1387, 33, 70, '2019-04-19 11:00:36', '2019-04-19 11:00:36'),
(1388, 33, 69, '2019-04-19 11:00:46', '2019-04-19 11:00:46'),
(1389, 33, 70, '2019-04-19 11:00:46', '2019-04-19 11:00:46'),
(1390, 33, 68, '2019-04-19 11:00:54', '2019-04-19 11:00:54'),
(1391, 33, 70, '2019-04-19 11:00:54', '2019-04-19 11:00:54'),
(1392, 33, 68, '2019-04-19 11:00:56', '2019-04-19 11:00:56'),
(1393, 33, 70, '2019-04-19 11:00:56', '2019-04-19 11:00:56'),
(1394, 33, 69, '2019-04-19 11:01:25', '2019-04-19 11:01:25'),
(1395, 33, 70, '2019-04-19 11:01:25', '2019-04-19 11:01:25'),
(1396, 33, 69, '2019-04-19 11:01:29', '2019-04-19 11:01:29'),
(1397, 33, 70, '2019-04-19 11:01:29', '2019-04-19 11:01:29'),
(1398, 33, 69, '2019-04-19 11:01:39', '2019-04-19 11:01:39'),
(1399, 33, 70, '2019-04-19 11:01:39', '2019-04-19 11:01:39'),
(1400, 33, 69, '2019-04-19 11:01:43', '2019-04-19 11:01:43'),
(1401, 33, 70, '2019-04-19 11:01:43', '2019-04-19 11:01:43'),
(1402, 33, 69, '2019-04-19 11:01:54', '2019-04-19 11:01:54'),
(1403, 33, 70, '2019-04-19 11:01:54', '2019-04-19 11:01:54'),
(1404, 33, 68, '2019-04-19 11:02:11', '2019-04-19 11:02:11'),
(1405, 33, 70, '2019-04-19 11:02:11', '2019-04-19 11:02:11'),
(1406, 33, 69, '2019-04-19 11:02:14', '2019-04-19 11:02:14'),
(1407, 33, 70, '2019-04-19 11:02:14', '2019-04-19 11:02:14'),
(1408, 33, 69, '2019-04-19 11:03:34', '2019-04-19 11:03:34'),
(1409, 33, 70, '2019-04-19 11:03:34', '2019-04-19 11:03:34'),
(1410, 33, 69, '2019-04-19 11:03:45', '2019-04-19 11:03:45'),
(1411, 33, 70, '2019-04-19 11:03:45', '2019-04-19 11:03:45'),
(1412, 33, 68, '2019-04-19 11:03:49', '2019-04-19 11:03:49'),
(1413, 33, 70, '2019-04-19 11:03:49', '2019-04-19 11:03:49'),
(1414, 33, 69, '2019-04-19 11:12:13', '2019-04-19 11:12:13'),
(1415, 33, 70, '2019-04-19 11:12:13', '2019-04-19 11:12:13'),
(1416, 33, 69, '2019-04-19 11:12:28', '2019-04-19 11:12:28'),
(1417, 33, 70, '2019-04-19 11:12:28', '2019-04-19 11:12:28'),
(1418, 33, 69, '2019-04-19 11:12:30', '2019-04-19 11:12:30'),
(1419, 33, 70, '2019-04-19 11:12:30', '2019-04-19 11:12:30'),
(1420, 33, 69, '2019-04-19 11:12:39', '2019-04-19 11:12:39'),
(1421, 33, 70, '2019-04-19 11:12:39', '2019-04-19 11:12:39'),
(1422, 33, 69, '2019-04-19 11:12:48', '2019-04-19 11:12:48'),
(1423, 33, 70, '2019-04-19 11:12:48', '2019-04-19 11:12:48'),
(1424, 33, 69, '2019-04-19 11:12:50', '2019-04-19 11:12:50'),
(1425, 33, 70, '2019-04-19 11:12:50', '2019-04-19 11:12:50'),
(1426, 33, 69, '2019-04-19 11:13:00', '2019-04-19 11:13:00'),
(1427, 33, 70, '2019-04-19 11:13:00', '2019-04-19 11:13:00'),
(1428, 33, 69, '2019-04-19 11:17:24', '2019-04-19 11:17:24'),
(1429, 33, 70, '2019-04-19 11:17:24', '2019-04-19 11:17:24'),
(1430, 33, 69, '2019-04-19 11:19:05', '2019-04-19 11:19:05'),
(1431, 33, 70, '2019-04-19 11:19:05', '2019-04-19 11:19:05'),
(1432, 33, 69, '2019-04-19 11:19:07', '2019-04-19 11:19:07'),
(1433, 33, 70, '2019-04-19 11:19:07', '2019-04-19 11:19:07'),
(1434, 33, 69, '2019-04-19 11:19:12', '2019-04-19 11:19:12'),
(1435, 33, 70, '2019-04-19 11:19:12', '2019-04-19 11:19:12'),
(1436, 33, 69, '2019-04-19 11:19:14', '2019-04-19 11:19:14'),
(1437, 33, 70, '2019-04-19 11:19:14', '2019-04-19 11:19:14'),
(1438, 33, 69, '2019-04-19 11:19:20', '2019-04-19 11:19:20'),
(1439, 33, 70, '2019-04-19 11:19:20', '2019-04-19 11:19:20'),
(1440, 33, 69, '2019-04-19 11:19:22', '2019-04-19 11:19:22'),
(1441, 33, 70, '2019-04-19 11:19:22', '2019-04-19 11:19:22'),
(1442, 33, 69, '2019-04-19 11:19:29', '2019-04-19 11:19:29'),
(1443, 33, 70, '2019-04-19 11:19:29', '2019-04-19 11:19:29'),
(1444, 33, 69, '2019-04-19 11:19:31', '2019-04-19 11:19:31'),
(1445, 33, 70, '2019-04-19 11:19:31', '2019-04-19 11:19:31'),
(1446, 33, 69, '2019-04-19 11:19:39', '2019-04-19 11:19:39'),
(1447, 33, 70, '2019-04-19 11:19:39', '2019-04-19 11:19:39'),
(1448, 33, 69, '2019-04-19 11:19:44', '2019-04-19 11:19:44'),
(1449, 33, 70, '2019-04-19 11:19:44', '2019-04-19 11:19:44'),
(1450, 33, 69, '2019-04-19 11:19:45', '2019-04-19 11:19:45'),
(1451, 33, 70, '2019-04-19 11:19:45', '2019-04-19 11:19:45'),
(1452, 33, 69, '2019-04-19 11:20:40', '2019-04-19 11:20:40'),
(1453, 33, 70, '2019-04-19 11:20:40', '2019-04-19 11:20:40'),
(1454, 33, 69, '2019-04-19 11:20:43', '2019-04-19 11:20:43'),
(1455, 33, 70, '2019-04-19 11:20:43', '2019-04-19 11:20:43'),
(1456, 33, 69, '2019-04-19 11:20:46', '2019-04-19 11:20:46'),
(1457, 33, 70, '2019-04-19 11:20:46', '2019-04-19 11:20:46'),
(1458, 33, 69, '2019-04-19 11:21:14', '2019-04-19 11:21:14'),
(1459, 33, 70, '2019-04-19 11:21:14', '2019-04-19 11:21:14'),
(1460, 33, 69, '2019-04-19 11:21:16', '2019-04-19 11:21:16'),
(1461, 33, 70, '2019-04-19 11:21:16', '2019-04-19 11:21:16'),
(1462, 33, 69, '2019-04-19 11:21:20', '2019-04-19 11:21:20'),
(1463, 33, 70, '2019-04-19 11:21:20', '2019-04-19 11:21:20'),
(1464, 33, 69, '2019-04-19 11:21:23', '2019-04-19 11:21:23'),
(1465, 33, 70, '2019-04-19 11:21:23', '2019-04-19 11:21:23'),
(1466, 33, 68, '2019-04-19 11:21:25', '2019-04-19 11:21:25'),
(1467, 33, 70, '2019-04-19 11:21:25', '2019-04-19 11:21:25'),
(1468, 33, 69, '2019-04-19 11:21:26', '2019-04-19 11:21:26'),
(1469, 33, 70, '2019-04-19 11:21:26', '2019-04-19 11:21:26'),
(1470, 33, 69, '2019-04-19 11:21:28', '2019-04-19 11:21:28'),
(1471, 33, 70, '2019-04-19 11:21:28', '2019-04-19 11:21:28'),
(1472, 33, 69, '2019-04-19 11:21:31', '2019-04-19 11:21:31'),
(1473, 33, 70, '2019-04-19 11:21:31', '2019-04-19 11:21:31'),
(1474, 33, 69, '2019-04-19 11:21:34', '2019-04-19 11:21:34'),
(1475, 33, 70, '2019-04-19 11:21:34', '2019-04-19 11:21:34'),
(1476, 33, 69, '2019-04-19 11:21:36', '2019-04-19 11:21:36'),
(1477, 33, 70, '2019-04-19 11:21:36', '2019-04-19 11:21:36'),
(1478, 33, 69, '2019-04-19 11:21:39', '2019-04-19 11:21:39'),
(1479, 33, 70, '2019-04-19 11:21:39', '2019-04-19 11:21:39'),
(1480, 33, 69, '2019-04-19 11:21:42', '2019-04-19 11:21:42'),
(1481, 33, 70, '2019-04-19 11:21:42', '2019-04-19 11:21:42'),
(1482, 33, 69, '2019-04-19 11:21:45', '2019-04-19 11:21:45'),
(1483, 33, 70, '2019-04-19 11:21:45', '2019-04-19 11:21:45'),
(1484, 33, 69, '2019-04-19 11:21:48', '2019-04-19 11:21:48'),
(1485, 33, 70, '2019-04-19 11:21:48', '2019-04-19 11:21:48'),
(1486, 33, 69, '2019-04-19 11:21:50', '2019-04-19 11:21:50'),
(1487, 33, 70, '2019-04-19 11:21:50', '2019-04-19 11:21:50'),
(1488, 33, 68, '2019-04-19 11:21:52', '2019-04-19 11:21:52'),
(1489, 33, 70, '2019-04-19 11:21:52', '2019-04-19 11:21:52'),
(1490, 33, 68, '2019-04-19 11:22:25', '2019-04-19 11:22:25'),
(1491, 33, 70, '2019-04-19 11:22:25', '2019-04-19 11:22:25'),
(1492, 33, 68, '2019-04-19 11:23:38', '2019-04-19 11:23:38'),
(1493, 33, 70, '2019-04-19 11:23:38', '2019-04-19 11:23:38'),
(1494, 33, 68, '2019-04-19 11:26:50', '2019-04-19 11:26:50'),
(1495, 33, 70, '2019-04-19 11:26:50', '2019-04-19 11:26:50'),
(1496, 33, 70, '2019-04-19 11:27:30', '2019-04-19 11:27:30'),
(1497, 33, 71, '2019-04-19 11:27:30', '2019-04-19 11:27:30'),
(1498, 33, 70, '2019-04-19 11:27:33', '2019-04-19 11:27:33'),
(1499, 33, 71, '2019-04-19 11:27:33', '2019-04-19 11:27:33'),
(1500, 33, 70, '2019-04-19 11:29:01', '2019-04-19 11:29:01'),
(1501, 33, 71, '2019-04-19 11:29:01', '2019-04-19 11:29:01'),
(1502, 33, 70, '2019-04-19 11:30:55', '2019-04-19 11:30:55'),
(1503, 33, 71, '2019-04-19 11:30:55', '2019-04-19 11:30:55'),
(1504, 33, 70, '2019-04-19 11:36:05', '2019-04-19 11:36:05'),
(1505, 33, 71, '2019-04-19 11:36:05', '2019-04-19 11:36:05'),
(1506, 33, 70, '2019-04-19 11:36:08', '2019-04-19 11:36:08'),
(1507, 33, 71, '2019-04-19 11:36:08', '2019-04-19 11:36:08'),
(1508, 33, 72, '2019-04-19 11:41:20', '2019-04-19 11:41:20'),
(1509, 33, 73, '2019-04-19 11:41:20', '2019-04-19 11:41:20'),
(1510, 33, 72, '2019-04-19 11:41:23', '2019-04-19 11:41:23'),
(1511, 33, 73, '2019-04-19 11:41:23', '2019-04-19 11:41:23'),
(1512, 33, 72, '2019-04-19 11:41:31', '2019-04-19 11:41:31'),
(1513, 33, 73, '2019-04-19 11:41:31', '2019-04-19 11:41:31'),
(1514, 33, 72, '2019-04-19 11:41:40', '2019-04-19 11:41:40'),
(1515, 33, 73, '2019-04-19 11:41:40', '2019-04-19 11:41:40'),
(1516, 33, 72, '2019-04-19 11:41:46', '2019-04-19 11:41:46'),
(1517, 33, 73, '2019-04-19 11:41:46', '2019-04-19 11:41:46'),
(1518, 33, 72, '2019-04-19 11:41:49', '2019-04-19 11:41:49'),
(1519, 33, 73, '2019-04-19 11:41:49', '2019-04-19 11:41:49'),
(1520, 35, 75, '2019-04-19 11:46:11', '2019-04-19 11:46:11'),
(1521, 35, 72, '2019-04-19 11:46:11', '2019-04-19 11:46:11'),
(1522, 33, 75, '2019-04-19 11:46:16', '2019-04-19 11:46:16'),
(1523, 33, 72, '2019-04-19 11:46:16', '2019-04-19 11:46:16'),
(1524, 36, 75, '2019-04-19 11:46:29', '2019-04-19 11:46:29'),
(1525, 36, 72, '2019-04-19 11:46:29', '2019-04-19 11:46:29'),
(1526, 37, 75, '2019-04-19 11:46:39', '2019-04-19 11:46:39'),
(1527, 37, 74, '2019-04-19 11:46:39', '2019-04-19 11:46:39'),
(1528, 33, 75, '2019-04-19 11:46:43', '2019-04-19 11:46:43'),
(1529, 33, 72, '2019-04-19 11:46:43', '2019-04-19 11:46:43'),
(1530, 33, 75, '2019-04-19 11:46:55', '2019-04-19 11:46:55'),
(1531, 33, 72, '2019-04-19 11:46:55', '2019-04-19 11:46:55'),
(1532, 33, 75, '2019-04-19 11:47:17', '2019-04-19 11:47:17'),
(1533, 33, 72, '2019-04-19 11:47:17', '2019-04-19 11:47:17'),
(1534, 33, 75, '2019-04-19 11:47:27', '2019-04-19 11:47:27'),
(1535, 33, 72, '2019-04-19 11:47:27', '2019-04-19 11:47:27'),
(1536, 34, 75, '2019-04-19 11:48:02', '2019-04-19 11:48:02'),
(1537, 34, 74, '2019-04-19 11:48:02', '2019-04-19 11:48:02'),
(1538, 35, 75, '2019-04-19 11:48:09', '2019-04-19 11:48:09'),
(1539, 35, 72, '2019-04-19 11:48:09', '2019-04-19 11:48:09'),
(1540, 36, 75, '2019-04-19 11:48:12', '2019-04-19 11:48:12'),
(1541, 36, 72, '2019-04-19 11:48:12', '2019-04-19 11:48:12'),
(1542, 37, 75, '2019-04-19 11:48:16', '2019-04-19 11:48:16'),
(1543, 37, 74, '2019-04-19 11:48:16', '2019-04-19 11:48:16'),
(1544, 34, 75, '2019-04-19 11:48:47', '2019-04-19 11:48:47'),
(1545, 34, 74, '2019-04-19 11:48:47', '2019-04-19 11:48:47'),
(1546, 35, 75, '2019-04-19 11:48:54', '2019-04-19 11:48:54'),
(1547, 35, 72, '2019-04-19 11:48:54', '2019-04-19 11:48:54'),
(1548, 36, 75, '2019-04-19 11:49:00', '2019-04-19 11:49:00'),
(1549, 36, 72, '2019-04-19 11:49:00', '2019-04-19 11:49:00'),
(1550, 37, 75, '2019-04-19 11:49:05', '2019-04-19 11:49:05'),
(1551, 37, 74, '2019-04-19 11:49:05', '2019-04-19 11:49:05'),
(1552, 34, 75, '2019-04-19 11:49:55', '2019-04-19 11:49:55'),
(1553, 34, 74, '2019-04-19 11:49:55', '2019-04-19 11:49:55'),
(1554, 35, 75, '2019-04-19 11:49:56', '2019-04-19 11:49:56'),
(1555, 35, 72, '2019-04-19 11:49:56', '2019-04-19 11:49:56'),
(1556, 36, 75, '2019-04-19 11:49:57', '2019-04-19 11:49:57'),
(1557, 36, 72, '2019-04-19 11:49:58', '2019-04-19 11:49:58'),
(1558, 37, 75, '2019-04-19 11:49:59', '2019-04-19 11:49:59'),
(1559, 37, 74, '2019-04-19 11:49:59', '2019-04-19 11:49:59'),
(1560, 33, 75, '2019-04-19 11:50:02', '2019-04-19 11:50:02'),
(1561, 33, 72, '2019-04-19 11:50:02', '2019-04-19 11:50:02'),
(1562, 34, 75, '2019-04-19 11:50:41', '2019-04-19 11:50:41'),
(1563, 34, 74, '2019-04-19 11:50:41', '2019-04-19 11:50:41'),
(1564, 35, 75, '2019-04-19 11:50:42', '2019-04-19 11:50:42'),
(1565, 35, 72, '2019-04-19 11:50:42', '2019-04-19 11:50:42'),
(1566, 36, 75, '2019-04-19 11:50:44', '2019-04-19 11:50:44'),
(1567, 36, 72, '2019-04-19 11:50:44', '2019-04-19 11:50:44'),
(1568, 37, 75, '2019-04-19 11:50:45', '2019-04-19 11:50:45'),
(1569, 37, 74, '2019-04-19 11:50:45', '2019-04-19 11:50:45'),
(1570, 33, 75, '2019-04-19 11:50:47', '2019-04-19 11:50:47'),
(1571, 33, 72, '2019-04-19 11:50:47', '2019-04-19 11:50:47'),
(1572, 34, 75, '2019-04-19 11:51:18', '2019-04-19 11:51:18'),
(1573, 34, 74, '2019-04-19 11:51:18', '2019-04-19 11:51:18'),
(1574, 35, 75, '2019-04-19 11:51:22', '2019-04-19 11:51:22'),
(1575, 35, 72, '2019-04-19 11:51:22', '2019-04-19 11:51:22'),
(1576, 36, 75, '2019-04-19 11:51:24', '2019-04-19 11:51:24'),
(1577, 36, 72, '2019-04-19 11:51:24', '2019-04-19 11:51:24'),
(1578, 37, 75, '2019-04-19 11:51:25', '2019-04-19 11:51:25'),
(1579, 37, 74, '2019-04-19 11:51:25', '2019-04-19 11:51:25'),
(1580, 33, 75, '2019-04-19 11:51:27', '2019-04-19 11:51:27'),
(1581, 33, 72, '2019-04-19 11:51:27', '2019-04-19 11:51:27'),
(1582, 34, 75, '2019-04-19 11:51:29', '2019-04-19 11:51:29'),
(1583, 34, 74, '2019-04-19 11:51:29', '2019-04-19 11:51:29'),
(1584, 34, 74, '2019-04-19 11:52:27', '2019-04-19 11:52:27'),
(1585, 35, 72, '2019-04-19 11:52:31', '2019-04-19 11:52:31'),
(1586, 35, 74, '2019-04-19 11:52:31', '2019-04-19 11:52:31'),
(1587, 36, 72, '2019-04-19 11:52:37', '2019-04-19 11:52:37'),
(1588, 36, 74, '2019-04-19 11:52:37', '2019-04-19 11:52:37'),
(1589, 37, 74, '2019-04-19 11:52:41', '2019-04-19 11:52:41'),
(1590, 33, 72, '2019-04-19 11:52:44', '2019-04-19 11:52:44'),
(1591, 33, 74, '2019-04-19 11:52:44', '2019-04-19 11:52:44'),
(1592, 33, 72, '2019-04-19 11:58:12', '2019-04-19 11:58:12'),
(1593, 33, 74, '2019-04-19 11:58:12', '2019-04-19 11:58:12'),
(1594, 34, 74, '2019-04-19 11:58:13', '2019-04-19 11:58:13'),
(1595, 35, 72, '2019-04-19 11:58:14', '2019-04-19 11:58:14'),
(1596, 35, 74, '2019-04-19 11:58:14', '2019-04-19 11:58:14'),
(1597, 36, 72, '2019-04-19 11:58:14', '2019-04-19 11:58:14'),
(1598, 36, 74, '2019-04-19 11:58:14', '2019-04-19 11:58:14'),
(1599, 37, 74, '2019-04-19 11:58:15', '2019-04-19 11:58:15'),
(1600, 33, 72, '2019-04-19 12:00:20', '2019-04-19 12:00:20'),
(1601, 33, 74, '2019-04-19 12:00:20', '2019-04-19 12:00:20'),
(1602, 34, 74, '2019-04-19 12:00:22', '2019-04-19 12:00:22'),
(1603, 35, 72, '2019-04-19 12:00:24', '2019-04-19 12:00:24'),
(1604, 35, 74, '2019-04-19 12:00:24', '2019-04-19 12:00:24'),
(1605, 36, 72, '2019-04-19 12:00:27', '2019-04-19 12:00:27'),
(1606, 36, 74, '2019-04-19 12:00:27', '2019-04-19 12:00:27'),
(1607, 37, 74, '2019-04-19 12:00:29', '2019-04-19 12:00:29'),
(1608, 37, 74, '2019-04-19 12:01:08', '2019-04-19 12:01:08'),
(1609, 36, 72, '2019-04-19 12:01:17', '2019-04-19 12:01:17'),
(1610, 36, 74, '2019-04-19 12:01:17', '2019-04-19 12:01:17'),
(1611, 36, 72, '2019-04-19 12:01:20', '2019-04-19 12:01:20'),
(1612, 35, 72, '2019-04-19 12:01:24', '2019-04-19 12:01:24'),
(1613, 35, 74, '2019-04-19 12:01:24', '2019-04-19 12:01:24'),
(1614, 35, 72, '2019-04-19 12:01:29', '2019-04-19 12:01:29'),
(1615, 34, 74, '2019-04-19 12:01:39', '2019-04-19 12:01:39'),
(1616, 33, 72, '2019-04-19 12:01:42', '2019-04-19 12:01:42'),
(1617, 33, 74, '2019-04-19 12:01:42', '2019-04-19 12:01:42'),
(1618, 33, 72, '2019-04-19 12:01:45', '2019-04-19 12:01:45'),
(1619, 33, 72, '2019-04-19 12:16:15', '2019-04-19 12:16:15'),
(1620, 33, 76, '2019-04-19 12:16:15', '2019-04-19 12:16:15'),
(1621, 33, 72, '2019-04-19 12:24:23', '2019-04-19 12:24:23'),
(1622, 33, 76, '2019-04-19 12:24:23', '2019-04-19 12:24:23'),
(1623, 34, 76, '2019-04-19 12:24:26', '2019-04-19 12:24:26'),
(1624, 35, 72, '2019-04-19 12:24:30', '2019-04-19 12:24:30'),
(1625, 35, 76, '2019-04-19 12:24:30', '2019-04-19 12:24:30'),
(1626, 36, 72, '2019-04-19 12:24:35', '2019-04-19 12:24:35'),
(1627, 36, 76, '2019-04-19 12:24:35', '2019-04-19 12:24:35'),
(1628, 37, 76, '2019-04-19 12:24:38', '2019-04-19 12:24:38'),
(1629, 37, 76, '2019-04-19 12:28:28', '2019-04-19 12:28:28'),
(1630, 36, 72, '2019-04-19 12:28:32', '2019-04-19 12:28:32'),
(1631, 36, 76, '2019-04-19 12:28:32', '2019-04-19 12:28:32'),
(1632, 35, 72, '2019-04-19 12:28:35', '2019-04-19 12:28:35'),
(1633, 35, 76, '2019-04-19 12:28:35', '2019-04-19 12:28:35'),
(1634, 34, 76, '2019-04-19 12:28:38', '2019-04-19 12:28:38'),
(1635, 33, 72, '2019-04-19 12:28:41', '2019-04-19 12:28:41'),
(1636, 33, 76, '2019-04-19 12:28:41', '2019-04-19 12:28:41'),
(1637, 33, 72, '2019-04-19 12:29:16', '2019-04-19 12:29:16'),
(1638, 33, 76, '2019-04-19 12:29:16', '2019-04-19 12:29:16'),
(1639, 34, 76, '2019-04-19 12:29:18', '2019-04-19 12:29:18'),
(1640, 35, 72, '2019-04-19 12:29:19', '2019-04-19 12:29:19'),
(1641, 35, 76, '2019-04-19 12:29:19', '2019-04-19 12:29:19'),
(1642, 36, 72, '2019-04-19 12:29:21', '2019-04-19 12:29:21'),
(1643, 36, 76, '2019-04-19 12:29:21', '2019-04-19 12:29:21'),
(1644, 37, 76, '2019-04-19 12:29:23', '2019-04-19 12:29:23'),
(1645, 33, 72, '2019-04-19 12:30:01', '2019-04-19 12:30:01'),
(1646, 33, 76, '2019-04-19 12:30:01', '2019-04-19 12:30:01'),
(1647, 37, 76, '2019-04-19 12:30:47', '2019-04-19 12:30:47'),
(1648, 36, 72, '2019-04-19 12:30:49', '2019-04-19 12:30:49'),
(1649, 36, 76, '2019-04-19 12:30:49', '2019-04-19 12:30:49'),
(1650, 35, 72, '2019-04-19 12:30:51', '2019-04-19 12:30:51'),
(1651, 35, 76, '2019-04-19 12:30:51', '2019-04-19 12:30:51'),
(1652, 34, 76, '2019-04-19 12:30:53', '2019-04-19 12:30:53'),
(1653, 33, 72, '2019-04-19 12:31:28', '2019-04-19 12:31:28'),
(1654, 33, 76, '2019-04-19 12:31:28', '2019-04-19 12:31:28'),
(1655, 34, 76, '2019-04-19 12:31:34', '2019-04-19 12:31:34'),
(1656, 35, 72, '2019-04-19 12:31:36', '2019-04-19 12:31:36'),
(1657, 35, 76, '2019-04-19 12:31:36', '2019-04-19 12:31:36'),
(1658, 36, 72, '2019-04-19 12:31:39', '2019-04-19 12:31:39'),
(1659, 36, 76, '2019-04-19 12:31:39', '2019-04-19 12:31:39'),
(1660, 37, 76, '2019-04-19 12:31:43', '2019-04-19 12:31:43'),
(1661, 37, 76, '2019-04-19 12:32:54', '2019-04-19 12:32:54'),
(1662, 36, 72, '2019-04-19 12:36:46', '2019-04-19 12:36:46'),
(1663, 36, 76, '2019-04-19 12:36:46', '2019-04-19 12:36:46'),
(1664, 33, 72, '2019-04-19 12:41:28', '2019-04-19 12:41:28'),
(1665, 33, 76, '2019-04-19 12:41:28', '2019-04-19 12:41:28'),
(1666, 33, 72, '2019-04-19 12:41:36', '2019-04-19 12:41:36'),
(1667, 33, 76, '2019-04-19 12:41:36', '2019-04-19 12:41:36'),
(1668, 35, 72, '2019-04-19 12:48:04', '2019-04-19 12:48:04'),
(1669, 33, 72, '2019-04-19 12:48:20', '2019-04-19 12:48:20'),
(1670, 35, 72, '2019-04-19 12:48:25', '2019-04-19 12:48:25'),
(1671, 33, 72, '2019-04-19 12:48:51', '2019-04-19 12:48:51'),
(1672, 33, 76, '2019-04-19 12:48:51', '2019-04-19 12:48:51'),
(1673, 35, 72, '2019-04-19 12:48:55', '2019-04-19 12:48:55'),
(1674, 35, 76, '2019-04-19 12:48:55', '2019-04-19 12:48:55'),
(1675, 37, 76, '2019-04-19 12:48:56', '2019-04-19 12:48:56'),
(1676, 34, 76, '2019-04-19 12:49:08', '2019-04-19 12:49:08'),
(1677, 33, 72, '2019-04-19 12:49:23', '2019-04-19 12:49:23'),
(1678, 33, 76, '2019-04-19 12:49:23', '2019-04-19 12:49:23'),
(1679, 34, 76, '2019-04-19 12:49:27', '2019-04-19 12:49:27'),
(1680, 35, 72, '2019-04-19 12:49:31', '2019-04-19 12:49:31'),
(1681, 35, 76, '2019-04-19 12:49:31', '2019-04-19 12:49:31'),
(1682, 37, 76, '2019-04-19 12:49:35', '2019-04-19 12:49:35'),
(1683, 35, 72, '2019-04-19 12:50:43', '2019-04-19 12:50:43'),
(1684, 36, 72, '2019-04-19 12:50:44', '2019-04-19 12:50:44'),
(1685, 35, 72, '2019-04-19 12:50:48', '2019-04-19 12:50:48'),
(1686, 36, 72, '2019-04-19 12:50:48', '2019-04-19 12:50:48'),
(1687, 33, 72, '2019-04-19 12:50:51', '2019-04-19 12:50:51'),
(1688, 33, 77, '2019-04-19 12:52:45', '2019-04-19 12:52:45'),
(1689, 35, 72, '2019-04-19 12:52:50', '2019-04-19 12:52:50'),
(1690, 33, 77, '2019-04-19 12:52:56', '2019-04-19 12:52:56'),
(1691, 36, 77, '2019-04-19 12:53:00', '2019-04-19 12:53:00'),
(1692, 36, 77, '2019-04-19 12:53:07', '2019-04-19 12:53:07'),
(1693, 35, 77, '2019-04-19 12:53:09', '2019-04-19 12:53:09'),
(1694, 36, 72, '2019-04-19 12:53:12', '2019-04-19 12:53:12'),
(1695, 33, 77, '2019-04-19 12:53:14', '2019-04-19 12:53:14'),
(1696, 35, 72, '2019-04-19 12:58:10', '2019-04-19 12:58:10'),
(1697, 36, 77, '2019-04-19 12:58:18', '2019-04-19 12:58:18'),
(1698, 36, 72, '2019-04-19 12:59:19', '2019-04-19 12:59:19'),
(1699, 35, 78, '2019-04-19 12:59:28', '2019-04-19 12:59:28'),
(1700, 35, 72, '2019-04-19 12:59:28', '2019-04-19 12:59:28'),
(1701, 34, 79, '2019-04-19 12:59:55', '2019-04-19 12:59:55'),
(1702, 37, 79, '2019-04-19 13:00:05', '2019-04-19 13:00:05'),
(1703, 35, 79, '2019-04-19 13:00:06', '2019-04-19 13:00:06'),
(1704, 35, 72, '2019-04-19 13:00:06', '2019-04-19 13:00:06'),
(1705, 36, 79, '2019-04-19 13:00:07', '2019-04-19 13:00:07'),
(1706, 36, 77, '2019-04-19 13:00:07', '2019-04-19 13:00:07'),
(1707, 33, 79, '2019-04-19 13:00:07', '2019-04-19 13:00:07'),
(1708, 33, 77, '2019-04-19 13:00:07', '2019-04-19 13:00:07'),
(1709, 34, 79, '2019-04-19 13:00:45', '2019-04-19 13:00:45'),
(1710, 37, 79, '2019-04-19 13:02:21', '2019-04-19 13:02:21'),
(1711, 36, 79, '2019-04-19 13:02:23', '2019-04-19 13:02:23'),
(1712, 36, 77, '2019-04-19 13:02:23', '2019-04-19 13:02:23'),
(1713, 33, 79, '2019-04-19 13:02:27', '2019-04-19 13:02:27'),
(1714, 33, 72, '2019-04-19 13:02:27', '2019-04-19 13:02:27'),
(1715, 34, 79, '2019-04-19 13:03:30', '2019-04-19 13:03:30'),
(1716, 35, 79, '2019-04-19 13:03:32', '2019-04-19 13:03:32'),
(1717, 35, 72, '2019-04-19 13:03:32', '2019-04-19 13:03:32'),
(1718, 35, 79, '2019-04-19 13:03:43', '2019-04-19 13:03:43');
INSERT INTO `yp_campaign_impression` (`id`, `cat_id`, `camp_id`, `created_at`, `updated_at`) VALUES
(1719, 35, 72, '2019-04-19 13:03:43', '2019-04-19 13:03:43'),
(1720, 36, 79, '2019-04-19 13:03:46', '2019-04-19 13:03:46'),
(1721, 36, 72, '2019-04-19 13:03:46', '2019-04-19 13:03:46'),
(1722, 33, 79, '2019-04-19 13:03:49', '2019-04-19 13:03:49'),
(1723, 33, 72, '2019-04-19 13:03:49', '2019-04-19 13:03:49'),
(1724, 37, 79, '2019-04-19 13:04:18', '2019-04-19 13:04:18'),
(1725, 36, 79, '2019-04-19 13:07:06', '2019-04-19 13:07:06'),
(1726, 36, 77, '2019-04-19 13:07:06', '2019-04-19 13:07:06'),
(1727, 35, 79, '2019-04-19 13:07:12', '2019-04-19 13:07:12'),
(1728, 35, 77, '2019-04-19 13:07:12', '2019-04-19 13:07:12'),
(1729, 35, 79, '2019-04-19 13:07:15', '2019-04-19 13:07:15'),
(1730, 35, 77, '2019-04-19 13:07:15', '2019-04-19 13:07:15'),
(1731, 34, 79, '2019-04-19 13:09:11', '2019-04-19 13:09:11'),
(1732, 35, 79, '2019-04-19 13:11:13', '2019-04-19 13:11:13'),
(1733, 35, 77, '2019-04-19 13:11:13', '2019-04-19 13:11:13'),
(1734, 36, 79, '2019-04-19 13:11:19', '2019-04-19 13:11:19'),
(1735, 36, 72, '2019-04-19 13:11:19', '2019-04-19 13:11:19'),
(1736, 36, 79, '2019-04-19 13:11:54', '2019-04-19 13:11:54'),
(1737, 36, 77, '2019-04-19 13:11:54', '2019-04-19 13:11:54'),
(1738, 36, 79, '2019-04-19 13:12:04', '2019-04-19 13:12:04'),
(1739, 36, 72, '2019-04-19 13:12:04', '2019-04-19 13:12:04'),
(1740, 36, 79, '2019-04-19 13:12:11', '2019-04-19 13:12:11'),
(1741, 36, 72, '2019-04-19 13:12:11', '2019-04-19 13:12:11'),
(1742, 35, 79, '2019-04-19 13:12:26', '2019-04-19 13:12:26'),
(1743, 35, 77, '2019-04-19 13:12:26', '2019-04-19 13:12:26'),
(1744, 35, 79, '2019-04-19 13:12:26', '2019-04-19 13:12:26'),
(1745, 35, 72, '2019-04-19 13:12:26', '2019-04-19 13:12:26'),
(1746, 35, 79, '2019-04-19 13:12:34', '2019-04-19 13:12:34'),
(1747, 35, 72, '2019-04-19 13:12:34', '2019-04-19 13:12:34'),
(1748, 36, 79, '2019-04-19 13:17:21', '2019-04-19 13:17:21'),
(1749, 36, 72, '2019-04-19 13:17:21', '2019-04-19 13:17:21'),
(1750, 35, 79, '2019-04-19 13:17:42', '2019-04-19 13:17:42'),
(1751, 35, 72, '2019-04-19 13:17:42', '2019-04-19 13:17:42'),
(1752, 36, 79, '2019-04-19 13:17:55', '2019-04-19 13:17:55'),
(1753, 36, 77, '2019-04-19 13:17:55', '2019-04-19 13:17:55'),
(1754, 36, 79, '2019-04-19 13:18:00', '2019-04-19 13:18:00'),
(1755, 36, 77, '2019-04-19 13:18:00', '2019-04-19 13:18:00'),
(1756, 35, 79, '2019-04-19 13:18:10', '2019-04-19 13:18:10'),
(1757, 35, 77, '2019-04-19 13:18:10', '2019-04-19 13:18:10'),
(1758, 36, 79, '2019-04-19 13:18:14', '2019-04-19 13:18:14'),
(1759, 36, 72, '2019-04-19 13:18:14', '2019-04-19 13:18:14'),
(1760, 36, 79, '2019-04-19 13:18:19', '2019-04-19 13:18:19'),
(1761, 36, 72, '2019-04-19 13:18:19', '2019-04-19 13:18:19'),
(1762, 36, 79, '2019-04-19 13:18:22', '2019-04-19 13:18:22'),
(1763, 36, 77, '2019-04-19 13:18:22', '2019-04-19 13:18:22'),
(1764, 36, 79, '2019-04-19 13:18:26', '2019-04-19 13:18:26'),
(1765, 36, 77, '2019-04-19 13:18:26', '2019-04-19 13:18:26'),
(1766, 36, 79, '2019-04-19 13:18:28', '2019-04-19 13:18:28'),
(1767, 36, 77, '2019-04-19 13:18:28', '2019-04-19 13:18:28'),
(1768, 36, 79, '2019-04-19 13:18:31', '2019-04-19 13:18:31'),
(1769, 36, 72, '2019-04-19 13:18:31', '2019-04-19 13:18:31'),
(1770, 36, 79, '2019-04-19 13:18:34', '2019-04-19 13:18:34'),
(1771, 36, 72, '2019-04-19 13:18:34', '2019-04-19 13:18:34'),
(1772, 36, 79, '2019-04-19 13:18:37', '2019-04-19 13:18:37'),
(1773, 36, 77, '2019-04-19 13:18:37', '2019-04-19 13:18:37'),
(1774, 36, 79, '2019-04-19 13:18:40', '2019-04-19 13:18:40'),
(1775, 36, 77, '2019-04-19 13:18:40', '2019-04-19 13:18:40'),
(1776, 35, 79, '2019-04-19 13:18:46', '2019-04-19 13:18:46'),
(1777, 35, 72, '2019-04-19 13:18:46', '2019-04-19 13:18:46'),
(1778, 36, 79, '2019-04-19 13:18:49', '2019-04-19 13:18:49'),
(1779, 36, 77, '2019-04-19 13:18:49', '2019-04-19 13:18:49'),
(1780, 35, 79, '2019-04-19 13:18:53', '2019-04-19 13:18:53'),
(1781, 35, 72, '2019-04-19 13:18:53', '2019-04-19 13:18:53'),
(1782, 35, 79, '2019-04-19 13:19:18', '2019-04-19 13:19:18'),
(1783, 35, 77, '2019-04-19 13:19:18', '2019-04-19 13:19:18'),
(1784, 35, 79, '2019-04-19 13:19:46', '2019-04-19 13:19:46'),
(1785, 35, 77, '2019-04-19 13:19:46', '2019-04-19 13:19:46'),
(1786, 36, 79, '2019-04-19 13:19:50', '2019-04-19 13:19:50'),
(1787, 36, 77, '2019-04-19 13:19:50', '2019-04-19 13:19:50'),
(1788, 36, 79, '2019-04-19 13:19:53', '2019-04-19 13:19:53'),
(1789, 36, 72, '2019-04-19 13:19:53', '2019-04-19 13:19:53'),
(1790, 36, 79, '2019-04-19 13:19:56', '2019-04-19 13:19:56'),
(1791, 36, 72, '2019-04-19 13:19:56', '2019-04-19 13:19:56'),
(1792, 36, 79, '2019-04-19 13:19:59', '2019-04-19 13:19:59'),
(1793, 36, 72, '2019-04-19 13:19:59', '2019-04-19 13:19:59'),
(1794, 36, 79, '2019-04-19 13:20:01', '2019-04-19 13:20:01'),
(1795, 36, 77, '2019-04-19 13:20:01', '2019-04-19 13:20:01'),
(1796, 36, 79, '2019-04-19 13:20:03', '2019-04-19 13:20:03'),
(1797, 36, 72, '2019-04-19 13:20:03', '2019-04-19 13:20:03'),
(1798, 35, 79, '2019-04-19 13:20:07', '2019-04-19 13:20:07'),
(1799, 35, 72, '2019-04-19 13:20:08', '2019-04-19 13:20:08'),
(1800, 36, 79, '2019-04-19 13:20:11', '2019-04-19 13:20:11'),
(1801, 36, 77, '2019-04-19 13:20:11', '2019-04-19 13:20:11'),
(1802, 35, 79, '2019-04-19 13:20:14', '2019-04-19 13:20:14'),
(1803, 35, 77, '2019-04-19 13:20:14', '2019-04-19 13:20:14'),
(1804, 36, 79, '2019-04-19 13:20:17', '2019-04-19 13:20:17'),
(1805, 36, 72, '2019-04-19 13:20:17', '2019-04-19 13:20:17'),
(1806, 35, 79, '2019-04-19 13:20:22', '2019-04-19 13:20:22'),
(1807, 35, 72, '2019-04-19 13:20:22', '2019-04-19 13:20:22'),
(1808, 35, 79, '2019-04-19 13:29:29', '2019-04-19 13:29:29'),
(1809, 35, 77, '2019-04-19 13:29:29', '2019-04-19 13:29:29'),
(1810, 35, 79, '2019-04-19 13:30:49', '2019-04-19 13:30:49'),
(1811, 35, 77, '2019-04-19 13:30:49', '2019-04-19 13:30:49'),
(1812, 35, 79, '2019-04-19 13:31:20', '2019-04-19 13:31:20'),
(1813, 35, 72, '2019-04-19 13:31:20', '2019-04-19 13:31:20'),
(1814, 35, 79, '2019-04-19 13:31:55', '2019-04-19 13:31:55'),
(1815, 35, 72, '2019-04-19 13:31:55', '2019-04-19 13:31:55'),
(1816, 35, 79, '2019-04-19 13:31:57', '2019-04-19 13:31:57'),
(1817, 35, 77, '2019-04-19 13:31:57', '2019-04-19 13:31:57'),
(1818, 35, 79, '2019-04-19 13:32:24', '2019-04-19 13:32:24'),
(1819, 35, 77, '2019-04-19 13:32:24', '2019-04-19 13:32:24'),
(1820, 35, 79, '2019-04-19 13:32:58', '2019-04-19 13:32:58'),
(1821, 35, 77, '2019-04-19 13:32:58', '2019-04-19 13:32:58'),
(1822, 35, 79, '2019-04-19 13:33:20', '2019-04-19 13:33:20'),
(1823, 35, 77, '2019-04-19 13:33:20', '2019-04-19 13:33:20'),
(1824, 35, 79, '2019-04-19 13:33:37', '2019-04-19 13:33:37'),
(1825, 35, 72, '2019-04-19 13:33:37', '2019-04-19 13:33:37'),
(1826, 36, 79, '2019-04-19 13:33:54', '2019-04-19 13:33:54'),
(1827, 36, 72, '2019-04-19 13:33:54', '2019-04-19 13:33:54'),
(1828, 35, 79, '2019-04-19 14:20:42', '2019-04-19 14:20:42'),
(1829, 35, 77, '2019-04-19 14:20:42', '2019-04-19 14:20:42'),
(1830, 35, 58, '2019-04-21 13:48:36', '2019-04-21 13:48:36'),
(1831, 35, 58, '2019-04-21 13:48:43', '2019-04-21 13:48:43'),
(1832, 35, 58, '2019-04-21 13:48:44', '2019-04-21 13:48:44'),
(1833, 35, 58, '2019-04-21 13:48:45', '2019-04-21 13:48:45'),
(1834, 35, 58, '2019-04-21 13:48:47', '2019-04-21 13:48:47'),
(1835, 35, 58, '2019-04-21 13:48:48', '2019-04-21 13:48:48'),
(1836, 35, 58, '2019-04-21 13:48:49', '2019-04-21 13:48:49'),
(1837, 35, 58, '2019-04-21 13:48:53', '2019-04-21 13:48:53'),
(1838, 35, 58, '2019-04-21 13:51:57', '2019-04-21 13:51:57'),
(1839, 35, 58, '2019-04-21 14:10:16', '2019-04-21 14:10:16'),
(1840, 35, 58, '2019-04-21 14:10:57', '2019-04-21 14:10:57'),
(1841, 35, 58, '2019-04-21 14:11:25', '2019-04-21 14:11:25'),
(1842, 35, 58, '2019-04-21 14:11:49', '2019-04-21 14:11:49'),
(1843, 34, 58, '2019-04-21 14:12:50', '2019-04-21 14:12:50'),
(1844, 34, 58, '2019-04-21 14:14:12', '2019-04-21 14:14:12'),
(1845, 35, 58, '2019-04-22 10:18:09', '2019-04-22 10:18:09'),
(1846, 35, 58, '2019-04-22 10:21:48', '2019-04-22 10:21:48'),
(1847, 35, 58, '2019-04-22 10:23:07', '2019-04-22 10:23:07'),
(1848, 35, 58, '2019-04-22 10:24:18', '2019-04-22 10:24:18'),
(1849, 35, 58, '2019-04-22 10:26:34', '2019-04-22 10:26:34'),
(1850, 35, 58, '2019-04-22 10:27:44', '2019-04-22 10:27:44'),
(1851, 35, 76, '2019-04-22 10:43:26', '2019-04-22 10:43:26'),
(1852, 36, 76, '2019-04-22 10:43:44', '2019-04-22 10:43:44'),
(1853, 36, 76, '2019-04-22 10:45:17', '2019-04-22 10:45:17'),
(1854, 36, 76, '2019-04-22 10:45:30', '2019-04-22 10:45:30'),
(1855, 35, 76, '2019-04-22 10:46:42', '2019-04-22 10:46:42'),
(1856, 36, 76, '2019-04-22 10:46:44', '2019-04-22 10:46:44'),
(1857, 36, 76, '2019-04-22 10:47:13', '2019-04-22 10:47:13'),
(1858, 36, 76, '2019-04-22 10:47:38', '2019-04-22 10:47:38'),
(1859, 36, 76, '2019-04-22 10:47:49', '2019-04-22 10:47:49'),
(1860, 35, 76, '2019-04-22 10:47:53', '2019-04-22 10:47:53'),
(1861, 36, 76, '2019-04-22 10:48:01', '2019-04-22 10:48:01'),
(1862, 36, 76, '2019-04-22 10:48:03', '2019-04-22 10:48:03'),
(1863, 36, 76, '2019-04-22 10:48:08', '2019-04-22 10:48:08'),
(1864, 36, 76, '2019-04-22 10:48:11', '2019-04-22 10:48:11'),
(1865, 36, 76, '2019-04-22 10:48:14', '2019-04-22 10:48:14'),
(1866, 36, 76, '2019-04-22 10:48:21', '2019-04-22 10:48:21'),
(1867, 36, 76, '2019-04-22 10:49:04', '2019-04-22 10:49:04'),
(1868, 36, 76, '2019-04-22 10:49:08', '2019-04-22 10:49:08'),
(1869, 36, 76, '2019-04-22 10:49:16', '2019-04-22 10:49:16'),
(1870, 36, 76, '2019-04-22 10:49:17', '2019-04-22 10:49:17'),
(1871, 36, 76, '2019-04-22 10:49:20', '2019-04-22 10:49:20'),
(1872, 36, 76, '2019-04-22 10:50:05', '2019-04-22 10:50:05'),
(1873, 35, 76, '2019-04-22 10:50:07', '2019-04-22 10:50:07'),
(1874, 36, 76, '2019-04-22 10:50:14', '2019-04-22 10:50:14'),
(1875, 35, 58, '2019-04-22 10:50:27', '2019-04-22 10:50:27'),
(1876, 36, 76, '2019-04-22 10:50:27', '2019-04-22 10:50:27'),
(1877, 36, 76, '2019-04-22 10:50:33', '2019-04-22 10:50:33'),
(1878, 36, 76, '2019-04-22 10:50:36', '2019-04-22 10:50:36'),
(1879, 35, 76, '2019-04-22 10:50:37', '2019-04-22 10:50:37'),
(1880, 36, 76, '2019-04-22 10:50:37', '2019-04-22 10:50:37'),
(1881, 36, 76, '2019-04-22 10:50:39', '2019-04-22 10:50:39'),
(1882, 36, 76, '2019-04-22 10:50:39', '2019-04-22 10:50:39'),
(1883, 35, 58, '2019-04-22 10:50:58', '2019-04-22 10:50:58'),
(1884, 35, 58, '2019-04-22 10:51:25', '2019-04-22 10:51:25'),
(1885, 35, 58, '2019-04-22 10:53:13', '2019-04-22 10:53:13'),
(1886, 35, 58, '2019-04-22 11:00:30', '2019-04-22 11:00:30'),
(1887, 36, 82, '2019-04-22 11:00:57', '2019-04-22 11:00:57'),
(1888, 36, 80, '2019-04-22 11:00:57', '2019-04-22 11:00:57'),
(1889, 36, 83, '2019-04-22 11:01:46', '2019-04-22 11:01:46'),
(1890, 36, 82, '2019-04-22 11:01:46', '2019-04-22 11:01:46'),
(1891, 36, 84, '2019-04-22 11:02:30', '2019-04-22 11:02:30'),
(1892, 36, 82, '2019-04-22 11:02:30', '2019-04-22 11:02:30'),
(1893, 36, 84, '2019-04-22 11:03:03', '2019-04-22 11:03:03'),
(1894, 36, 82, '2019-04-22 11:03:03', '2019-04-22 11:03:03'),
(1895, 36, 84, '2019-04-22 11:03:06', '2019-04-22 11:03:06'),
(1896, 36, 82, '2019-04-22 11:03:06', '2019-04-22 11:03:06'),
(1897, 36, 84, '2019-04-22 11:03:10', '2019-04-22 11:03:10'),
(1898, 36, 82, '2019-04-22 11:03:10', '2019-04-22 11:03:10'),
(1899, 36, 84, '2019-04-22 11:03:15', '2019-04-22 11:03:15'),
(1900, 36, 82, '2019-04-22 11:03:15', '2019-04-22 11:03:15'),
(1901, 36, 84, '2019-04-22 11:03:18', '2019-04-22 11:03:18'),
(1902, 36, 82, '2019-04-22 11:03:18', '2019-04-22 11:03:18'),
(1903, 36, 84, '2019-04-22 11:03:22', '2019-04-22 11:03:22'),
(1904, 36, 82, '2019-04-22 11:03:22', '2019-04-22 11:03:22'),
(1905, 36, 83, '2019-04-22 11:03:41', '2019-04-22 11:03:41'),
(1906, 36, 82, '2019-04-22 11:03:41', '2019-04-22 11:03:41'),
(1907, 36, 83, '2019-04-22 11:04:15', '2019-04-22 11:04:15'),
(1908, 36, 82, '2019-04-22 11:04:15', '2019-04-22 11:04:15'),
(1909, 36, 83, '2019-04-22 11:04:18', '2019-04-22 11:04:18'),
(1910, 36, 82, '2019-04-22 11:04:18', '2019-04-22 11:04:18'),
(1911, 36, 83, '2019-04-22 11:04:20', '2019-04-22 11:04:20'),
(1912, 36, 82, '2019-04-22 11:04:20', '2019-04-22 11:04:20'),
(1913, 36, 83, '2019-04-22 11:04:21', '2019-04-22 11:04:21'),
(1914, 36, 82, '2019-04-22 11:04:21', '2019-04-22 11:04:21'),
(1915, 36, 83, '2019-04-22 11:04:22', '2019-04-22 11:04:22'),
(1916, 36, 82, '2019-04-22 11:04:22', '2019-04-22 11:04:22'),
(1917, 36, 83, '2019-04-22 11:04:25', '2019-04-22 11:04:25'),
(1918, 36, 82, '2019-04-22 11:04:25', '2019-04-22 11:04:25'),
(1919, 36, 83, '2019-04-22 11:04:26', '2019-04-22 11:04:26'),
(1920, 36, 82, '2019-04-22 11:04:26', '2019-04-22 11:04:26'),
(1921, 36, 83, '2019-04-22 11:04:28', '2019-04-22 11:04:28'),
(1922, 36, 82, '2019-04-22 11:04:28', '2019-04-22 11:04:28'),
(1923, 36, 81, '2019-04-22 11:06:10', '2019-04-22 11:06:10'),
(1924, 36, 82, '2019-04-22 11:06:10', '2019-04-22 11:06:10'),
(1925, 36, 81, '2019-04-22 11:06:13', '2019-04-22 11:06:13'),
(1926, 36, 82, '2019-04-22 11:06:13', '2019-04-22 11:06:13'),
(1927, 36, 81, '2019-04-22 11:08:23', '2019-04-22 11:08:23'),
(1928, 36, 82, '2019-04-22 11:08:23', '2019-04-22 11:08:23'),
(1929, 36, 81, '2019-04-22 11:08:25', '2019-04-22 11:08:25'),
(1930, 36, 82, '2019-04-22 11:08:25', '2019-04-22 11:08:25'),
(1931, 36, 81, '2019-04-22 11:08:26', '2019-04-22 11:08:26'),
(1932, 36, 82, '2019-04-22 11:08:26', '2019-04-22 11:08:26'),
(1933, 36, 81, '2019-04-22 11:08:28', '2019-04-22 11:08:28'),
(1934, 36, 82, '2019-04-22 11:08:28', '2019-04-22 11:08:28'),
(1935, 36, 81, '2019-04-22 11:08:31', '2019-04-22 11:08:31'),
(1936, 36, 82, '2019-04-22 11:08:31', '2019-04-22 11:08:31'),
(1937, 36, 81, '2019-04-22 11:08:33', '2019-04-22 11:08:33'),
(1938, 36, 82, '2019-04-22 11:08:33', '2019-04-22 11:08:33'),
(1939, 36, 81, '2019-04-22 11:08:54', '2019-04-22 11:08:54'),
(1940, 36, 82, '2019-04-22 11:08:54', '2019-04-22 11:08:54'),
(1941, 36, 81, '2019-04-22 11:09:07', '2019-04-22 11:09:07'),
(1942, 36, 82, '2019-04-22 11:09:07', '2019-04-22 11:09:07'),
(1943, 36, 82, '2019-04-22 11:09:09', '2019-04-22 11:09:09'),
(1944, 36, 80, '2019-04-22 11:09:09', '2019-04-22 11:09:09'),
(1945, 36, 82, '2019-04-22 11:09:20', '2019-04-22 11:09:20'),
(1946, 36, 80, '2019-04-22 11:09:20', '2019-04-22 11:09:20'),
(1947, 36, 82, '2019-04-22 11:09:23', '2019-04-22 11:09:23'),
(1948, 36, 80, '2019-04-22 11:09:23', '2019-04-22 11:09:23'),
(1949, 36, 82, '2019-04-22 11:09:24', '2019-04-22 11:09:24'),
(1950, 36, 80, '2019-04-22 11:09:24', '2019-04-22 11:09:24'),
(1951, 36, 82, '2019-04-22 11:09:25', '2019-04-22 11:09:25'),
(1952, 36, 80, '2019-04-22 11:09:25', '2019-04-22 11:09:25'),
(1953, 36, 82, '2019-04-22 11:09:25', '2019-04-22 11:09:25'),
(1954, 36, 80, '2019-04-22 11:09:25', '2019-04-22 11:09:25'),
(1955, 36, 82, '2019-04-22 11:09:25', '2019-04-22 11:09:25'),
(1956, 36, 80, '2019-04-22 11:09:25', '2019-04-22 11:09:25'),
(1957, 36, 82, '2019-04-22 11:09:26', '2019-04-22 11:09:26'),
(1958, 36, 80, '2019-04-22 11:09:26', '2019-04-22 11:09:26'),
(1959, 36, 82, '2019-04-22 11:14:29', '2019-04-22 11:14:29'),
(1960, 36, 80, '2019-04-22 11:14:29', '2019-04-22 11:14:29'),
(1961, 36, 82, '2019-04-22 11:14:35', '2019-04-22 11:14:35'),
(1962, 36, 80, '2019-04-22 11:14:35', '2019-04-22 11:14:35'),
(1963, 36, 82, '2019-04-22 11:14:55', '2019-04-22 11:14:55'),
(1964, 36, 80, '2019-04-22 11:14:55', '2019-04-22 11:14:55'),
(1965, 36, 82, '2019-04-22 11:14:56', '2019-04-22 11:14:56'),
(1966, 36, 80, '2019-04-22 11:14:56', '2019-04-22 11:14:56'),
(1967, 36, 82, '2019-04-22 11:14:58', '2019-04-22 11:14:58'),
(1968, 36, 80, '2019-04-22 11:14:58', '2019-04-22 11:14:58'),
(1969, 36, 82, '2019-04-22 11:14:59', '2019-04-22 11:14:59'),
(1970, 36, 80, '2019-04-22 11:14:59', '2019-04-22 11:14:59'),
(1971, 35, 58, '2019-04-22 11:15:27', '2019-04-22 11:15:27'),
(1972, 36, 82, '2019-04-22 11:15:47', '2019-04-22 11:15:47'),
(1973, 36, 80, '2019-04-22 11:15:47', '2019-04-22 11:15:47'),
(1974, 36, 82, '2019-04-22 11:15:50', '2019-04-22 11:15:50'),
(1975, 36, 80, '2019-04-22 11:15:50', '2019-04-22 11:15:50'),
(1976, 36, 82, '2019-04-22 11:15:58', '2019-04-22 11:15:58'),
(1977, 36, 80, '2019-04-22 11:15:58', '2019-04-22 11:15:58'),
(1978, 36, 82, '2019-04-22 11:29:37', '2019-04-22 11:29:37'),
(1979, 36, 80, '2019-04-22 11:29:37', '2019-04-22 11:29:37'),
(1980, 36, 82, '2019-04-22 11:29:42', '2019-04-22 11:29:42'),
(1981, 36, 80, '2019-04-22 11:29:42', '2019-04-22 11:29:42'),
(1982, 36, 82, '2019-04-22 11:29:49', '2019-04-22 11:29:49'),
(1983, 36, 80, '2019-04-22 11:29:49', '2019-04-22 11:29:49'),
(1984, 36, 82, '2019-04-22 11:29:52', '2019-04-22 11:29:52'),
(1985, 36, 80, '2019-04-22 11:29:52', '2019-04-22 11:29:52'),
(1986, 36, 82, '2019-04-22 11:30:16', '2019-04-22 11:30:16'),
(1987, 36, 80, '2019-04-22 11:30:16', '2019-04-22 11:30:16'),
(1988, 36, 82, '2019-04-22 11:30:21', '2019-04-22 11:30:21'),
(1989, 36, 80, '2019-04-22 11:30:21', '2019-04-22 11:30:21'),
(1990, 36, 82, '2019-04-22 11:30:39', '2019-04-22 11:30:39'),
(1991, 36, 80, '2019-04-22 11:30:39', '2019-04-22 11:30:39'),
(1992, 36, 82, '2019-04-22 11:30:52', '2019-04-22 11:30:52'),
(1993, 36, 82, '2019-04-22 11:31:22', '2019-04-22 11:31:22'),
(1994, 36, 82, '2019-04-22 11:31:55', '2019-04-22 11:31:55'),
(1995, 36, 82, '2019-04-22 11:33:10', '2019-04-22 11:33:10'),
(1996, 36, 82, '2019-04-22 11:33:18', '2019-04-22 11:33:18'),
(1997, 36, 82, '2019-04-22 11:33:45', '2019-04-22 11:33:45'),
(1998, 36, 85, '2019-04-22 11:37:44', '2019-04-22 11:37:44'),
(1999, 36, 85, '2019-04-22 11:38:25', '2019-04-22 11:38:25'),
(2000, 36, 85, '2019-04-22 11:54:52', '2019-04-22 11:54:52'),
(2001, 36, 85, '2019-04-22 11:54:59', '2019-04-22 11:54:59'),
(2002, 36, 85, '2019-04-22 11:55:01', '2019-04-22 11:55:01'),
(2003, 36, 85, '2019-04-22 11:55:03', '2019-04-22 11:55:03'),
(2004, 36, 85, '2019-04-22 11:55:12', '2019-04-22 11:55:12'),
(2005, 36, 85, '2019-04-22 11:55:14', '2019-04-22 11:55:14'),
(2006, 36, 85, '2019-04-22 11:55:21', '2019-04-22 11:55:21'),
(2007, 36, 85, '2019-04-22 11:55:47', '2019-04-22 11:55:47'),
(2008, 36, 85, '2019-04-22 11:55:49', '2019-04-22 11:55:49'),
(2009, 36, 85, '2019-04-22 11:55:51', '2019-04-22 11:55:51'),
(2010, 36, 86, '2019-04-22 11:56:11', '2019-04-22 11:56:11'),
(2011, 36, 86, '2019-04-22 11:56:13', '2019-04-22 11:56:13'),
(2012, 36, 86, '2019-04-22 11:56:23', '2019-04-22 11:56:23'),
(2013, 36, 86, '2019-04-22 11:56:24', '2019-04-22 11:56:24'),
(2014, 36, 83, '2019-04-22 11:56:42', '2019-04-22 11:56:42'),
(2015, 36, 83, '2019-04-22 11:56:44', '2019-04-22 11:56:44'),
(2016, 36, 84, '2019-04-22 11:56:46', '2019-04-22 11:56:46'),
(2017, 36, 84, '2019-04-22 11:56:48', '2019-04-22 11:56:48'),
(2018, 36, 84, '2019-04-22 11:56:49', '2019-04-22 11:56:49'),
(2019, 36, 84, '2019-04-22 11:56:52', '2019-04-22 11:56:52'),
(2020, 36, 83, '2019-04-22 11:57:28', '2019-04-22 11:57:28'),
(2021, 36, 84, '2019-04-22 11:58:16', '2019-04-22 11:58:16'),
(2022, 36, 83, '2019-04-22 11:58:42', '2019-04-22 11:58:42'),
(2023, 36, 84, '2019-04-22 11:58:51', '2019-04-22 11:58:51'),
(2024, 36, 83, '2019-04-22 11:59:42', '2019-04-22 11:59:42'),
(2025, 36, 83, '2019-04-22 11:59:46', '2019-04-22 11:59:46'),
(2026, 36, 83, '2019-04-22 11:59:49', '2019-04-22 11:59:49'),
(2027, 36, 83, '2019-04-22 11:59:51', '2019-04-22 11:59:51'),
(2028, 36, 83, '2019-04-22 11:59:53', '2019-04-22 11:59:53'),
(2029, 36, 83, '2019-04-22 11:59:55', '2019-04-22 11:59:55'),
(2030, 36, 83, '2019-04-22 11:59:57', '2019-04-22 11:59:57'),
(2031, 36, 83, '2019-04-22 11:59:59', '2019-04-22 11:59:59'),
(2032, 36, 83, '2019-04-22 12:00:01', '2019-04-22 12:00:01'),
(2033, 36, 83, '2019-04-22 12:00:03', '2019-04-22 12:00:03'),
(2034, 36, 84, '2019-04-22 12:00:21', '2019-04-22 12:00:21'),
(2035, 36, 83, '2019-04-22 12:00:33', '2019-04-22 12:00:33'),
(2036, 36, 83, '2019-04-22 12:00:34', '2019-04-22 12:00:34'),
(2037, 36, 83, '2019-04-22 12:00:36', '2019-04-22 12:00:36'),
(2038, 36, 83, '2019-04-22 12:00:38', '2019-04-22 12:00:38'),
(2039, 36, 83, '2019-04-22 12:00:39', '2019-04-22 12:00:39'),
(2040, 36, 83, '2019-04-22 12:00:41', '2019-04-22 12:00:41'),
(2041, 36, 83, '2019-04-22 12:00:42', '2019-04-22 12:00:42'),
(2042, 36, 83, '2019-04-22 12:00:44', '2019-04-22 12:00:44'),
(2043, 36, 83, '2019-04-22 12:00:45', '2019-04-22 12:00:45'),
(2044, 36, 83, '2019-04-22 12:00:47', '2019-04-22 12:00:47'),
(2045, 36, 83, '2019-04-22 12:00:48', '2019-04-22 12:00:48'),
(2046, 36, 83, '2019-04-22 12:00:49', '2019-04-22 12:00:49'),
(2047, 36, 83, '2019-04-22 12:01:22', '2019-04-22 12:01:22'),
(2048, 36, 83, '2019-04-22 12:01:26', '2019-04-22 12:01:26'),
(2049, 36, 83, '2019-04-22 12:01:29', '2019-04-22 12:01:29'),
(2050, 36, 83, '2019-04-22 12:01:32', '2019-04-22 12:01:32'),
(2051, 36, 83, '2019-04-22 12:01:36', '2019-04-22 12:01:36'),
(2052, 36, 83, '2019-04-22 12:01:38', '2019-04-22 12:01:38'),
(2053, 36, 83, '2019-04-22 12:01:42', '2019-04-22 12:01:42'),
(2054, 36, 83, '2019-04-22 12:01:45', '2019-04-22 12:01:45'),
(2055, 35, 88, '2019-04-22 12:06:12', '2019-04-22 12:06:12'),
(2056, 35, 89, '2019-04-22 12:06:12', '2019-04-22 12:06:12'),
(2057, 35, 90, '2019-04-22 12:06:57', '2019-04-22 12:06:57'),
(2058, 35, 88, '2019-04-22 12:06:57', '2019-04-22 12:06:57'),
(2059, 35, 90, '2019-04-22 12:07:11', '2019-04-22 12:07:11'),
(2060, 35, 88, '2019-04-22 12:07:11', '2019-04-22 12:07:11'),
(2061, 35, 90, '2019-04-22 12:07:30', '2019-04-22 12:07:30'),
(2062, 35, 88, '2019-04-22 12:07:30', '2019-04-22 12:07:30'),
(2063, 35, 90, '2019-04-22 12:07:33', '2019-04-22 12:07:33'),
(2064, 35, 88, '2019-04-22 12:07:33', '2019-04-22 12:07:33'),
(2065, 35, 90, '2019-04-22 12:07:53', '2019-04-22 12:07:53'),
(2066, 35, 88, '2019-04-22 12:07:53', '2019-04-22 12:07:53'),
(2067, 35, 90, '2019-04-22 12:08:02', '2019-04-22 12:08:02'),
(2068, 35, 88, '2019-04-22 12:08:02', '2019-04-22 12:08:02'),
(2069, 35, 90, '2019-04-22 12:08:08', '2019-04-22 12:08:08'),
(2070, 35, 88, '2019-04-22 12:08:08', '2019-04-22 12:08:08'),
(2071, 35, 90, '2019-04-22 12:10:02', '2019-04-22 12:10:02'),
(2072, 35, 87, '2019-04-22 12:10:02', '2019-04-22 12:10:02'),
(2073, 35, 90, '2019-04-22 12:10:06', '2019-04-22 12:10:06'),
(2074, 35, 87, '2019-04-22 12:10:06', '2019-04-22 12:10:06'),
(2075, 35, 90, '2019-04-22 12:10:08', '2019-04-22 12:10:08'),
(2076, 35, 87, '2019-04-22 12:10:08', '2019-04-22 12:10:08'),
(2077, 35, 90, '2019-04-22 12:10:09', '2019-04-22 12:10:09'),
(2078, 35, 87, '2019-04-22 12:10:09', '2019-04-22 12:10:09'),
(2079, 35, 90, '2019-04-22 12:10:10', '2019-04-22 12:10:10'),
(2080, 35, 87, '2019-04-22 12:10:10', '2019-04-22 12:10:10'),
(2081, 35, 90, '2019-04-22 12:10:14', '2019-04-22 12:10:14'),
(2082, 35, 87, '2019-04-22 12:10:14', '2019-04-22 12:10:14'),
(2083, 35, 90, '2019-04-22 12:10:17', '2019-04-22 12:10:17'),
(2084, 35, 87, '2019-04-22 12:10:17', '2019-04-22 12:10:17'),
(2085, 35, 90, '2019-04-22 12:10:18', '2019-04-22 12:10:18'),
(2086, 35, 87, '2019-04-22 12:10:18', '2019-04-22 12:10:18'),
(2087, 35, 90, '2019-04-22 12:10:20', '2019-04-22 12:10:20'),
(2088, 35, 87, '2019-04-22 12:10:20', '2019-04-22 12:10:20'),
(2089, 35, 90, '2019-04-22 12:10:21', '2019-04-22 12:10:21'),
(2090, 35, 87, '2019-04-22 12:10:21', '2019-04-22 12:10:21'),
(2091, 35, 90, '2019-04-22 12:10:23', '2019-04-22 12:10:23'),
(2092, 35, 87, '2019-04-22 12:10:23', '2019-04-22 12:10:23'),
(2093, 35, 90, '2019-04-22 12:10:25', '2019-04-22 12:10:25'),
(2094, 35, 87, '2019-04-22 12:10:25', '2019-04-22 12:10:25'),
(2095, 35, 90, '2019-04-22 12:10:26', '2019-04-22 12:10:26'),
(2096, 35, 87, '2019-04-22 12:10:26', '2019-04-22 12:10:26'),
(2097, 35, 90, '2019-04-22 12:10:32', '2019-04-22 12:10:32'),
(2098, 35, 87, '2019-04-22 12:10:32', '2019-04-22 12:10:32'),
(2099, 35, 90, '2019-04-22 12:10:35', '2019-04-22 12:10:35'),
(2100, 35, 87, '2019-04-22 12:10:35', '2019-04-22 12:10:35'),
(2101, 35, 90, '2019-04-22 12:10:38', '2019-04-22 12:10:38'),
(2102, 35, 87, '2019-04-22 12:10:38', '2019-04-22 12:10:38'),
(2103, 35, 90, '2019-04-22 12:10:41', '2019-04-22 12:10:41'),
(2104, 35, 87, '2019-04-22 12:10:41', '2019-04-22 12:10:41'),
(2105, 35, 90, '2019-04-22 12:10:46', '2019-04-22 12:10:46'),
(2106, 35, 87, '2019-04-22 12:10:46', '2019-04-22 12:10:46'),
(2107, 35, 90, '2019-04-22 12:10:48', '2019-04-22 12:10:48'),
(2108, 35, 87, '2019-04-22 12:10:48', '2019-04-22 12:10:48'),
(2109, 35, 91, '2019-04-22 12:10:52', '2019-04-22 12:10:52'),
(2110, 35, 87, '2019-04-22 12:10:52', '2019-04-22 12:10:52'),
(2111, 35, 91, '2019-04-22 12:11:18', '2019-04-22 12:11:18'),
(2112, 35, 87, '2019-04-22 12:11:18', '2019-04-22 12:11:18'),
(2113, 35, 91, '2019-04-22 12:11:22', '2019-04-22 12:11:22'),
(2114, 35, 87, '2019-04-22 12:11:22', '2019-04-22 12:11:22'),
(2115, 35, 91, '2019-04-22 12:11:26', '2019-04-22 12:11:26'),
(2116, 35, 87, '2019-04-22 12:11:26', '2019-04-22 12:11:26'),
(2117, 35, 91, '2019-04-22 12:11:31', '2019-04-22 12:11:31'),
(2118, 35, 87, '2019-04-22 12:11:31', '2019-04-22 12:11:31'),
(2119, 35, 91, '2019-04-22 12:11:34', '2019-04-22 12:11:34'),
(2120, 35, 87, '2019-04-22 12:11:34', '2019-04-22 12:11:34'),
(2121, 35, 91, '2019-04-22 12:11:39', '2019-04-22 12:11:39'),
(2122, 35, 87, '2019-04-22 12:11:39', '2019-04-22 12:11:39'),
(2123, 35, 89, '2019-04-22 12:11:43', '2019-04-22 12:11:43'),
(2124, 35, 87, '2019-04-22 12:11:43', '2019-04-22 12:11:43'),
(2125, 35, 89, '2019-04-22 12:12:03', '2019-04-22 12:12:03'),
(2126, 35, 87, '2019-04-22 12:12:03', '2019-04-22 12:12:03'),
(2127, 35, 89, '2019-04-22 12:12:12', '2019-04-22 12:12:12'),
(2128, 35, 87, '2019-04-22 12:12:12', '2019-04-22 12:12:12'),
(2129, 35, 89, '2019-04-22 12:12:19', '2019-04-22 12:12:19'),
(2130, 35, 87, '2019-04-22 12:12:19', '2019-04-22 12:12:19'),
(2131, 35, 89, '2019-04-22 12:12:23', '2019-04-22 12:12:23'),
(2132, 35, 87, '2019-04-22 12:12:23', '2019-04-22 12:12:23'),
(2133, 35, 89, '2019-04-22 12:12:26', '2019-04-22 12:12:26'),
(2134, 35, 87, '2019-04-22 12:12:26', '2019-04-22 12:12:26'),
(2135, 35, 89, '2019-04-22 12:12:29', '2019-04-22 12:12:29'),
(2136, 35, 87, '2019-04-22 12:12:29', '2019-04-22 12:12:29'),
(2137, 35, 89, '2019-04-22 12:12:33', '2019-04-22 12:12:33'),
(2138, 35, 87, '2019-04-22 12:12:33', '2019-04-22 12:12:33'),
(2139, 35, 89, '2019-04-22 12:12:38', '2019-04-22 12:12:38'),
(2140, 35, 87, '2019-04-22 12:12:38', '2019-04-22 12:12:38'),
(2141, 35, 89, '2019-04-22 12:12:44', '2019-04-22 12:12:44'),
(2142, 35, 87, '2019-04-22 12:12:44', '2019-04-22 12:12:44'),
(2143, 35, 89, '2019-04-22 12:13:02', '2019-04-22 12:13:02'),
(2144, 35, 87, '2019-04-22 12:13:02', '2019-04-22 12:13:02'),
(2145, 37, 89, '2019-04-22 12:13:07', '2019-04-22 12:13:07'),
(2146, 37, 87, '2019-04-22 12:13:07', '2019-04-22 12:13:07'),
(2147, 37, 87, '2019-04-22 12:13:31', '2019-04-22 12:13:31'),
(2148, 37, 88, '2019-04-22 12:13:31', '2019-04-22 12:13:31'),
(2149, 35, 87, '2019-04-22 12:13:40', '2019-04-22 12:13:40'),
(2150, 35, 88, '2019-04-22 12:13:40', '2019-04-22 12:13:40'),
(2151, 37, 93, '2019-04-22 12:21:36', '2019-04-22 12:21:36'),
(2152, 37, 87, '2019-04-22 12:21:36', '2019-04-22 12:21:36'),
(2153, 37, 93, '2019-04-22 12:22:50', '2019-04-22 12:22:50'),
(2154, 37, 87, '2019-04-22 12:22:50', '2019-04-22 12:22:50'),
(2155, 37, 93, '2019-04-22 12:23:31', '2019-04-22 12:23:31'),
(2156, 37, 87, '2019-04-22 12:23:31', '2019-04-22 12:23:31'),
(2157, 36, 93, '2019-04-22 12:25:23', '2019-04-22 12:25:23'),
(2158, 36, 92, '2019-04-22 12:25:23', '2019-04-22 12:25:23'),
(2159, 34, 93, '2019-04-22 12:27:04', '2019-04-22 12:27:04'),
(2160, 34, 87, '2019-04-22 12:27:04', '2019-04-22 12:27:04'),
(2161, 34, 93, '2019-04-22 12:27:07', '2019-04-22 12:27:07'),
(2162, 34, 87, '2019-04-22 12:27:07', '2019-04-22 12:27:07'),
(2163, 33, 93, '2019-04-22 12:27:13', '2019-04-22 12:27:13'),
(2164, 33, 87, '2019-04-22 12:27:13', '2019-04-22 12:27:13'),
(2165, 35, 93, '2019-04-22 12:27:14', '2019-04-22 12:27:14'),
(2166, 35, 87, '2019-04-22 12:27:14', '2019-04-22 12:27:14'),
(2167, 37, 93, '2019-04-22 12:27:16', '2019-04-22 12:27:16'),
(2168, 37, 87, '2019-04-22 12:27:16', '2019-04-22 12:27:16'),
(2169, 34, 93, '2019-04-22 12:27:48', '2019-04-22 12:27:48'),
(2170, 34, 87, '2019-04-22 12:27:48', '2019-04-22 12:27:48'),
(2171, 33, 93, '2019-04-22 12:27:48', '2019-04-22 12:27:48'),
(2172, 33, 87, '2019-04-22 12:27:48', '2019-04-22 12:27:48'),
(2173, 35, 93, '2019-04-22 12:27:49', '2019-04-22 12:27:49'),
(2174, 35, 87, '2019-04-22 12:27:49', '2019-04-22 12:27:49'),
(2175, 35, 93, '2019-04-22 12:27:52', '2019-04-22 12:27:52'),
(2176, 35, 87, '2019-04-22 12:27:52', '2019-04-22 12:27:52'),
(2177, 36, 93, '2019-04-22 12:27:57', '2019-04-22 12:27:57'),
(2178, 36, 92, '2019-04-22 12:27:57', '2019-04-22 12:27:57'),
(2179, 33, 93, '2019-04-22 12:27:59', '2019-04-22 12:27:59'),
(2180, 33, 87, '2019-04-22 12:27:59', '2019-04-22 12:27:59'),
(2181, 35, 87, '2019-04-22 12:28:50', '2019-04-22 12:28:50'),
(2182, 35, 88, '2019-04-22 12:28:50', '2019-04-22 12:28:50'),
(2183, 36, 92, '2019-04-22 12:28:59', '2019-04-22 12:28:59'),
(2184, 36, 88, '2019-04-22 12:28:59', '2019-04-22 12:28:59'),
(2185, 34, 87, '2019-04-22 12:29:39', '2019-04-22 12:29:39'),
(2186, 34, 88, '2019-04-22 12:29:39', '2019-04-22 12:29:39'),
(2187, 33, 87, '2019-04-22 12:31:58', '2019-04-22 12:31:58'),
(2188, 33, 88, '2019-04-22 12:31:58', '2019-04-22 12:31:58'),
(2189, 34, 87, '2019-04-22 12:32:09', '2019-04-22 12:32:09'),
(2190, 34, 88, '2019-04-22 12:32:09', '2019-04-22 12:32:09'),
(2191, 34, 87, '2019-04-22 12:32:33', '2019-04-22 12:32:33'),
(2192, 34, 88, '2019-04-22 12:32:33', '2019-04-22 12:32:33'),
(2193, 34, 87, '2019-04-22 12:33:50', '2019-04-22 12:33:50'),
(2194, 34, 88, '2019-04-22 12:33:50', '2019-04-22 12:33:50'),
(2195, 34, 87, '2019-04-22 12:34:02', '2019-04-22 12:34:02'),
(2196, 34, 88, '2019-04-22 12:34:02', '2019-04-22 12:34:02'),
(2197, 34, 87, '2019-04-22 12:34:31', '2019-04-22 12:34:31'),
(2198, 34, 88, '2019-04-22 12:34:31', '2019-04-22 12:34:31'),
(2199, 34, 87, '2019-04-22 12:35:52', '2019-04-22 12:35:52'),
(2200, 34, 88, '2019-04-22 12:35:52', '2019-04-22 12:35:52'),
(2201, 34, 93, '2019-04-22 12:43:29', '2019-04-22 12:43:29'),
(2202, 34, 87, '2019-04-22 12:43:29', '2019-04-22 12:43:29'),
(2203, 34, 93, '2019-04-22 12:46:39', '2019-04-22 12:46:39'),
(2204, 34, 87, '2019-04-22 12:46:39', '2019-04-22 12:46:39'),
(2205, 34, 93, '2019-04-22 12:46:42', '2019-04-22 12:46:42'),
(2206, 34, 87, '2019-04-22 12:46:42', '2019-04-22 12:46:42'),
(2207, 34, 93, '2019-04-22 12:50:49', '2019-04-22 12:50:49'),
(2208, 34, 87, '2019-04-22 12:50:49', '2019-04-22 12:50:49'),
(2209, 34, 93, '2019-04-22 12:50:53', '2019-04-22 12:50:53'),
(2210, 34, 87, '2019-04-22 12:50:54', '2019-04-22 12:50:54'),
(2211, 33, 93, '2019-04-22 12:51:02', '2019-04-22 12:51:02'),
(2212, 33, 87, '2019-04-22 12:51:02', '2019-04-22 12:51:02'),
(2213, 36, 93, '2019-04-22 12:51:35', '2019-04-22 12:51:35'),
(2214, 36, 92, '2019-04-22 12:51:35', '2019-04-22 12:51:35'),
(2215, 36, 93, '2019-04-22 12:53:51', '2019-04-22 12:53:51'),
(2216, 36, 92, '2019-04-22 12:53:51', '2019-04-22 12:53:51'),
(2217, 34, 93, '2019-04-22 12:58:43', '2019-04-22 12:58:43'),
(2218, 34, 87, '2019-04-22 12:58:43', '2019-04-22 12:58:43'),
(2219, 33, 93, '2019-04-22 12:58:44', '2019-04-22 12:58:44'),
(2220, 33, 87, '2019-04-22 12:58:44', '2019-04-22 12:58:44'),
(2221, 33, 93, '2019-04-22 12:58:45', '2019-04-22 12:58:45'),
(2222, 33, 87, '2019-04-22 12:58:45', '2019-04-22 12:58:45'),
(2223, 34, 93, '2019-04-22 12:59:28', '2019-04-22 12:59:28'),
(2224, 34, 87, '2019-04-22 12:59:28', '2019-04-22 12:59:28'),
(2225, 36, 92, '2019-04-22 12:59:35', '2019-04-22 12:59:35'),
(2226, 36, 88, '2019-04-22 12:59:35', '2019-04-22 12:59:35'),
(2227, 36, 92, '2019-04-22 12:59:58', '2019-04-22 12:59:58'),
(2228, 36, 88, '2019-04-22 12:59:58', '2019-04-22 12:59:58'),
(2229, 34, 87, '2019-04-22 13:00:31', '2019-04-22 13:00:31'),
(2230, 34, 88, '2019-04-22 13:00:31', '2019-04-22 13:00:31'),
(2231, 34, 93, '2019-04-22 13:01:15', '2019-04-22 13:01:15'),
(2232, 34, 87, '2019-04-22 13:01:15', '2019-04-22 13:01:15'),
(2233, 34, 93, '2019-04-22 13:01:21', '2019-04-22 13:01:21'),
(2234, 34, 87, '2019-04-22 13:01:21', '2019-04-22 13:01:21'),
(2235, 34, 93, '2019-04-22 13:01:29', '2019-04-22 13:01:29'),
(2236, 34, 87, '2019-04-22 13:01:29', '2019-04-22 13:01:29'),
(2237, 34, 94, '2019-04-22 13:02:24', '2019-04-22 13:02:24'),
(2238, 34, 87, '2019-04-22 13:02:24', '2019-04-22 13:02:24'),
(2239, 34, 94, '2019-04-22 13:02:30', '2019-04-22 13:02:30'),
(2240, 34, 87, '2019-04-22 13:02:30', '2019-04-22 13:02:30'),
(2241, 34, 93, '2019-04-22 13:02:38', '2019-04-22 13:02:38'),
(2242, 34, 87, '2019-04-22 13:02:38', '2019-04-22 13:02:38'),
(2243, 34, 93, '2019-04-22 13:02:42', '2019-04-22 13:02:42'),
(2244, 34, 87, '2019-04-22 13:02:42', '2019-04-22 13:02:42'),
(2245, 34, 93, '2019-04-22 13:02:52', '2019-04-22 13:02:52'),
(2246, 34, 87, '2019-04-22 13:02:52', '2019-04-22 13:02:52'),
(2247, 34, 93, '2019-04-22 13:03:27', '2019-04-22 13:03:27'),
(2248, 34, 87, '2019-04-22 13:03:27', '2019-04-22 13:03:27'),
(2249, 34, 93, '2019-04-22 13:03:34', '2019-04-22 13:03:34'),
(2250, 34, 87, '2019-04-22 13:03:34', '2019-04-22 13:03:34'),
(2251, 34, 95, '2019-04-22 13:04:14', '2019-04-22 13:04:14'),
(2252, 34, 87, '2019-04-22 13:04:14', '2019-04-22 13:04:14'),
(2253, 34, 95, '2019-04-22 13:04:19', '2019-04-22 13:04:19'),
(2254, 34, 87, '2019-04-22 13:04:19', '2019-04-22 13:04:19'),
(2255, 34, 95, '2019-04-22 13:04:22', '2019-04-22 13:04:22'),
(2256, 34, 87, '2019-04-22 13:04:22', '2019-04-22 13:04:22'),
(2257, 34, 95, '2019-04-22 13:04:29', '2019-04-22 13:04:29'),
(2258, 34, 87, '2019-04-22 13:04:29', '2019-04-22 13:04:29'),
(2259, 34, 95, '2019-04-22 13:04:44', '2019-04-22 13:04:44'),
(2260, 34, 87, '2019-04-22 13:04:44', '2019-04-22 13:04:44'),
(2261, 34, 95, '2019-04-22 13:04:58', '2019-04-22 13:04:58'),
(2262, 34, 87, '2019-04-22 13:04:58', '2019-04-22 13:04:58'),
(2263, 34, 95, '2019-04-22 13:05:02', '2019-04-22 13:05:02'),
(2264, 34, 87, '2019-04-22 13:05:02', '2019-04-22 13:05:02'),
(2265, 34, 95, '2019-04-22 13:05:09', '2019-04-22 13:05:09'),
(2266, 34, 87, '2019-04-22 13:05:09', '2019-04-22 13:05:09'),
(2267, 34, 96, '2019-04-22 13:05:58', '2019-04-22 13:05:58'),
(2268, 34, 87, '2019-04-22 13:05:58', '2019-04-22 13:05:58'),
(2269, 34, 96, '2019-04-22 13:06:08', '2019-04-22 13:06:08'),
(2270, 34, 87, '2019-04-22 13:06:08', '2019-04-22 13:06:08'),
(2271, 34, 96, '2019-04-22 13:06:19', '2019-04-22 13:06:19'),
(2272, 34, 87, '2019-04-22 13:06:19', '2019-04-22 13:06:19'),
(2273, 34, 95, '2019-04-22 13:06:27', '2019-04-22 13:06:27'),
(2274, 34, 87, '2019-04-22 13:06:27', '2019-04-22 13:06:27'),
(2275, 34, 95, '2019-04-22 13:06:35', '2019-04-22 13:06:35'),
(2276, 34, 87, '2019-04-22 13:06:35', '2019-04-22 13:06:35'),
(2277, 34, 95, '2019-04-22 13:06:46', '2019-04-22 13:06:46'),
(2278, 34, 87, '2019-04-22 13:06:46', '2019-04-22 13:06:46'),
(2279, 34, 95, '2019-04-22 13:07:55', '2019-04-22 13:07:55'),
(2280, 34, 87, '2019-04-22 13:07:55', '2019-04-22 13:07:55'),
(2281, 34, 95, '2019-04-22 13:08:22', '2019-04-22 13:08:22'),
(2282, 34, 87, '2019-04-22 13:08:22', '2019-04-22 13:08:22'),
(2283, 34, 95, '2019-04-22 13:09:19', '2019-04-22 13:09:19'),
(2284, 34, 87, '2019-04-22 13:09:19', '2019-04-22 13:09:19'),
(2285, 34, 95, '2019-04-22 13:09:20', '2019-04-22 13:09:20'),
(2286, 34, 87, '2019-04-22 13:09:20', '2019-04-22 13:09:20'),
(2287, 34, 95, '2019-04-22 13:11:27', '2019-04-22 13:11:27'),
(2288, 34, 87, '2019-04-22 13:11:27', '2019-04-22 13:11:27'),
(2289, 34, 95, '2019-04-22 13:12:46', '2019-04-22 13:12:46'),
(2290, 34, 87, '2019-04-22 13:12:46', '2019-04-22 13:12:46'),
(2291, 34, 95, '2019-04-22 13:12:55', '2019-04-22 13:12:55'),
(2292, 34, 87, '2019-04-22 13:12:55', '2019-04-22 13:12:55'),
(2293, 34, 95, '2019-04-22 13:13:48', '2019-04-22 13:13:48'),
(2294, 34, 87, '2019-04-22 13:13:48', '2019-04-22 13:13:48'),
(2295, 34, 95, '2019-04-22 13:13:54', '2019-04-22 13:13:54'),
(2296, 34, 87, '2019-04-22 13:13:54', '2019-04-22 13:13:54'),
(2297, 34, 95, '2019-04-22 13:13:59', '2019-04-22 13:13:59'),
(2298, 34, 87, '2019-04-22 13:13:59', '2019-04-22 13:13:59'),
(2299, 34, 95, '2019-04-22 13:14:05', '2019-04-22 13:14:05'),
(2300, 34, 87, '2019-04-22 13:14:06', '2019-04-22 13:14:06'),
(2301, 34, 95, '2019-04-22 13:14:11', '2019-04-22 13:14:11'),
(2302, 34, 87, '2019-04-22 13:14:11', '2019-04-22 13:14:11'),
(2303, 34, 95, '2019-04-22 13:14:17', '2019-04-22 13:14:17'),
(2304, 34, 87, '2019-04-22 13:14:17', '2019-04-22 13:14:17'),
(2305, 34, 95, '2019-04-22 13:14:22', '2019-04-22 13:14:22'),
(2306, 34, 87, '2019-04-22 13:14:22', '2019-04-22 13:14:22'),
(2307, 34, 95, '2019-04-22 13:14:29', '2019-04-22 13:14:29'),
(2308, 34, 87, '2019-04-22 13:14:29', '2019-04-22 13:14:29'),
(2309, 34, 93, '2019-04-22 13:14:39', '2019-04-22 13:14:39'),
(2310, 34, 87, '2019-04-22 13:14:39', '2019-04-22 13:14:39'),
(2311, 34, 93, '2019-04-22 13:14:45', '2019-04-22 13:14:45'),
(2312, 34, 87, '2019-04-22 13:14:45', '2019-04-22 13:14:45'),
(2313, 34, 93, '2019-04-22 13:14:55', '2019-04-22 13:14:55'),
(2314, 34, 87, '2019-04-22 13:14:55', '2019-04-22 13:14:55'),
(2315, 34, 93, '2019-04-22 13:14:58', '2019-04-22 13:14:58'),
(2316, 34, 87, '2019-04-22 13:14:58', '2019-04-22 13:14:58'),
(2317, 34, 97, '2019-04-22 13:15:52', '2019-04-22 13:15:52'),
(2318, 34, 87, '2019-04-22 13:15:52', '2019-04-22 13:15:52'),
(2319, 34, 97, '2019-04-22 13:16:04', '2019-04-22 13:16:04'),
(2320, 34, 87, '2019-04-22 13:16:04', '2019-04-22 13:16:04'),
(2321, 34, 97, '2019-04-22 13:16:09', '2019-04-22 13:16:09'),
(2322, 34, 87, '2019-04-22 13:16:09', '2019-04-22 13:16:09'),
(2323, 34, 97, '2019-04-22 13:16:13', '2019-04-22 13:16:13'),
(2324, 34, 87, '2019-04-22 13:16:13', '2019-04-22 13:16:13'),
(2325, 34, 97, '2019-04-22 13:16:19', '2019-04-22 13:16:19'),
(2326, 34, 87, '2019-04-22 13:16:19', '2019-04-22 13:16:19'),
(2327, 34, 97, '2019-04-22 13:16:31', '2019-04-22 13:16:31'),
(2328, 34, 87, '2019-04-22 13:16:31', '2019-04-22 13:16:31'),
(2329, 34, 97, '2019-04-22 13:16:53', '2019-04-22 13:16:53'),
(2330, 34, 87, '2019-04-22 13:16:53', '2019-04-22 13:16:53'),
(2331, 34, 97, '2019-04-22 13:16:57', '2019-04-22 13:16:57'),
(2332, 34, 87, '2019-04-22 13:16:57', '2019-04-22 13:16:57'),
(2333, 34, 97, '2019-04-22 13:17:01', '2019-04-22 13:17:01'),
(2334, 34, 87, '2019-04-22 13:17:01', '2019-04-22 13:17:01'),
(2335, 34, 97, '2019-04-22 13:17:04', '2019-04-22 13:17:04'),
(2336, 34, 87, '2019-04-22 13:17:04', '2019-04-22 13:17:04'),
(2337, 34, 97, '2019-04-22 13:17:06', '2019-04-22 13:17:06'),
(2338, 34, 87, '2019-04-22 13:17:06', '2019-04-22 13:17:06'),
(2339, 34, 97, '2019-04-22 13:17:11', '2019-04-22 13:17:11'),
(2340, 34, 87, '2019-04-22 13:17:11', '2019-04-22 13:17:11'),
(2341, 34, 97, '2019-04-22 13:17:14', '2019-04-22 13:17:14'),
(2342, 34, 87, '2019-04-22 13:17:14', '2019-04-22 13:17:14'),
(2343, 34, 97, '2019-04-22 13:17:16', '2019-04-22 13:17:16'),
(2344, 34, 87, '2019-04-22 13:17:16', '2019-04-22 13:17:16'),
(2345, 34, 97, '2019-04-22 13:17:20', '2019-04-22 13:17:20'),
(2346, 34, 87, '2019-04-22 13:17:20', '2019-04-22 13:17:20'),
(2347, 34, 97, '2019-04-22 13:17:22', '2019-04-22 13:17:22'),
(2348, 34, 87, '2019-04-22 13:17:22', '2019-04-22 13:17:22'),
(2349, 34, 97, '2019-04-22 13:17:27', '2019-04-22 13:17:27'),
(2350, 34, 87, '2019-04-22 13:17:27', '2019-04-22 13:17:27'),
(2351, 34, 97, '2019-04-22 13:17:31', '2019-04-22 13:17:31'),
(2352, 34, 87, '2019-04-22 13:17:31', '2019-04-22 13:17:31'),
(2353, 34, 97, '2019-04-22 13:17:34', '2019-04-22 13:17:34'),
(2354, 34, 87, '2019-04-22 13:17:34', '2019-04-22 13:17:34'),
(2355, 34, 97, '2019-04-22 13:17:36', '2019-04-22 13:17:36'),
(2356, 34, 87, '2019-04-22 13:17:36', '2019-04-22 13:17:36'),
(2357, 34, 97, '2019-04-22 13:17:38', '2019-04-22 13:17:38'),
(2358, 34, 87, '2019-04-22 13:17:38', '2019-04-22 13:17:38'),
(2359, 34, 93, '2019-04-22 13:17:43', '2019-04-22 13:17:43'),
(2360, 34, 87, '2019-04-22 13:17:43', '2019-04-22 13:17:43'),
(2361, 34, 93, '2019-04-22 13:18:00', '2019-04-22 13:18:00'),
(2362, 34, 87, '2019-04-22 13:18:00', '2019-04-22 13:18:00'),
(2363, 34, 93, '2019-04-22 13:18:03', '2019-04-22 13:18:03'),
(2364, 34, 87, '2019-04-22 13:18:03', '2019-04-22 13:18:03'),
(2365, 34, 93, '2019-04-22 13:18:08', '2019-04-22 13:18:08'),
(2366, 34, 87, '2019-04-22 13:18:08', '2019-04-22 13:18:08'),
(2367, 34, 93, '2019-04-22 13:18:13', '2019-04-22 13:18:13'),
(2368, 34, 87, '2019-04-22 13:18:13', '2019-04-22 13:18:13'),
(2369, 34, 93, '2019-04-22 13:18:17', '2019-04-22 13:18:17'),
(2370, 34, 87, '2019-04-22 13:18:17', '2019-04-22 13:18:17'),
(2371, 34, 87, '2019-04-22 13:18:21', '2019-04-22 13:18:21'),
(2372, 34, 88, '2019-04-22 13:18:21', '2019-04-22 13:18:21'),
(2373, 34, 87, '2019-04-22 13:18:41', '2019-04-22 13:18:41'),
(2374, 34, 88, '2019-04-22 13:18:41', '2019-04-22 13:18:41'),
(2375, 34, 87, '2019-04-22 13:19:02', '2019-04-22 13:19:02'),
(2376, 34, 88, '2019-04-22 13:19:02', '2019-04-22 13:19:02'),
(2377, 34, 87, '2019-04-22 13:22:38', '2019-04-22 13:22:38'),
(2378, 34, 88, '2019-04-22 13:22:38', '2019-04-22 13:22:38');

-- --------------------------------------------------------

--
-- Table structure for table `yp_form_questions`
--

CREATE TABLE `yp_form_questions` (
  `id` int(11) NOT NULL,
  `formid` varchar(100) NOT NULL,
  `cat_id` int(10) UNSIGNED NOT NULL,
  `qid` varchar(150) NOT NULL,
  `type` varchar(50) NOT NULL,
  `required` tinyint(4) NOT NULL DEFAULT '0' COMMENT '1=>required,0=>not required',
  `filter` int(11) NOT NULL DEFAULT '0',
  `options` text,
  `title` varchar(200) NOT NULL,
  `placeholder` varchar(200) DEFAULT NULL,
  `description` text,
  `min` int(11) DEFAULT NULL,
  `max` int(11) DEFAULT NULL,
  `created_at` timestamp NOT NULL DEFAULT CURRENT_TIMESTAMP ON UPDATE CURRENT_TIMESTAMP,
  `updated_at` timestamp NOT NULL DEFAULT CURRENT_TIMESTAMP
) ENGINE=InnoDB DEFAULT CHARSET=latin1;

--
-- Dumping data for table `yp_form_questions`
--

INSERT INTO `yp_form_questions` (`id`, `formid`, `cat_id`, `qid`, `type`, `required`, `filter`, `options`, `title`, `placeholder`, `description`, `min`, `max`, `created_at`, `updated_at`) VALUES
(16, 'f_1552977083', 9, 'q_103108', 'textbox', 1, 0, NULL, 'Enter Your Name ?', NULL, NULL, NULL, NULL, '2019-03-19 06:31:23', '2019-03-19 06:31:23'),
(17, 'f_1552977083', 9, 'q_104353', 'checkbox', 1, 0, '[{\"option_name\":\"Chips\",\"option_value\":\"1\"},{\"option_name\":\"Smaosa\'s\",\"option_value\":\"2\"},{\"option_name\":\"Burger\",\"option_value\":\"3\"},{\"option_name\":\"Spring Roll\",\"option_value\":\"4\"},{\"option_name\":\"Egg roll\",\"option_value\":\"5\"},{\"option_name\":\"Meat roll\",\"option_value\":\"6\"},{\"option_name\":\"Paneer roll\",\"option_value\":\"7\"},{\"option_name\":\"chapati roll\",\"option_value\":\"8\"},{\"option_name\":\"Dosa\",\"option_value\":\"9\"}]', 'What eatable\'s you want to select ?', NULL, NULL, NULL, NULL, '2019-03-19 06:31:23', '2019-03-19 06:31:23'),
(18, 'f_1552977083', 9, 'q_100034', 'checkbox', 1, 1, '[{\"option_name\":\"Sector 22\",\"option_value\":\"1\"},{\"option_name\":\"Sector 17\",\"option_value\":\"2\"},{\"option_name\":\"Sector 43\",\"option_value\":\"3\"},{\"option_name\":\"Sector 20-D\",\"option_value\":\"4\"}]', 'Select place you want to visit', NULL, NULL, NULL, NULL, '2019-03-19 06:31:23', '2019-03-19 06:31:23'),
(40, 'f_1552981988', 14, 'q_104498', 'radio', 1, 1, '[{\"option_name\":\"Sector 79\",\"option_value\":\"1\"},{\"option_name\":\"Sector 66\",\"option_value\":\"2\"}]', 'Select Sector in Mohali ?', NULL, NULL, NULL, NULL, '2019-03-19 07:53:08', '2019-03-19 07:53:08'),
(41, 'f_1552981988', 14, 'q_108167', 'dropdown', 1, 0, '[{\"option_name\":\"1\",\"option_value\":\"1\"},{\"option_name\":\"2\",\"option_value\":\"2\"},{\"option_name\":\"3\",\"option_value\":\"3\"},{\"option_name\":\"4\",\"option_value\":\"4\"}]', 'Select number of helper\'s required', NULL, NULL, NULL, NULL, '2019-03-19 07:53:08', '2019-03-19 07:53:08'),
(42, 'f_1552981988', 14, 'q_107633', 'textbox', 1, 0, NULL, 'Enter Landmark of the area ?', NULL, NULL, NULL, NULL, '2019-03-19 07:53:08', '2019-03-19 07:53:08'),
(43, 'f_1552981988', 14, 'q_100045', 'checkbox', 1, 0, '[{\"option_name\":\"Room\",\"option_value\":\"1\"},{\"option_name\":\"Walls\",\"option_value\":\"2\"},{\"option_name\":\"Carpets\",\"option_value\":\"3\"},{\"option_name\":\"Wndows\",\"option_value\":\"4\"}]', 'Cleaning Area ?', NULL, NULL, NULL, NULL, '2019-03-19 07:53:08', '2019-03-19 07:53:08'),
(46, 'f_1552982296', 16, 'q_106405', 'checkbox', 1, 1, '[{\"option_name\":\"Sector 79\",\"option_value\":\"1\"},{\"option_name\":\"Sector 66\",\"option_value\":\"2\"}]', 'Select Sector in Mohali ?', NULL, NULL, NULL, NULL, '2019-03-19 07:58:16', '2019-03-19 07:58:16'),
(47, 'f_1552982296', 16, 'q_100786', 'textbox', 0, 0, NULL, 'Enter LandMaRK', NULL, NULL, NULL, NULL, '2019-03-19 07:58:16', '2019-03-19 07:58:16'),
(48, 'f_1552982296', 16, 'q_108566', 'checkbox', 1, 0, '[{\"option_name\":\"Tap\",\"option_value\":\"q\"},{\"option_name\":\"Pipe\",\"option_value\":\"w\"},{\"option_name\":\"Bathroom Pipe\",\"option_value\":\"e\"},{\"option_name\":\"Kitchen washbasin\",\"option_value\":\"r\"}]', 'Select that you want to fix ?', NULL, NULL, NULL, NULL, '2019-03-19 07:58:16', '2019-03-19 07:58:16'),
(49, 'f_1552982417', 12, 'q_104329', 'checkbox', 1, 1, '[{\"option_name\":\"Sector 79\",\"option_value\":\"1\"},{\"option_name\":\"Sector 66\",\"option_value\":\"2\"}]', 'Select Service in Mohali ?', NULL, NULL, NULL, NULL, '2019-03-19 08:00:17', '2019-03-19 08:00:17'),
(50, 'f_1552982417', 12, 'q_108620', 'textbox', 0, 0, NULL, 'Enter Landmark', NULL, NULL, NULL, NULL, '2019-03-19 08:00:17', '2019-03-19 08:00:17'),
(51, 'f_1552982417', 12, 'q_103995', 'radio', 1, 0, '[{\"option_name\":\"3 Phase connection\",\"option_value\":\"1\"},{\"option_name\":\"2 Phase connection\",\"option_value\":\"2\"}]', 'Type of connection you want to fix ?', NULL, NULL, NULL, NULL, '2019-03-19 08:00:17', '2019-03-19 08:00:17'),
(52, 'f_1552982564', 13, 'q_100202', 'radio', 1, 1, '{\"0\":{\"option_name\":\"Sector 79\",\"option_value\":\"1\"},\"3\":{\"option_name\":\"Sector 66\",\"option_value\":\"3\"}}', 'Select Baby sitting in OutSkirts of Mohali ?', NULL, NULL, NULL, NULL, '2019-03-19 08:02:44', '2019-03-19 08:02:44'),
(53, 'f_1552982564', 13, 'q_105893', 'textbox', 0, 0, NULL, 'Enter Landmark', NULL, NULL, NULL, NULL, '2019-03-19 08:02:44', '2019-03-19 08:02:44'),
(54, 'f_1552982564', 13, 'q_106603', 'radio', 0, 0, '[{\"option_name\":\"1-3\",\"option_value\":\"1\"},{\"option_name\":\"3-5\",\"option_value\":\"2\"},{\"option_name\":\"5-7\",\"option_value\":\"3\"},{\"option_name\":\"7-9\",\"option_value\":\"4\"}]', 'Select age group of child ?', NULL, NULL, NULL, NULL, '2019-03-19 08:02:44', '2019-03-19 08:02:44'),
(55, 'f_1552982564', 13, 'q_102209', 'dropdown', 0, 0, '[{\"option_name\":\"Male\",\"option_value\":\"1\"},{\"option_name\":\"Femalee\",\"option_value\":\"2\"}]', 'Child gender ?', NULL, NULL, NULL, NULL, '2019-03-19 08:02:44', '2019-03-19 08:02:44'),
(56, 'f_1553248262', 28, 'q_107694', 'radio', 0, 1, '[{\"option_name\":\"Sector 79\",\"option_value\":\"2\"},{\"option_name\":\"Sector 66\",\"option_value\":\"1\"}]', 'Select Sector you want to visit in Mohali ?', NULL, NULL, NULL, NULL, '2019-03-22 09:51:02', '2019-03-22 09:51:02'),
(57, 'f_1553701594', 7, 'q_105832', 'radio', 1, 1, '[{\"option_name\":\"aaaa\",\"option_value\":\"111\"},{\"option_name\":\"bbbb\",\"option_value\":\"222\"}]', 'aaaa', NULL, NULL, NULL, NULL, '2019-03-27 15:46:34', '2019-03-27 15:46:34'),
(58, 'f_1554291519', 29, 'q_106182', 'checkbox', 1, 1, '[{\"option_name\":\"Sector 66\",\"option_value\":\"2\"},{\"option_name\":\"Sector 79\",\"option_value\":\"1\"},{\"option_name\":\"Sector Me\",\"option_value\":\"3\"}]', 'Select services in the sector ?', NULL, NULL, NULL, NULL, '2019-04-03 11:38:39', '2019-04-03 11:38:39'),
(59, 'f_1554291519', 29, 'q_107030', 'radio', 1, 0, '[{\"option_name\":\"In_Door\",\"option_value\":\"1\"},{\"option_name\":\"Out_Door\",\"option_value\":\"2\"}]', 'What purpose you are looking for service ?', NULL, NULL, NULL, NULL, '2019-04-03 11:38:40', '2019-04-03 11:38:40'),
(60, 'f_1554291519', 29, 'q_109464', 'checkbox', 0, 0, '[{\"option_name\":\"Brick_Cleaner\",\"option_value\":\"7\"},{\"option_name\":\"Helper\",\"option_value\":\"6\"},{\"option_name\":\"Labour\",\"option_value\":\"5\"},{\"option_name\":\"Chloe_Remover\",\"option_value\":\"1\"},{\"option_name\":\"Purse_Cleaner\",\"option_value\":\"3\"},{\"option_name\":\"Water_Purifier\",\"option_value\":\"4\"}]', 'Select purpose ?', NULL, NULL, NULL, NULL, '2019-04-03 11:38:40', '2019-04-03 11:38:40'),
(61, 'f_1554292195', 30, 'q_100027', 'radio', 0, 1, '[{\"option_name\":\"Sector 66\",\"option_value\":\"4\"},{\"option_name\":\"Sector 79\",\"option_value\":\"5\"}]', 'Select  services via Radio ?', NULL, NULL, NULL, NULL, '2019-04-03 11:49:55', '2019-04-03 11:49:55'),
(62, 'f_1554292195', 30, 'q_101656', 'checkbox', 0, 0, '[{\"option_name\":\"Modulation\",\"option_value\":\"1\"},{\"option_name\":\"Frequency Modulation\",\"option_value\":\"2\"},{\"option_name\":\"Current Modulation Sector 66 Test\",\"option_value\":\"3\"},{\"option_name\":\"Tuner\",\"option_value\":\"4\"},{\"option_name\":\"Oscilloscope\",\"option_value\":\"5\"},{\"option_name\":\"Antenna\",\"option_value\":\"6\"}]', 'Name part of Radio to correct', NULL, NULL, NULL, NULL, '2019-04-03 11:49:55', '2019-04-03 11:49:55'),
(63, 'f_1554292195', 30, 'q_109094', 'checkbox', 0, 0, '[{\"option_name\":\"Morning\",\"option_value\":\"3\"},{\"option_name\":\"Evening\",\"option_value\":\"4\"}]', 'Select day', NULL, NULL, NULL, NULL, '2019-04-03 11:49:55', '2019-04-03 11:49:55'),
(64, 'f_1554295410', 31, 'q_109671', 'checkbox', 0, 1, '[{\"option_name\":\"A4\",\"option_value\":\"1\"},{\"option_name\":\"A6\",\"option_value\":\"2\"},{\"option_name\":\"A8\",\"option_value\":\"3\"},{\"option_name\":\"Page\",\"option_value\":\"4\"}]', 'Selector servies of paper size', NULL, NULL, NULL, NULL, '2019-04-03 12:43:30', '2019-04-03 12:43:30'),
(65, 'f_1554359090', 33, 'q_101506', 'radio', 0, 1, '[{\"option_name\":\"84X\",\"option_value\":\"1\"},{\"option_name\":\"64X\",\"option_value\":\"2\"}]', 'Enter you edition ?', NULL, NULL, NULL, NULL, '2019-04-04 06:24:50', '2019-04-04 06:24:50'),
(66, 'f_1554359094', 34, 'q_106444', 'radio', 0, 1, '[{\"option_name\":\"84X\",\"option_value\":\"1\"},{\"option_name\":\"64X\",\"option_value\":\"2\"}]', 'Enter you edition ?', NULL, NULL, NULL, NULL, '2019-04-04 06:24:54', '2019-04-04 06:24:54'),
(70, 'f_1554359104', 36, 'q_102822', 'radio', 0, 1, '[{\"option_name\":\"84X\",\"option_value\":\"1\"},{\"option_name\":\"64X\",\"option_value\":\"2\"}]', 'Enter you edition ?', NULL, NULL, NULL, NULL, '2019-04-04 06:25:04', '2019-04-04 06:25:04'),
(71, 'f_1555855781', 37, 'q_102764', 'radio', 0, 1, '[{\"option_name\":\"84X\",\"option_value\":\"1\"},{\"option_name\":\"64X\",\"option_value\":\"2\"}]', 'Enter you edition ?', NULL, NULL, NULL, NULL, '2019-04-21 14:09:41', '2019-04-21 14:09:41'),
(72, 'f_1555855781', 37, 'q_103038', 'textbox', 0, 0, NULL, 'textbox', NULL, NULL, NULL, NULL, '2019-04-21 14:09:41', '2019-04-21 14:09:41'),
(97, 'f_1555930823', 35, 'q_109413', 'radio', 1, 1, '[{\"option_name\":\"84X\",\"option_value\":\"1\"},{\"option_name\":\"64X\",\"option_value\":\"2\"}]', 'Enter you edition ?', NULL, NULL, NULL, NULL, '2019-04-22 11:00:23', '2019-04-22 11:00:23'),
(98, 'f_1555930823', 35, 'q_108974', 'textbox', 1, 0, NULL, 'textbox', 'place holder', 'this is the description', 0, 0, '2019-04-22 11:00:23', '2019-04-22 11:00:23'),
(99, 'f_1555930823', 35, 'q_105295', 'radio', 0, 0, '{\"0\":{\"option_name\":\"aaa\",\"option_value\":\"1\"},\"2\":{\"option_name\":\"bbb\",\"option_value\":\"2\"},\"3\":{\"option_name\":\"ccc\",\"option_value\":\"3\"},\"4\":{\"option_name\":\"ddd\",\"option_value\":\"4\"}}', 'this is the radiobox title', NULL, NULL, NULL, NULL, '2019-04-22 11:00:23', '2019-04-22 11:00:23'),
(100, 'f_1555930823', 35, 'q_108055', 'dropdown', 0, 0, '[{\"option_name\":\"bbb\",\"option_value\":\"2\"},{\"option_name\":\"aaa\",\"option_value\":\"1\"}]', 'what can i say', NULL, NULL, NULL, NULL, '2019-04-22 11:00:23', '2019-04-22 11:00:23'),
(101, 'f_1555930823', 35, 'q_103525', 'checkbox', 0, 0, '[{\"option_name\":\"aaa\",\"option_value\":\"1\"},{\"option_name\":\"bbb\",\"option_value\":\"2\"}]', 'multiple', NULL, NULL, NULL, NULL, '2019-04-22 11:00:23', '2019-04-22 11:00:23');

-- --------------------------------------------------------

--
-- Table structure for table `yp_general_users`
--

CREATE TABLE `yp_general_users` (
  `id` int(10) UNSIGNED NOT NULL,
  `user_id` bigint(20) NOT NULL,
  `first_name` varchar(255) COLLATE utf8mb4_unicode_ci DEFAULT NULL,
  `last_name` varchar(255) COLLATE utf8mb4_unicode_ci DEFAULT NULL,
  `city` varchar(255) COLLATE utf8mb4_unicode_ci DEFAULT NULL,
  `country` varchar(255) COLLATE utf8mb4_unicode_ci DEFAULT NULL,
  `state` varchar(255) COLLATE utf8mb4_unicode_ci DEFAULT NULL,
  `email` varchar(255) COLLATE utf8mb4_unicode_ci NOT NULL,
  `password` varchar(255) COLLATE utf8mb4_unicode_ci DEFAULT NULL,
  `phone_number` varchar(255) COLLATE utf8mb4_unicode_ci DEFAULT NULL,
  `image_url` varchar(255) COLLATE utf8mb4_unicode_ci DEFAULT NULL,
  `longitude` varchar(255) COLLATE utf8mb4_unicode_ci DEFAULT NULL,
  `latitude` varchar(255) COLLATE utf8mb4_unicode_ci DEFAULT NULL,
  `remember_token` varchar(255) COLLATE utf8mb4_unicode_ci DEFAULT NULL,
  `google_id` varchar(255) COLLATE utf8mb4_unicode_ci DEFAULT NULL,
  `name` varchar(255) COLLATE utf8mb4_unicode_ci DEFAULT NULL,
  `avatar` varchar(255) COLLATE utf8mb4_unicode_ci DEFAULT NULL,
  `avatar_original` varchar(255) COLLATE utf8mb4_unicode_ci DEFAULT NULL,
  `facebook_id` varchar(255) COLLATE utf8mb4_unicode_ci DEFAULT NULL,
  `provider_user_id` varchar(255) COLLATE utf8mb4_unicode_ci DEFAULT NULL,
  `provider` varchar(255) COLLATE utf8mb4_unicode_ci DEFAULT NULL,
  `admin_approve` tinyint(4) NOT NULL DEFAULT '1' COMMENT '1 for approve',
  `fp_token` varchar(255) COLLATE utf8mb4_unicode_ci DEFAULT NULL,
  `created_at` timestamp NOT NULL DEFAULT CURRENT_TIMESTAMP,
  `updated_at` timestamp NOT NULL DEFAULT CURRENT_TIMESTAMP ON UPDATE CURRENT_TIMESTAMP
) ENGINE=InnoDB DEFAULT CHARSET=utf8mb4 COLLATE=utf8mb4_unicode_ci;

--
-- Dumping data for table `yp_general_users`
--

INSERT INTO `yp_general_users` (`id`, `user_id`, `first_name`, `last_name`, `city`, `country`, `state`, `email`, `password`, `phone_number`, `image_url`, `longitude`, `latitude`, `remember_token`, `google_id`, `name`, `avatar`, `avatar_original`, `facebook_id`, `provider_user_id`, `provider`, `admin_approve`, `fp_token`, `created_at`, `updated_at`) VALUES
(1, 5451263256160, 'Rupinder', 'kaur', 'mohali', NULL, NULL, 'rupinder.k@iapptechnologies.com', '$2y$10$bglXxRIU0IY7rFyxg8k3j.krFDVhoU9IJJdnPDdH0AtqvvVGQKrWO', '98765432213', '', '76.71787259999999', '30.7046486', 'DAsjWm493zpdJMmHLmYuW1mOHUMZoTOBoYofI1cbd7SnuFYp5JgBm1ETXStf', NULL, NULL, NULL, NULL, NULL, NULL, NULL, 1, NULL, '2019-03-15 14:50:05', '2019-04-22 13:15:26'),
(2, 861134365275, NULL, NULL, NULL, NULL, NULL, 'roei.mizrahi@gmail.com', '$2y$10$qkBx3MtYw0PfOUvSxFkKueKx3qvwWxkWmDxE/5pd4vKwRMwBCNI1K', NULL, NULL, NULL, NULL, NULL, '116597799532782837553', '', 'https://lh5.googleusercontent.com/-twRZdF66kf0/AAAAAAAAAAI/AAAAAAAAAAA/ACHi3reXlNNiL8mWfajbiFeoAztFVM63CQ/mo/photo.jpg', 'https://lh5.googleusercontent.com/-twRZdF66kf0/AAAAAAAAAAI/AAAAAAAAAAA/ACHi3reXlNNiL8mWfajbiFeoAztFVM63CQ/mo/photo.jpg', NULL, NULL, NULL, 1, 'AtgCiiMqeWkGjopZ', '2019-03-15 20:56:14', '2019-03-17 15:17:44'),
(3, 5570305155128, 'Roei', 'Mizrahi', 'Jerusalem', NULL, NULL, 'roei@yesplease.co.il', '$2y$10$TwN2JFynJD6GxGQ9H2KwYe0XoQvUbW7aWjoI99JMi6koewjNvesjy', '', '', '35.21371', '31.768319', 'XS9gEiAUlEg5eu1ktxwKAQmWI4YZ9XIAsl3OXEH4mFJblp6ssyb18dp3a0uD', NULL, NULL, NULL, NULL, NULL, NULL, NULL, 1, 'UT6pIQPuH4mxaihi', '2019-03-17 08:15:35', '2019-03-17 15:18:02'),
(4, 3501091200295, 'Charn', 'Preet', 'Chandigarh, India', NULL, NULL, 'charnpreet.s@iapptechnologies.com', '$2y$10$uQajuTJbIDz0LDOQfYIguOog41BdMpN1ZO/vAnzyw1WdmzfjJTA26', '9856213245', '', '76.7794179', '30.7333148', 'GhRT1KGn2zXJt6BRET5q7A59h9Dus7PoKuYiWXGbUBQF1292PsHurv0vv7HZ', NULL, NULL, NULL, NULL, NULL, NULL, NULL, 1, NULL, '2019-03-18 09:06:49', '2019-03-25 05:12:35'),
(5, 1036372083553, 'Gernal', 'Dogra', 'Jerusalem, Israel', NULL, NULL, 'dev10@iapptechnologies.com', '$2y$10$2ACcMHuMp4.aBYlrK.BCfOqp3/dH3OW5X.ciH1Ln1j0iS0hkO/27u', '9876543210', '', '35.21371', '31.768319', 'iLgDtyNOv2JEYiWTsj1BGwYvh1TXGBEMm2aJeBEgQEKqT3tCDB2jK6HijPsP', NULL, NULL, NULL, NULL, NULL, NULL, NULL, 1, 'wdccsLXbm264kxBW', '2019-03-22 13:13:00', '2019-04-22 12:39:56'),
(6, 5965165558335, 'DJ', 'BABU', 'Mohali 7 Phase, Sahibzada Ajit Singh Nagar, India', NULL, NULL, 'asd@dsa.asd', '$2y$10$tsvBl7pg.jVy4fZwVsH02OUOZK7HDLMIWvhFIJ0NxsZBuGF/JsAoa', '1234561235', '1553585636.jpg', '76.7247759', '30.7017355', 'UeP0Gt03OlPSbprzup1yrmKcMrb4Bhb5x3x7V6Vv37SqqiSvsoVTjORCraZw', NULL, NULL, NULL, NULL, NULL, NULL, NULL, 1, NULL, '2019-03-26 07:33:56', '2019-03-26 07:35:30'),
(7, 1855875535623, 'DJ', 'BABU', 'Mohali, Punjab, India', NULL, NULL, 'qazxs@q.asd', '$2y$10$j3NT5C0b4wJcuMPgpC3Kf.wFr/5ZY2BmR77Ja0o0/rQ0wIwlZIiOu', '1234567890', '1553585852.png', '76.71787259999999', '30.7046486', '95QvGEZhn2aTImlN9CHkbHuWfDC7GIGYz1Rb4stGR3qSVqe6uSHzRa35ouWj', NULL, NULL, NULL, NULL, NULL, NULL, NULL, 1, NULL, '2019-03-26 07:37:33', '2019-03-26 07:39:27'),
(8, 3540294558156, 'asd', 'asd', 'Chandigarh, India', NULL, NULL, 'qwe@ewq.qwe', '$2y$10$Ik0xGHn0WJGujRiW.OL1/OiCqvrZAsc2Kg3VnJJJHIMOkoDWo3hK.', '9876543210', '', '76.7794179', '30.7333148', 'lZtsdOl4jI0uKQP02cXdMdTxNzcRPj17fMLl20H9XFLMQjjfXivdAKGvm2T4', NULL, NULL, NULL, NULL, NULL, NULL, NULL, 1, NULL, '2019-03-26 07:41:32', '2019-03-26 07:42:05'),
(9, 5549715501754, 'Gernal', 'Dogra!@#$%^^', 'Israel Museum/Ruppin, Jerusalem', NULL, NULL, 'dev11@iapptechnologies.com', '$2y$10$A/how6hJAs.8CW03wu2nr.W2sTuVRdFAllQpSSYFVPXAG3tY13u7W', '7895674567', '1554470575.jpeg', '35.204893', '31.77449499999999', '1NIXMq7Q6kAvkuv5OyS1mpPeFnDnfNWiOczH64btO9N1SZZhaPHUhcQI9hos', NULL, NULL, NULL, NULL, NULL, NULL, NULL, 1, NULL, '2019-04-05 13:22:55', '2019-04-05 13:23:08'),
(10, 594575859511, 'Manoj', 'Dogra', 'Sector 67, Sahibzada Ajit Singh Nagar, Punjab, India', NULL, NULL, 'z@z.z', '$2y$10$W4p7ExbAspDXJbRzRPaiEuIH1HHywtSVKPYgw3LJKEAdiNZI3LRlq', '7412589630', '1555590145.jpeg', '76.72932329999999', '30.67928239999999', 'ZijtFjHZydbmf1yVinHvpAxzEG76TotDfrQYtGZTPzJralAksgSsrEAXjRzA', NULL, NULL, NULL, NULL, NULL, NULL, NULL, 1, NULL, '2019-04-18 12:22:25', '2019-04-22 13:00:09');

-- --------------------------------------------------------

--
-- Table structure for table `yp_general_users_questions`
--

CREATE TABLE `yp_general_users_questions` (
  `id` int(10) UNSIGNED NOT NULL,
  `question_id` bigint(20) UNSIGNED NOT NULL,
  `general_id` int(10) UNSIGNED NOT NULL,
  `q_title` varchar(255) COLLATE utf8mb4_unicode_ci DEFAULT NULL,
  `q_description` text COLLATE utf8mb4_unicode_ci,
  `cat_id` int(10) UNSIGNED NOT NULL,
  `cat_name` text COLLATE utf8mb4_unicode_ci,
  `uploaded_files` text COLLATE utf8mb4_unicode_ci NOT NULL,
  `phone_number` varchar(255) COLLATE utf8mb4_unicode_ci DEFAULT NULL,
  `status_gen` tinyint(4) NOT NULL DEFAULT '1' COMMENT '1=>New, 2=>Read, 3=> Answered',
  `created_at` timestamp NOT NULL DEFAULT CURRENT_TIMESTAMP,
  `updated_at` timestamp NOT NULL DEFAULT CURRENT_TIMESTAMP ON UPDATE CURRENT_TIMESTAMP
) ENGINE=InnoDB DEFAULT CHARSET=utf8mb4 COLLATE=utf8mb4_unicode_ci;

--
-- Dumping data for table `yp_general_users_questions`
--

INSERT INTO `yp_general_users_questions` (`id`, `question_id`, `general_id`, `q_title`, `q_description`, `cat_id`, `cat_name`, `uploaded_files`, `phone_number`, `status_gen`, `created_at`, `updated_at`) VALUES
(1, 9456105079195, 1, 'this is titlr this is titl;e thisd is titlt', 'this is description this is deccription this is decsription thos is dedvdngjnfgjnbvjb thhfghfgh fggdfgdfgdfgfdg', 12, 'Electrician', '{\"pic\":[\"211554109597.jpg\"]}', '', 2, '2019-04-01 09:06:37', '2019-04-05 13:10:59'),
(2, 1718416453251, 1, 'example2example2example2exa', 'example2example2example2example2example2example2example2example2example2example2example2example2example2example2', 12, 'Electrician', '', '98765432213', 3, '2019-04-01 13:51:53', '2019-04-08 07:48:42'),
(3, 1595894158070, 1, 'How to get price list for all work?', 'I need a price list for all work. Is there any procedure to get a list or i need to do anything else ?', 13, 'Baby Sitting', '{\"pic\":[\"701554180980.jpeg\",\"651554180980.jpg\",\"281554180980.jpg\"]}', '987654322', 2, '2019-04-02 04:56:20', '2019-04-08 12:13:58'),
(4, 8515419567313, 1, 'mobl_phnmobl_phnmobl_phnmob', 'mobl_phnmobl_phnmobl_phnmobl_phnmobl_phnmobl_phnmobl_phnmobl_phnmobl_phnmobl_phnmobl_phnmobl_phnmobl_phnmobl_phnmobl_phnmobl_phnmobl_phnmobl_phnmobl_phnmobl_phnmobl_phnmobl_phnmobl_phn', 13, 'Baby Sitting', '', '98765432213', 3, '2019-04-02 05:12:56', '2019-04-08 11:14:37'),
(6, 5521691490853, 1, 'How to get price list of work ?', 'I need a price list of all work, Is there any procudure to get a price list or i just have to drop a question ?', 13, 'Baby Sitting', '{\"pic\":[\"111554199628.jpeg\",\"921554199628.jpg\",\"521554199628.jpg\"]}', '98765432213', 1, '2019-04-02 10:07:08', '2019-04-02 10:07:08'),
(7, 1959195692468, 1, 'How to get price list of work ?', 'I need a price list of all work, Is there any procudure to get a price list or i just have to drop a question ?', 13, 'Baby Sitting', '{\"pic\":[\"821554199662.jpeg\",\"261554199662.jpg\",\"731554199662.jpg\"]}', '98765432213', 3, '2019-04-02 10:07:42', '2019-04-05 12:59:02'),
(8, 650120469158, 1, 'tittletittletittletittletittle', 'descdescdescdescdescdescdescdescdescdescdescdescdescdescdescdescdescdescdescdescdescdescdescdescdescdescdesc', 13, 'Baby Sitting', '{\"pic\":[\"841554726992.jpeg\",\"811554726993.jpg\",\"541554726993.jpg\",\"941554726993.png\",\"141554726993.png\",\"721554726993.png\",\"461554726993.png\"]}', '98765432213', 2, '2019-04-02 10:23:39', '2019-04-09 10:16:14'),
(9, 2170363506543, 5, 'MyTittle_Web', 'Partner App Program is an exclusive service for Samsung Health that allows users to discover engaging health and fitness apps. To enable data exchange between your app and Samsung Health, please apply for the Partner App Program. Approved partner apps are displayed in Samsung Health > Discovery > Featured apps.', 35, 'Linux', '{\"pic\":[\"271554373230.png\",\"891554373230.jpeg\",\"491554373230.jpeg\",\"131554373230.jpeg\",\"711554373230.jpeg\",\"651554373230.jpeg\",\"921554373230.jpeg\",\"661554373230.jpeg\",\"761554373231.jpeg\",\"281554373231.jpg\",\"111554373231.png\",\"641554373231.jpg\",\"901554373231.jpeg\",\"371554373231.png\",\"551554373231.jpg\",\"761554373231.png\",\"621554373231.jpg\",\"101554373231.png\",\"841554373231.jpg\",\"281554373231.jpg\"]}', '9876543210', 1, '2019-04-04 10:20:30', '2019-04-04 10:20:31'),
(10, 7155487753139, 5, 'close_single_questionsclose', 'close_single_questionsclose_single_questionsclose_single_questionsclose_single_questionsclose_single_questionsclose_single_questionsclose_single_questionsclose_single_questionsclose_single_questionsclose_single_questionsclose_single_questionsclose_single_questionsclose_single_questionsclose_single_questionsclose_single_questionsclose_single_questionsclose_single_questionsclose_single_questionsclose_single_questionsclose_single_questionsclose_single_questionsclose_single_questionsclose_single_questionsclose_single_questionsclose_single_questionsclose_single_questionsclose_single_questionsclose_single_questions', 35, 'Linux', '', '9876543210', 1, '2019-04-04 10:29:47', '2019-04-05 07:47:48'),
(11, 501137946513, 5, 'close_single_questionsclose', 'cclose_single_questionsclose_single_questionsclose_single_questionsclose_single_questionsclose_single_questionsclose_single_questionsclose_single_questionsclose_single_questionsclose_single_questionsclose_single_questionsclose_single_questionsclose_single_questionsclose_single_questionsclose_single_questionsclose_single_questionsclose_single_questionsclose_single_questionsclose_single_questions', 35, 'Linux', '', '', 1, '2019-04-04 10:31:41', '2019-04-05 07:47:50'),
(12, 9459344541987, 5, 'Woodland\'s parent', 'Woodland\'s parent company, Aero Group, has been a well known name in the outdoor shoe industry since the early 50s. Founded in Quebec, Canada, it entered the Indian market in 1992. Before that, Aero Group was majorly exporting its leather shoes to USSR. After the dissolution of the Soviet Union into various states, the group decided to launch some of its products in India. Hence, the first hand-stitched leather shoe was launched, which took the entire shoe market by storm. That shoe made the brand \'Woodland\'.', 35, 'Linux', '{\"pic\":[\"921554449794.png\"]}', '', 1, '2019-04-05 07:36:34', '2019-04-05 07:36:34'),
(13, 419154254479, 5, 'WOODLAND & ADVENTURE', 'Woodland\'s parent company, Aero Group, has been a well known name in the outdoor shoe industry since the early 50s. Founded in Quebec, Canada, it entered the Indian market in 1992. Before that, Aero Group was majorly exporting its leather shoes to USSR. After the dissolution of the Soviet Union into various states, the group decided to launch some of its products in India. Hence, the first hand-stitched leather shoe was launched, which took the entire shoe market by storm. That shoe made the brand \'Woodland\'.', 35, 'Linux', '{\"pic\":[\"631554449947.jpeg\"]}', '9876543210', 1, '2019-04-05 07:39:07', '2019-04-05 07:39:07'),
(14, 4544501535504, 5, 'WOODLAND & ADVENTURE', 'Woodland\'s parent company, Aero Group, has been a well known name in the outdoor shoe industry since the early 50s. Founded in Quebec, Canada, it entered the Indian market in 1992. Before that, Aero Group was majorly exporting its leather shoes to USSR. After the dissolution of the Soviet Union into various states, the group decided to launch some of its products in India. Hence, the first hand-stitched leather shoe was launched, which took the entire shoe market by storm. That shoe made the brand \'Woodland', 35, 'Linux', '{\"pic\":[\"371554450035.png\",\"991554450035.jpeg\",\"101554450035.jpeg\",\"121554450035.jpeg\",\"761554450035.jpeg\",\"791554450035.jpeg\",\"371554450035.jpeg\",\"711554450035.jpeg\",\"691554450035.jpeg\",\"171554450035.jpg\"]}', '9876543210', 2, '2019-04-05 07:40:35', '2019-04-08 10:37:47'),
(15, 5341532416151, 5, 'Wodland shoes that matterz', 'Woodland\'s parent company, Aero Group, has been a well known name in the outdoor shoe industry since the early 50s. Founded in Quebec, Canada, it entered the Indian market in 1992. Before that, Aero Group was majorly exporting its leather shoes to USSR. After the dissolution of the Soviet Union into various states, the group decided to launch some of its products in India. Hence, the first hand-stitched leather shoe was launched, which took the entire shoe market by storm. That shoe made the brand \'Woodland', 16, 'PLUMBER', '{\"pic\":[\"991554456331.png\",\"261554456331.jpeg\",\"131554456331.jpeg\",\"111554456331.jpeg\",\"821554456331.jpeg\",\"591554456331.jpeg\",\"931554456331.jpeg\",\"491554456331.jpeg\",\"461554456331.jpeg\",\"281554456331.jpg\",\"151554456331.png\",\"501554456331.jpg\",\"211554456331.jpeg\",\"961554456331.png\",\"391554456331.jpg\",\"221554456331.png\",\"451554456331.jpg\",\"821554456331.png\",\"921554456332.jpg\",\"601554456332.jpg\"]}', '9876543210', 2, '2019-04-05 09:25:31', '2019-04-08 10:37:58'),
(16, 4068155140679, 5, 'Web technology for developers', 'Web technology for developers\nWeb technology for developers\nWeb technology for developers\nWeb technology for developers\nWeb technology for developers\nWeb technology for developers\nWeb technology for developers\nWeb technology for developers\nWeb technology for developers\nWeb technology for developers\nWeb technology for developers\nWeb technology for developers\nWeb technology for developers\nWeb technology for developers\nWeb technology for developers\nWeb technology for developers\nWeb technology for developers\nWeb technology for developers\nWeb technology for developers\nWeb technology for developers\nWeb technology for developers\nWeb technology for developers\nWeb technology for developers\nWeb technology for developers\nWeb technology for developers', 16, 'PLUMBER', '', '9876543210', 1, '2019-04-05 13:24:46', '2019-04-05 13:24:46'),
(17, 871045854514, 5, 'Web technology for developers', 'Web technology for developers\nWeb technology for developers\nWeb technology for developers\nWeb technology for developers\nWeb technology for developers\nWeb technology for developers\nWeb technology for developers\nWeb technology for developers\nWeb technology for developers\nWeb technology for developers\nWeb technology for developers\nWeb technology for developers\nWeb technology for developers\nWeb technology for developers\nWeb technology for developers\nWeb technology for developers\nWeb technology for developers\nWeb technology for developers\nWeb technology for developers\nWeb technology for developers', 16, 'PLUMBER', '', '9876543210', 1, '2019-04-05 13:26:55', '2019-04-05 13:26:55'),
(18, 7204088514715, 5, 'Web technology for developers', 'Web technology for developers\nWeb technology for developers\nWeb technology for developers\nWeb technology for developers\nWeb technology for developers\nWeb technology for developers\nWeb technology for developers\nWeb technology for developers\nWeb technology for developers\nWeb technology for developers\nWeb technology for developers\nWeb technology for developers\nWeb technology for developers\nWeb technology for developers\nWeb technology for developers\nWeb technology for developers\nWeb technology for developers\nWeb technology for developers\nWeb technology for developers\nWeb technology for developers\nWeb technology for developers\nWeb technology for developers\nWeb technology for developers\nWeb technology for developers\nWeb technology for developers\nWeb technology for developers\nWeb technology for developers\nWeb technology for developers\nWeb technology for developers\nWeb technology for developers\nWeb technology for developers\nWeb technology for developers\nWeb technology for developers\nWeb technology for developers', 16, 'PLUMBER', '', '9876543210', 2, '2019-04-05 13:31:28', '2019-04-11 11:30:50'),
(19, 4521155437122, 5, 'Web technology for develop', 'vvWeb technology for developers\nWeb technology for developers\nWeb technology for developers\nWeb technology for developers\nWeb technology for developers\nWeb technology for developers\nWeb technology for developers\nWeb technology for developers\nWeb technology for developers\nWeb technology for developers\nWeb technology for developers\nWeb technology for developers\nWeb technology for developers\nWeb technology for developers\nWeb technology for developers\nWeb technology for developers\nWeb technology for developers\nWeb technology for developers\nWeb technology for developers\nWeb technology for developers\nWeb technology for developers\nWeb technology for developers\nWeb technology for developers\nWeb technology for developers\nWeb technology for developers\nWeb technology for developers\nWeb technology for developers\nWeb technology for developers\nWeb technology for developers', 16, 'PLUMBER', '{\"pic\":[\"721554471223.png\",\"461554471224.jpeg\",\"331554471224.jpeg\",\"301554471224.jpeg\",\"751554471224.jpeg\",\"751554471224.jpeg\",\"431554471224.jpeg\",\"431554471224.jpeg\",\"631554471224.jpeg\",\"881554471224.jpg\",\"411554471224.png\",\"301554471224.jpg\",\"591554471224.jpeg\",\"281554471224.png\",\"801554471224.jpg\",\"451554471224.png\",\"931554471224.jpg\",\"821554471224.png\",\"601554471224.jpg\",\"621554471224.jpg\"]}', '9876543210', 2, '2019-04-05 13:33:43', '2019-04-05 13:34:09'),
(20, 2481415926758, 5, 'Realme 3 Pro key', 'Realmes next smartphone will be available in multiple RAM and storage combinations starting at 4GB of RAM and 32GB built-in storage. Realme 3 Pro is also expected to sport a 48-megapixel rear camera. The latest reports, however, suggest the phone will have Sony IMX519 camera sensor. Redmi Note 7 Pro offers 48-megapixel camera resolution via Sony IMX586 sensor. Other expected features from Realmes new phone includes Vooc fast charging support.', 16, 'PLUMBER', '{\"pic\":[\"131554716882.jpeg\"]}', '9876543210', 2, '2019-04-08 09:48:02', '2019-04-08 09:50:44'),
(21, 1191758775428, 5, 'https://marvel-live.freet', 'https://marvel-lively.net/serve/2018/11/ccedce9026cb434196d7a4a6edafb0f4.png?quality=95&fake=.pnghttps://marvel-live.freetls.fastly.net/serve/2018/11/cc4a6edafb0f4.png?quality=95&fake=.png', 16, 'PLUMBER', '', '9876543210', 1, '2019-04-08 10:36:18', '2019-04-08 10:36:18'),
(22, 2554271596952, 1, 'repair watch ?', 'repair watchrepair watchrepair watchrepair watchrepair watchrepair watchrepair watchrepair watchrepair watchrepair watchrepair watchrepair watchrepair watch', 30, 'Rich_Services', '{\"pic\":[\"841554726992.jpeg\",\"811554726993.jpg\",\"541554726993.jpg\",\"941554726993.png\",\"141554726993.png\",\"721554726993.png\",\"461554726993.png\"]}', '98765432213', 2, '2019-04-08 12:36:32', '2019-04-08 12:36:43'),
(23, 9451679925754, 5, 'WOODLAND & ADVENTURE', 'ABOUT \nWOODLAND\nWoodland\'s parent company, Aero Group, has been a well known name in the outdoor shoe industry since the early 50s. Founded in Quebec, Canada, it entered the Indian market in 1992. Before that, Aero Group was majorly exporting its leather shoes to USSR. After the dissolution of the Soviet Union into various states, the group decided to launch some of its products in India. Hence, the first hand-stitched leather shoe was launched, which took the entire shoe market by storm. That shoe made the brand \'Woodland\'.', 16, 'PLUMBER', '{\"pic\":[\"421554729996.jpeg\"]}', '9876543210', 1, '2019-04-08 13:26:36', '2019-04-08 13:26:36'),
(24, 2541761455433, 5, 'ABOUT  WOODLANDABOUT  WOODLAND', 'ABOUT \nWOODLANDABOUT \nWOODLANDABOUT \nWOODLANDABOUT \nWOODLANDABOUT \nWOODLANDABOUT \nWOODLANDABOUT \nWOODLANDABOUT \nWOODLANDABOUT \nWOODLANDABOUT \nWOODLAND', 16, 'PLUMBER', '{\"pic\":[\"811554731436.png\"]}', '', 1, '2019-04-08 13:50:36', '2019-04-08 13:50:36'),
(25, 5514517391273, 5, 'http://i.prntscr.com/_vclrbE', 'http://i.prntscr.com/_vclrbE6RLm9lzsPFdzxOA.pnghttp://i.prntscr.com/_vclrbE6RLm9lzsPFdzxOA.pnghttp://i.prntscr.com/_vclrbE6RLm9lzsPFdzxOA.pnghttp://i.prntscr.com/_vclrbE6RLm9lzsPFdzxOA.pnghttp://i.prntscr.com/_vclrbE6RLm9lzsPFdzxOA.pnghttp://i.prntscr.com/_vclrbE6RLm9lzsPFdzxOA.pnghttp://i.prntscr.com/_vclrbE6RLm9lzsPFdzxOA.png', 16, 'PLUMBER', '{\"pic\":[\"761554731593.png\"]}', '', 3, '2019-04-08 13:53:13', '2019-04-08 14:32:39'),
(26, 5668141654596, 1, 'this is title', 'description description description description description description description description description description description description description description description description description description description description', 12, 'Electrician', '{\"pic\":[\"911554965486.jpeg\",\"121554965486.jpg\",\"561554965486.jpg\"]}', '98765432213', 2, '2019-04-11 06:51:26', '2019-04-11 06:51:35'),
(27, 8219554555199, 5, 'How much time required ?', 'To create a App.\nTo create a Show.\nTo create a Bottle.\nTo create a Test plan,\nTo create a Test Data.\nTo create a Test Scenario.\nTo create a Hammer.\nTo create a Key.', 30, 'Rich_Services', '{\"pic\":[\"411554985299.png\",\"551554985299.jpeg\",\"201554985299.jpeg\",\"721554985299.jpeg\",\"101554985299.jpeg\",\"321554985299.jpeg\",\"901554985300.jpeg\",\"331554985300.jpeg\",\"201554985300.jpeg\",\"641554985300.jpg\",\"191554985300.png\",\"301554985300.jpg\",\"671554985300.jpeg\",\"751554985300.png\",\"821554985300.jpg\",\"821554985300.png\",\"331554985300.jpg\",\"201554985300.png\",\"801554985300.jpg\",\"711554985300.jpg\"]}', '7412589630', 2, '2019-04-11 12:21:39', '2019-04-11 12:21:54'),
(28, 6457965185078, 5, 'How Time price get ?', 'Woodland\'s parent company, Aero Group, has been a well known name in the outdoor shoe industry since the early 50s. Founded in Quebec, Canada, it entered the Indian market in 1992. Before that, Aero Group was majorly exporting its leather shoes to USSR. After the dissolution of the Soviet Union into various states, the group decided to launch some of its products in India. Hence, the first hand-stitched leather shoe was launched, which took the entire shoe market by storm. That shoe made the brand \'Woodland\'.', 35, 'Linux', '', '9876543210', 3, '2019-04-11 12:34:37', '2019-04-11 12:43:05'),
(29, 4811597157682, 5, 'BRICK FOOD BURGER', 'Brick is for household purpose that is used to create HOme,\n\nFood is preperaed with a receipe.\n\nBurger depends from where you are having, either MCDONALDS or BURGER KING', 35, 'Linux', '', '', 3, '2019-04-11 12:52:56', '2019-04-11 13:32:01'),
(30, 5685109736453, 5, 'NETFLIX SERIES YOUTUBE', 'I prefer to have NETFIX to watch series f all popular series like GOT or FREINDS.\n\nSeries can also be downloaded from Torrentz\n\nYOUTUBE is music platform where user can have amazing music\'s.', 35, 'Linux', '', '', 3, '2019-04-11 12:55:05', '2019-04-11 13:31:53'),
(31, 9477544504128, 5, 'CLOTH TOOLS color', 'Clothing is generally made of cloth. ... Different types of cloth are used for different types of clothing. Some common natural clothing materials are: Fabric made of cotton, flax, wool, ramie, silk.\n\nCategories of hand tools include wrenches, pliers, cutters, files, striking tools, struck or hammered tools, screwdrivers, vises, clamps, snips, saws, drills and knives. Outdoor tools such as garden forks, pruning shears, and rakes are additional forms of hand tools. Portable power tools are not hand tools.\n\nPink Color Meaning  The color of sensitivity  The passion of red combined with the purity of white create this color associated with love, tranquillity and femininity. Pink has associations with tenderness and nurturing while conveying a sense of safety and even vulnerability.', 35, 'Linux', '', '9876543210', 3, '2019-04-11 12:57:00', '2019-04-11 13:31:44'),
(32, 7435858597414, 5, 'PIZZA COOKING SOFT DRINKS', 'types of Pizza Crust. While the dough and crust of a pizza can fly under people\'s radar, they are the foundation of creating a delicious pizza. There are a number of ways to mold and shape your pizza dough and crust, but the two most popular styles are thin and thick crusts\n\nTypes Of Cooking. The basic methods of cooking include (1) baking, (2) roasting, (3) broiling and grilling, (4) frying, (5) boiling, (6) simmering, and (7) steaming\n\nSoft drink, any of a class of nonalcoholic beverages, usually but not necessarily carbonated, normally containing a natural or artificial sweetening agent, edible acids, natural or artificial flavours, and sometimes juic', 35, 'Linux', '', '9876543210', 3, '2019-04-11 12:59:34', '2019-04-11 13:31:35'),
(33, 8171115694875, 5, 'LAPTOP  COMPUTER', 'A laptop computer (also shortened to just laptop; or called a notebook or notebook computer) is a small, portable personal computer (PC) with a \"clamshell\" form factor, typically having a thin LCD or LED computer screen mounted on the inside of the upper lid of the clamshell and an alphanumeric keyboard on the inside\n\n\nModern computers are electronic and digital. The actual machinery (wires, transistors, and circuits) is called hardware; the instructions and data are called software.', 35, 'Linux', '', '9876543210', 3, '2019-04-11 13:02:41', '2019-04-11 13:31:27'),
(34, 517587497176, 5, 'I-Phone MOBILE SIGNAL', 'iPhone is a line of smartphones designed and marketed by Apple Inc. All generations of the ... (contract manufacturers). Type, Smartphone ...... Wei, Will (September 7, 2016). \"The meaning of the \'i\' in \'iPhone\'  as explained by Steve Jobs\".\nA mobile phone, cell phone, cellphone, or hand phone, sometimes shortened to simply mobile, .... Depending on the device\'s type and design, the screen fills most or nearly all of the space on a device\'s front surface. ...... Thumb Culture: The Meaning of Mobile Phones for Society, 2005; Goggin, Gerard, Global Mobile Media \nIn its most common usage, in electronics and telecommunication, this is a time varying voltage, current or electromagnetic wave used to carry information. A signal may also be defined as an \"observable change in a quantifiable entity\"', 35, 'Linux', '', '9876543210', 3, '2019-04-11 13:02:56', '2019-04-11 13:31:19'),
(35, 3035665849831, 5, 'Garden Grass Trees Pollution', 'A garden is a planned space, usually outdoors, set aside for the display, cultivation, or enjoyment of plants and other forms of nature. The garden can incorporate both natural and man-made materials. ... Some traditional types of eastern gardens, such as Zen gardens, use plants sparsely or not at all.\n\nGrass is a very common plant consisting of large numbers of thin, spiky, green leaves that cover the surface of the ground. Small things stirred in the grass around the tent. The lawn contained a mixture of grasses\nThere are some types of trees with good and short explanation: 1.Binary Trees: A binary tree is a tree data structure in which each node has at most two children, which are referred to as the left child and the right child. 2.Binary Search Tree: Binary Search Tree\n\nPollution can take the form of chemical substances or energy, such as noise, heat or light. ... Major forms of pollution include: Air pollution, light pollution, littering, noise pollution, plastic pollution, soil contamination, radioactive contamination, thermal pollution, visual pollution, water pollution', 35, 'Linux', '', '9876543210', 3, '2019-04-11 13:07:16', '2019-04-11 13:31:07'),
(36, 9439851353299, 5, 'BRICK???????????', '2.Binary Search Tree: Binary Search Tree Pollution can take the form of chemical substances or energy, such as noise, heat or light. ... Major forms of pollution include: Air pollution, light pollution, littering, noise pollution, plastic pollution, soil contamination, radioactive contamination, thermal pollution, visual pollution, water pollution', 35, 'Linux', '', '9876543210', 1, '2019-04-11 13:29:53', '2019-04-11 13:29:53'),
(37, 9674615899155, 5, 'RAM TRUCK wires Gift', 'RAM (pronounced ramm) is an acronym for random access memory, a type of computer memory that can be accessed randomly; that is, any byte of memory can be accessed without touching the preceding bytes. RAM is found in servers, PCs, tablets, smartphones and other devices, such as printers.\n\n\nHassle-Free Replacement. JEEP GRAND CHEROKEE or JEEP CHEROKEE Engine Computer ECM PCM ECU This listing covers Jeep Grand Cherokee or Jeep Cherokee ECM. ... Nissan ECM ECU PCM Engine Computer Module Repair & Return (Fits Nissan)\n\nA headphone stereo cable has two cables running through it, one for the left channel and one for the right. These are usually colored red and green. Each of these cables is surrounded by copper wire (the ground). Strip the red and green cables back so you have about a half inch to an inch of clean and shiny bare wire.', 16, 'PLUMBER', '', '9876543210', 2, '2019-04-11 13:36:01', '2019-04-11 13:45:51'),
(38, 145493943595, 5, 'My cooking pipe is blocked', 'Please suggest it. Please suggest it. Please suggest it. Please suggest it. Please suggest it. Please suggest it.', 16, 'PLUMBER', '{\"pic\":[\"871555049493.PNG\",\"901555049493.png\",\"151555049493.png\"]}', '9876543210', 2, '2019-04-12 06:11:33', '2019-04-12 06:11:47'),
(39, 5704515684981, 5, 'Problem in my cooking utensil', 'Please suggest it. Please suggest it. Please suggest it. Please suggest it. Please suggest it. Please suggest it. Please suggest it. Please suggest it.', 16, 'PLUMBER', '{\"pic\":[\"701555049884.png\",\"351555049884.PNG\"]}', '9876543210', 1, '2019-04-12 06:18:04', '2019-04-12 06:18:04'),
(40, 9555590075100, 5, 'I need to repair cooking gas', 'Please suggest it. Please suggest it. Please suggest it. Please suggest it. Please suggest it. Please suggest it. Please suggest it. Please suggest it. Please suggest it. Please suggest it. Please suggest it. Please suggest it.', 16, 'PLUMBER', '{\"pic\":[\"671555050057.png\",\"871555050057.png\"]}', '9876543210', 2, '2019-04-12 06:20:57', '2019-04-12 06:21:16'),
(41, 130675655550, 5, 'need tools for netflix series', 'about\r\nwoodland\r\n\r\nWoodland\'s parent company, Aero Group, has been a well known name in the outdoor shoe industry since the early 50s. Founded in Quebec, Canada, it entered the Indian market in 1992. Before that, Aero Group was majorly exporting its leather shoes to USSR. After the dissolution of the Soviet Union into various states, the group decided to launch some of its products in India. Hence, the first hand-stitched leather shoe was launched, which took the entire shoe market by storm. That shoe made the brand \'Woodlan', 35, 'Linux', '{\"pic\":[\"901555050667.png\"]}', '9876543210', 3, '2019-04-12 06:31:07', '2019-04-12 06:38:40'),
(42, 4551595575507, 1, 'this is title brick', '$get_business_ids$get_business_ids$get_business_ids$get_business_ids$get_business_ids$get_business_ids$get_business_ids$get_business_ids$get_business_ids$get_business_ids$get_business_ids$get_business_ids$get_business_ids$get_business_ids$get_business_ids', 12, 'Electrician', '', '98765432213', 1, '2019-04-12 07:56:37', '2019-04-12 07:56:37'),
(43, 851910555506, 1, 'this is title brick', '$get_business_ids$get_business_ids$get_business_ids$get_business_ids$get_business_ids$get_business_ids$get_business_ids$get_business_ids$get_business_ids$get_business_ids$get_business_ids$get_business_ids$get_business_ids$get_business_ids$get_business_ids', 12, 'Electrician', '', '98765432213', 1, '2019-04-12 07:56:50', '2019-04-12 07:56:50'),
(44, 5535016575480, 1, 'this is title brick', '$get_business_ids$get_business_ids$get_business_ids$get_business_ids$get_business_ids$get_business_ids$get_business_ids$get_business_ids$get_business_ids$get_business_ids$get_business_ids$get_business_ids$get_business_ids$get_business_ids$get_business_ids', 12, 'Electrician', '', '98765432213', 1, '2019-04-12 07:57:10', '2019-04-12 07:57:10'),
(45, 551155658030, 1, 'this is title brick', '$get_business_ids$get_business_ids$get_business_ids$get_business_ids$get_business_ids$get_business_ids$get_business_ids$get_business_ids$get_business_ids$get_business_ids$get_business_ids$get_business_ids$get_business_ids$get_business_ids$get_business_ids', 12, 'Electrician', '', '98765432213', 1, '2019-04-12 09:20:13', '2019-04-12 09:20:13'),
(46, 5800556581974, 1, 'this is title brick', '$get_business_ids$get_business_ids$get_business_ids$get_business_ids$get_business_ids$get_business_ids$get_business_ids$get_business_ids$get_business_ids$get_business_ids$get_business_ids$get_business_ids$get_business_ids$get_business_ids$get_business_ids', 12, 'Electrician', '', '98765432213', 1, '2019-04-12 09:20:59', '2019-04-12 09:20:59'),
(47, 231858859056, 1, 'this is title brick', 'hidden_cat_idhidden_cat_idhidden_cat_idhidden_cat_idhidden_cat_idhidden_cat_idhidden_cat_idhidden_cat_idhidden_cat_idhidden_cat_idhidden_cat_idhidden_cat_idhidden_cat_idhidden_cat_idhidden_cat_idhidden_cat_idhidden_cat_id', 12, 'Electrician', '{\"pic\":[\"931555060982.jpeg\"]}', '98765432213', 1, '2019-04-12 09:23:02', '2019-04-12 09:23:02'),
(48, 5501505571161, 1, 'this is title brick', 'hidden_cat_idhidden_cat_idhidden_cat_idhidden_cat_idhidden_cat_idhidden_cat_idhidden_cat_idhidden_cat_idhidden_cat_idhidden_cat_idhidden_cat_idhidden_cat_idhidden_cat_idhidden_cat_idhidden_cat_idhidden_cat_idhidden_cat_id', 12, 'Electrician', '{\"pic\":[\"791555061150.jpeg\"]}', '98765432213', 1, '2019-04-12 09:25:50', '2019-04-12 09:25:50'),
(49, 439516105815, 1, 'this is title brick', 'hidden_cat_idhidden_cat_idhidden_cat_idhidden_cat_idhidden_cat_idhidden_cat_idhidden_cat_idhidden_cat_idhidden_cat_idhidden_cat_idhidden_cat_idhidden_cat_idhidden_cat_idhidden_cat_idhidden_cat_idhidden_cat_idhidden_cat_id', 12, 'Electrician', '{\"pic\":[\"591555061493.jpeg\"]}', '98765432213', 1, '2019-04-12 09:31:33', '2019-04-12 09:31:33'),
(50, 5108056035519, 1, 'this is title brick', 'hidden_cat_idhidden_cat_idhidden_cat_idhidden_cat_idhidden_cat_idhidden_cat_idhidden_cat_idhidden_cat_idhidden_cat_idhidden_cat_idhidden_cat_idhidden_cat_idhidden_cat_idhidden_cat_idhidden_cat_idhidden_cat_idhidden_cat_id', 12, 'Electrician', '{\"pic\":[\"841555061508.jpeg\"]}', '98765432213', 1, '2019-04-12 09:31:48', '2019-04-12 09:31:48'),
(51, 1768855550124, 1, 'this is title brick', 'hidden_cat_idhidden_cat_idhidden_cat_idhidden_cat_idhidden_cat_idhidden_cat_idhidden_cat_idhidden_cat_idhidden_cat_idhidden_cat_idhidden_cat_idhidden_cat_idhidden_cat_idhidden_cat_idhidden_cat_idhidden_cat_idhidden_cat_id', 12, 'Electrician', '{\"pic\":[\"801555061527.jpeg\"]}', '98765432213', 1, '2019-04-12 09:32:07', '2019-04-12 09:32:07'),
(52, 5085658111655, 1, 'this is title brick', 'hidden_cat_idhidden_cat_idhidden_cat_idhidden_cat_idhidden_cat_idhidden_cat_idhidden_cat_idhidden_cat_idhidden_cat_idhidden_cat_idhidden_cat_idhidden_cat_idhidden_cat_idhidden_cat_idhidden_cat_idhidden_cat_idhidden_cat_id', 12, 'Electrician', '{\"pic\":[\"961555061568.jpeg\"]}', '98765432213', 1, '2019-04-12 09:32:48', '2019-04-12 09:32:49'),
(53, 5186365351506, 1, 'this is title brick', 'hidden_cat_idhidden_cat_idhidden_cat_idhidden_cat_idhidden_cat_idhidden_cat_idhidden_cat_idhidden_cat_idhidden_cat_idhidden_cat_idhidden_cat_idhidden_cat_idhidden_cat_idhidden_cat_idhidden_cat_idhidden_cat_idhidden_cat_id', 12, 'Electrician', '{\"pic\":[\"421555061665.jpeg\"]}', '98765432213', 1, '2019-04-12 09:34:25', '2019-04-12 09:34:25'),
(54, 671658101255, 1, 'this is title brick', 'hidden_cat_idhidden_cat_idhidden_cat_idhidden_cat_idhidden_cat_idhidden_cat_idhidden_cat_idhidden_cat_idhidden_cat_idhidden_cat_idhidden_cat_idhidden_cat_idhidden_cat_idhidden_cat_idhidden_cat_idhidden_cat_idhidden_cat_id', 12, 'Electrician', '{\"pic\":[\"961555061682.jpeg\"]}', '98765432213', 1, '2019-04-12 09:34:42', '2019-04-12 09:34:42'),
(55, 5561736030145, 1, 'this is title brick', 'hidden_cat_idhidden_cat_idhidden_cat_idhidden_cat_idhidden_cat_idhidden_cat_idhidden_cat_idhidden_cat_idhidden_cat_idhidden_cat_idhidden_cat_idhidden_cat_idhidden_cat_idhidden_cat_idhidden_cat_idhidden_cat_idhidden_cat_id', 12, 'Electrician', '{\"pic\":[\"251555061740.jpeg\"]}', '98765432213', 1, '2019-04-12 09:35:40', '2019-04-12 09:35:40'),
(56, 4941785905651, 1, 'this is title brick', 'hidden_cat_idhidden_cat_idhidden_cat_idhidden_cat_idhidden_cat_idhidden_cat_idhidden_cat_idhidden_cat_idhidden_cat_idhidden_cat_idhidden_cat_idhidden_cat_idhidden_cat_idhidden_cat_idhidden_cat_idhidden_cat_idhidden_cat_id', 12, 'Electrician', '{\"pic\":[\"371555061748.jpeg\"]}', '98765432213', 1, '2019-04-12 09:35:48', '2019-04-12 09:35:48'),
(57, 5514755166055, 1, 'this is title brick', 'hidden_cat_idhidden_cat_idhidden_cat_idhidden_cat_idhidden_cat_idhidden_cat_idhidden_cat_idhidden_cat_idhidden_cat_idhidden_cat_idhidden_cat_idhidden_cat_idhidden_cat_idhidden_cat_idhidden_cat_idhidden_cat_idhidden_cat_id', 12, 'Electrician', '{\"pic\":[\"491555061756.jpeg\"]}', '98765432213', 1, '2019-04-12 09:35:56', '2019-04-12 09:35:56'),
(58, 5417365146015, 1, 'this is title brick', 'hidden_cat_idhidden_cat_idhidden_cat_idhidden_cat_idhidden_cat_idhidden_cat_idhidden_cat_idhidden_cat_idhidden_cat_idhidden_cat_idhidden_cat_idhidden_cat_idhidden_cat_idhidden_cat_idhidden_cat_idhidden_cat_idhidden_cat_id', 12, 'Electrician', '{\"pic\":[\"211555061764.jpeg\"]}', '98765432213', 1, '2019-04-12 09:36:04', '2019-04-12 09:36:04'),
(59, 5561617573036, 1, 'this is title brick', 'hidden_cat_idhidden_cat_idhidden_cat_idhidden_cat_idhidden_cat_idhidden_cat_idhidden_cat_idhidden_cat_idhidden_cat_idhidden_cat_idhidden_cat_idhidden_cat_idhidden_cat_idhidden_cat_idhidden_cat_idhidden_cat_idhidden_cat_id', 12, 'Electrician', '{\"pic\":[\"771555061773.jpeg\"]}', '98765432213', 1, '2019-04-12 09:36:13', '2019-04-12 09:36:13'),
(60, 1215500596987, 1, 'this is title brick', 'hidden_cat_idhidden_cat_idhidden_cat_idhidden_cat_idhidden_cat_idhidden_cat_idhidden_cat_idhidden_cat_idhidden_cat_idhidden_cat_idhidden_cat_idhidden_cat_idhidden_cat_idhidden_cat_idhidden_cat_idhidden_cat_idhidden_cat_id', 12, 'Electrician', '{\"pic\":[\"201555061980.jpeg\"]}', '98765432213', 1, '2019-04-12 09:39:40', '2019-04-12 09:39:40'),
(61, 6519589158900, 1, 'this is title brick', 'hidden_cat_idhidden_cat_idhidden_cat_idhidden_cat_idhidden_cat_idhidden_cat_idhidden_cat_idhidden_cat_idhidden_cat_idhidden_cat_idhidden_cat_idhidden_cat_idhidden_cat_idhidden_cat_idhidden_cat_idhidden_cat_idhidden_cat_id', 12, 'Electrician', '{\"pic\":[\"231555061998.jpeg\"]}', '98765432213', 1, '2019-04-12 09:39:58', '2019-04-12 09:39:58'),
(62, 4285481165065, 1, 'this is title brick', 'hidden_cat_idhidden_cat_idhidden_cat_idhidden_cat_idhidden_cat_idhidden_cat_idhidden_cat_idhidden_cat_idhidden_cat_idhidden_cat_idhidden_cat_idhidden_cat_idhidden_cat_idhidden_cat_idhidden_cat_idhidden_cat_idhidden_cat_id', 12, 'Electrician', '{\"pic\":[\"801555062484.jpeg\"]}', '98765432213', 1, '2019-04-12 09:48:04', '2019-04-12 09:48:04'),
(63, 5716550156525, 1, 'this is title brick', 'hidden_cat_idhidden_cat_idhidden_cat_idhidden_cat_idhidden_cat_idhidden_cat_idhidden_cat_idhidden_cat_idhidden_cat_idhidden_cat_idhidden_cat_idhidden_cat_idhidden_cat_idhidden_cat_idhidden_cat_idhidden_cat_idhidden_cat_id', 12, 'Electrician', '{\"pic\":[\"961555062651.jpeg\"]}', '98765432213', 1, '2019-04-12 09:50:51', '2019-04-12 09:50:51'),
(64, 752650190059, 1, 'this is title brick', 'hidden_cat_idhidden_cat_idhidden_cat_idhidden_cat_idhidden_cat_idhidden_cat_idhidden_cat_idhidden_cat_idhidden_cat_idhidden_cat_idhidden_cat_idhidden_cat_idhidden_cat_idhidden_cat_idhidden_cat_idhidden_cat_idhidden_cat_id', 12, 'Electrician', '{\"pic\":[\"361555062970.jpeg\"]}', '98765432213', 1, '2019-04-12 09:56:10', '2019-04-12 09:56:10'),
(65, 7057185526509, 1, 'this is title brick', 'hidden_cat_idhidden_cat_idhidden_cat_idhidden_cat_idhidden_cat_idhidden_cat_idhidden_cat_idhidden_cat_idhidden_cat_idhidden_cat_idhidden_cat_idhidden_cat_idhidden_cat_idhidden_cat_idhidden_cat_idhidden_cat_idhidden_cat_id', 12, 'Electrician', '{\"pic\":[\"621555062977.jpeg\"]}', '98765432213', 1, '2019-04-12 09:56:17', '2019-04-12 09:56:17'),
(66, 515329996051, 1, 'this is title brick', 'hidden_cat_idhidden_cat_idhidden_cat_idhidden_cat_idhidden_cat_idhidden_cat_idhidden_cat_idhidden_cat_idhidden_cat_idhidden_cat_idhidden_cat_idhidden_cat_idhidden_cat_idhidden_cat_idhidden_cat_idhidden_cat_idhidden_cat_id', 12, 'Electrician', '{\"pic\":[\"241555062991.jpeg\"]}', '98765432213', 1, '2019-04-12 09:56:31', '2019-04-12 09:56:31'),
(67, 1110653350503, 1, 'this is title brick', 'hidden_cat_idhidden_cat_idhidden_cat_idhidden_cat_idhidden_cat_idhidden_cat_idhidden_cat_idhidden_cat_idhidden_cat_idhidden_cat_idhidden_cat_idhidden_cat_idhidden_cat_idhidden_cat_idhidden_cat_idhidden_cat_idhidden_cat_id', 12, 'Electrician', '{\"pic\":[\"721555063133.jpeg\"]}', '98765432213', 1, '2019-04-12 09:58:53', '2019-04-12 09:58:53'),
(68, 5621851320150, 1, 'this is title brick', 'hidden_cat_idhidden_cat_idhidden_cat_idhidden_cat_idhidden_cat_idhidden_cat_idhidden_cat_idhidden_cat_idhidden_cat_idhidden_cat_idhidden_cat_idhidden_cat_idhidden_cat_idhidden_cat_idhidden_cat_idhidden_cat_idhidden_cat_id', 12, 'Electrician', '{\"pic\":[\"251555063180.jpeg\"]}', '98765432213', 1, '2019-04-12 09:59:40', '2019-04-12 09:59:40'),
(69, 2538015250635, 1, 'this is title brick', 'hidden_cat_idhidden_cat_idhidden_cat_idhidden_cat_idhidden_cat_idhidden_cat_idhidden_cat_idhidden_cat_idhidden_cat_idhidden_cat_idhidden_cat_idhidden_cat_idhidden_cat_idhidden_cat_idhidden_cat_idhidden_cat_idhidden_cat_id', 12, 'Electrician', '{\"pic\":[\"111555063203.jpeg\"]}', '98765432213', 2, '2019-04-12 10:00:03', '2019-04-12 10:00:16'),
(70, 5951110976521, 5, 'Need a computer series', 'Computer series is new in NETFLIX and currently if you need that you have a account in NTFLIX.\r\nComputer series is new in NETFLIX and currently if you need that you have a account in NTFLIX.', 16, 'PLUMBER', '{\"pic\":[\"791555067911.png\"]}', '9876543210', 2, '2019-04-12 11:18:31', '2019-04-12 11:18:47'),
(71, 7885107010655, 5, 'Need a cooking utensil', 'I need a cooking utensil from that i prepare my meals with more tastier as compare to Mc Donalds.\r\nI need a cooking utensil from that i prepare my meals with more tastier as compare to Mc Donalds.', 9, 'Chandigarh', '{\"pic\":[\"491555068100.png\",\"671555068100.png\",\"101555068100.png\"]}', '9876543210', 3, '2019-04-12 11:21:40', '2019-04-12 11:24:54'),
(72, 9056556575011, 1, 'this is title', '$request->multipleBusiness$request->multipleBusiness$request->multipleBusiness$request->multipleBusiness$request->multipleBusiness$request->multipleBusiness$request->multipleBusiness', 12, 'Electrician', '', '98765432213', 1, '2019-04-12 11:37:51', '2019-04-12 11:37:51'),
(73, 5623802191455, 1, '$request->multipleBusiness', '$request->multipleBusiness$request->multipleBusiness$request->multipleBusiness$request->multipleBusiness$request->multipleBusiness$request->multipleBusiness$request->multipleBusiness$request->multipleBusiness$request->multipleBusiness$request->multipleBusiness$request->multipleBusiness$request->multipleBusiness$request->multipleBusiness$request->multipleBusiness', 12, 'Electrician', '', '98765432213', 1, '2019-04-12 11:39:08', '2019-04-12 11:39:08'),
(74, 7313161251655, 10, 'Test for best', 'The study found that people with the two eating habits had a four to five times higher likelihood of death, another heart attack, or angina (chest pain) within 30 days after hospital discharge for heart attack.\n\nThe study, published in the European Journal of Preventive Cardiology, is the first to evaluate these unhealthy behaviours in patients with acute coronary syndromes.', 35, 'Linux', '{\"pic\":[\"971555667113.jpg\"]}', '7412589630', 1, '2019-04-19 09:45:13', '2019-04-19 09:45:13'),
(75, 1293121545585, 1, 'iapp-admin/', 'iapp-admin/iapp-admin/iapp-admin/iapp-admin/iapp-admin/iapp-admin/iapp-admin/iapp-admin/iapp-admin/iapp-admin/iapp-admin/iapp-admin/iapp-admin/iapp-admin/iapp-admin/iapp-admin/iapp-admin/iapp-admin/iapp-admin/iapp-admin/iapp-admin/iapp-admin/iapp-admin/', 12, 'Electrician', '', '98765432213', 1, '2019-04-22 11:22:21', '2019-04-22 11:22:21'),
(76, 1533293591685, 1, 'iapp-admin/iapp-admin/', 'iapp-admin/iapp-admin/iapp-admin/iapp-admin/iapp-admin/iapp-admin/iapp-admin/iapp-admin/iapp-admin/iapp-admin/iapp-admin/iapp-admin/iapp-admin/iapp-admin/iapp-admin/iapp-admin/iapp-admin/iapp-admin/iapp-admin/iapp-admin/iapp-admin/iapp-admin/iapp-admin/iapp-admin/', 12, 'Electrician', '', '98765432213', 1, '2019-04-22 11:23:06', '2019-04-22 11:23:06'),
(77, 9255567123329, 1, 'iapp-admin/iapp-admin/', 'iapp-admin/iapp-admin/iapp-admin/iapp-admin/iapp-admin/iapp-admin/iapp-admin/iapp-admin/iapp-admin/iapp-admin/iapp-admin/iapp-admin/iapp-admin/iapp-admin/iapp-admin/iapp-admin/iapp-admin/iapp-admin/iapp-admin/iapp-admin/iapp-admin/', 32, 'Motorola', '', '98765432213', 1, '2019-04-22 11:24:33', '2019-04-22 11:24:33'),
(78, 5192079539250, 1, 'food goods food', 'Describe your question\nDescribe your question\nDescribe your question\nDescribe your question\nDescribe your question\nDescribe your question\nDescribe your question\nDescribe your question\nDescribe your question\nDescribe your question\nDescribe your question', 29, 'Samsung_Helpers', '', '98765432213', 1, '2019-04-22 11:32:00', '2019-04-22 11:32:00'),
(79, 9109135392655, 1, 'food food food', 'Describe your question\nDescribe your question\nDescribe your question\nDescribe your question\nDescribe your question\nDescribe your question\nDescribe your question\nDescribe your question\nDescribe your question\nDescribe your question\nDescribe your question\nDescribe your question\nDescribe your question\nDescribe your question\nDescribe your question\nDescribe your question\nDescribe your question', 29, 'Samsung_Helpers', '', '98765432213', 1, '2019-04-22 11:36:03', '2019-04-22 11:36:03'),
(80, 7559268931591, 1, 'food food food', 'Describe your question\nDescribe your question\nDescribe your question\nDescribe your question\nDescribe your question\nDescribe your question\nDescribe your question\nDescribe your question\nDescribe your question\nDescribe your question\nDescribe your question\nDescribe your question\nDescribe your question\nDescribe your question\nDescribe your question\nDescribe your question\nDescribe your question\nDescribe your question', 29, 'Samsung_Helpers', '', '98765432213', 1, '2019-04-22 11:36:27', '2019-04-22 11:36:27'),
(81, 5533797412153, 1, 'food food food', 'Describe your question\nDescribe your question\nDescribe your question\nDescribe your question\nDescribe your question\nDescribe your question\nDescribe your question\nDescribe your question\nDescribe your question\nDescribe your question\nDescribe your question\nDescribe your question\nDescribe your question\nDescribe your question\nDescribe your question\nv', 29, 'Samsung_Helpers', '', '98765432213', 1, '2019-04-22 11:39:34', '2019-04-22 11:39:34'),
(82, 1555490656436, 1, 'food food food', 'Describe your question\nDescribe your question\nDescribe your question\nDescribe your question\nDescribe your question\nDescribe your question\nDescribe your question\nDescribe your question\nDescribe your question\nDescribe your question\nDescribe your question\nDescribe your question\nv', 29, 'Samsung_Helpers', '', '98765432213', 1, '2019-04-22 11:54:25', '2019-04-22 11:54:25'),
(83, 1545155085924, 1, 'titletitletitletitle', 'titletitletitletitletitletitletitletitletitletitletitletitletitletitletitletitletitletitletitletitletitletitletitletitletitletitletitletitletitletitletitletitletitletitletitletitletitletitletitletitletitletitletitletitle', 12, 'Electrician', '', '412342341234', 1, '2019-04-22 13:35:52', '2019-04-22 13:35:52'),
(84, 590998555114, 1, 'No reCAPTCHA clients exist.', 'No reCAPTCHA clients exist.No reCAPTCHA clients exist.No reCAPTCHA clients exist.No reCAPTCHA clients exist.No reCAPTCHA clients exist.No reCAPTCHA clients exist.No reCAPTCHA clients exist.No reCAPTCHA clients exist.No reCAPTCHA clients exist.No reCAPTCHA clients exist.No reCAPTCHA clients exist.No reCAPTCHA clients exist.No reCAPTCHA clients exist.No reCAPTCHA clients exist.No reCAPTCHA clients exist.', 12, 'Electrician', '', '', 1, '2019-04-22 13:36:35', '2019-04-22 13:36:35'),
(85, 555712104495, 1, 'this this title', 'No reCAPTCHA clients exist.No reCAPTCHA clients exist.No reCAPTCHA clients exist.No reCAPTCHA clients exist.No reCAPTCHA clients exist.No reCAPTCHA clients exist.No reCAPTCHA clients exist.No reCAPTCHA clients exist.No reCAPTCHA clients exist.No reCAPTCHA clients exist.No reCAPTCHA clients exist.No reCAPTCHA clients exist.No reCAPTCHA clients exist.No reCAPTCHA clients exist.No reCAPTCHA clients exist.No reCAPTCHA clients exist.No reCAPTCHA clients exist.', 12, 'Electrician', '', '45345345345', 1, '2019-04-22 13:37:27', '2019-04-22 13:37:27'),
(86, 2461195015035, 1, 'grecaptchagrecaptcha', 'grecaptchagrecaptchagrecaptchagrecaptchagrecaptchagrecaptchagrecaptchagrecaptchagrecaptchagrecaptchagrecaptchagrecaptchagrecaptchagrecaptchagrecaptchagrecaptcha', 12, 'Electrician', '', '545345345345', 1, '2019-04-22 13:38:40', '2019-04-22 13:38:40');

-- --------------------------------------------------------

--
-- Table structure for table `yp_general_users_quotes`
--

CREATE TABLE `yp_general_users_quotes` (
  `id` int(10) UNSIGNED NOT NULL,
  `quote_id` bigint(20) UNSIGNED NOT NULL,
  `general_id` int(10) UNSIGNED NOT NULL,
  `filter_data` varchar(255) COLLATE utf8mb4_unicode_ci DEFAULT NULL,
  `dynamic_formdata` text COLLATE utf8mb4_unicode_ci,
  `quote_count` varchar(255) COLLATE utf8mb4_unicode_ci DEFAULT NULL,
  `work_description` varchar(255) COLLATE utf8mb4_unicode_ci DEFAULT NULL,
  `uploaded_files` text COLLATE utf8mb4_unicode_ci,
  `phone_number` varchar(255) COLLATE utf8mb4_unicode_ci DEFAULT NULL,
  `cat_id` int(11) UNSIGNED NOT NULL,
  `cat_name` varchar(255) COLLATE utf8mb4_unicode_ci DEFAULT NULL,
  `created_at` timestamp NOT NULL DEFAULT CURRENT_TIMESTAMP,
  `updated_at` timestamp NOT NULL DEFAULT CURRENT_TIMESTAMP ON UPDATE CURRENT_TIMESTAMP
) ENGINE=InnoDB DEFAULT CHARSET=utf8mb4 COLLATE=utf8mb4_unicode_ci;

--
-- Dumping data for table `yp_general_users_quotes`
--

INSERT INTO `yp_general_users_quotes` (`id`, `quote_id`, `general_id`, `filter_data`, `dynamic_formdata`, `quote_count`, `work_description`, `uploaded_files`, `phone_number`, `cat_id`, `cat_name`, `created_at`, `updated_at`) VALUES
(1, 8354418653234, 1, NULL, NULL, NULL, 'hello this is my task. description of quotes . This is first quote i am sending. All work is related to water.', '{\"pic\":[\"271553684348.png\"]}', '98765432213', 14, 'Cleaner', '2019-03-27 10:59:08', '2019-03-27 10:59:08'),
(2, 1299678615375, 1, NULL, NULL, NULL, 'second quotesecond quotesecond quotesecond quotesecond quotesecond quotesecond quotesecond quotesecond quotesecond quotesecond quotesecond quotesecond quote', '{\"pic\":[\"651553687692.jpg\"]}', '98765432213', 16, 'PLUMBER', '2019-03-27 11:54:52', '2019-03-27 11:54:52'),
(3, 6543518158873, 1, NULL, NULL, NULL, 'Describe your workDescribe your workDescribe your workDescribe your workDescribe your workDescribe your workDescribe your workDescribe your workDescribe your workDescribe your workDescribe your workDescribe your work', '{\"pic\":[\"411553688854.jpeg\"]}', '', 14, 'Cleaner', '2019-03-27 12:14:14', '2019-03-27 12:14:14'),
(4, 4357861469953, 5, 'Sector 66', '[{\"title\":\"Select Sector in Mohali ?\",\"value\":\"\",\"filter\":\"1\",\"type\":\"checkbox\",\"options\":[{\"value\":\"2\",\"label\":\"Sector 66\"}]},{\"title\":\"Enter LandMaRK\",\"value\":\"as\",\"filter\":\"0\",\"type\":\"textbox\"},{\"title\":\"Select that you want to fix ?\",\"value\":\"\",\"filter\":\"0\",\"type\":\"checkbox\",\"options\":[{\"value\":\"r\",\"label\":\"Kitchen\"}]}]', '5', 'asadsdasd if(($_POST[\'name\']==\"\")||($_POST[\'roll\']==\"\" )||($_POST[\'address\'])==\" \"))\n	{\n		echo \"Enter value\";\n	}\n	else{if(($_POST[\'name\']==\"\")||($_POST[\'roll\']==\"\" )||($_POST[\'address\'])==\" \"))\n	{\n		echo \"Enter value\";\n	}\n	else{if(($_POST[\'name\']==\"\")||($', NULL, '9876543210', 16, 'PLUMBER', '2019-03-28 05:11:09', '2019-03-28 05:11:09'),
(5, 6296517515311, 5, 'Sector 79,Sector 66', '[{\"title\":\"Select Sector in Mohali ?\",\"value\":\"\",\"filter\":\"1\",\"type\":\"checkbox\",\"options\":[{\"value\":\"1\",\"label\":\"Sector 79\"},{\"value\":\"2\",\"label\":\"Sector 66\"}]},{\"title\":\"Enter LandMaRK\",\"value\":\"Test\",\"filter\":\"0\",\"type\":\"textbox\"},{\"title\":\"Select that you want to fix ?\",\"value\":\"\",\"filter\":\"0\",\"type\":\"checkbox\",\"options\":[{\"value\":\"q\",\"label\":\"Tap\"},{\"value\":\"w\",\"label\":\"Pipe\"},{\"value\":\"e\",\"label\":\"Bathroom\"},{\"value\":\"r\",\"label\":\"Kitchen\"}]}]', '3', 'Footwear refers to garments worn on the feet, which originally serves to purpose of protection against adversities of the environment, usually regarding ground textures and temperature. Footwear in the manner of shoes therefore primarily serves the purpos', '{\"pic\":[\"891553752196.jpg\",\"831553752197.jpg\",\"501553752197.jpg\",\"801553752197.jpg\",\"931553752197.jpg\",\"551553752197.jpg\",\"791553752197.jpg\"]}', '9876543210', 16, 'PLUMBER', '2019-03-28 05:49:56', '2019-03-28 05:49:57'),
(6, 6853153764557, 5, 'Sector 66', '[{\"title\":\"Select Sector in Mohali ?\",\"value\":\"\",\"filter\":\"1\",\"type\":\"checkbox\",\"options\":[{\"value\":\"2\",\"label\":\"Sector 66\"}]},{\"title\":\"Enter LandMaRK\",\"value\":\"Landmarkl\",\"filter\":\"0\",\"type\":\"textbox\"},{\"title\":\"Select that you want to fix ?\",\"value\":\"\",\"filter\":\"0\",\"type\":\"checkbox\",\"options\":[{\"value\":\"q\",\"label\":\"Tap\"},{\"value\":\"w\",\"label\":\"Pipe\"},{\"value\":\"e\",\"label\":\"Bathroom\"},{\"value\":\"r\",\"label\":\"Kitchen\"}]}]', '5', 'Woodland\'s parent company, Aero Group, has been a well known name in the outdoor shoe industry since the early 50s. Founded in Quebec, Canada, it entered the Indian market in 1992. Before that, Aero Group was majorly exporting its leather shoes to USSR. A', '{\"pic\":[\"621553753686.jpg\"]}', NULL, 16, 'PLUMBER', '2019-03-28 06:14:46', '2019-03-28 06:14:46'),
(7, 7512305945515, 5, NULL, NULL, NULL, 'Woodland\'s parent company, Aero Group, has been a well known name in the outdoor shoe industry since the early 50s. Founded in Quebec, Canada, it entered the Indian market in 1992. Before that, Aero Group was majorly exporting its leather shoes to USSR. A', '{\"pic\":[\"421553754591.jpg\"]}', '', 16, 'PLUMBER', '2019-03-28 06:29:51', '2019-03-28 06:29:51'),
(8, 5559413937575, 5, NULL, NULL, NULL, 'SecMoh@123Woodland\'s parent company, Aero Group, has been a well known name in the outdoor shoe industry since the early 50s. Founded in Quebec, Canada, it entered the Indian market in 1992. Before that, Aero Group was majorly exporting its leather shoes ', '{\"pic\":[\"301553754795.jpg\"]}', '', 16, 'PLUMBER', '2019-03-28 06:33:15', '2019-03-28 06:33:15'),
(9, 5736153955731, 5, NULL, NULL, NULL, 'Woodland\'s parent company, Aero Group, has been a well known name in the outdoor shoe industry since the early 50s. Founded in Quebec, Canada, it entered the Indian market in 1992. Before that, Aero Group was majorly exporting its leather shoes to USSR. A', NULL, '9876543210', 16, 'PLUMBER', '2019-03-28 06:39:36', '2019-03-28 06:39:36'),
(10, 1385805507755, 5, 'Sector 66', '[{\"title\":\"Select Sector in Mohali ?\",\"value\":\"\",\"filter\":\"1\",\"type\":\"checkbox\",\"options\":[{\"value\":\"2\",\"label\":\"Sector 66\"}]},{\"title\":\"Enter LandMaRK\",\"value\":\"Woodland\'s parent company, Aero Group, has been a well known name in the outdoor shoe industry since the early 50s. Founded in Quebec, Canada, it entered the Indian market in 1992. Before that, Aero Group was majorly exporting its leather shoes to USSR. After the dissolution of the Soviet Union into various states, the group decided to launch some of its products in India. Hence, the first hand-stitched leather shoe was launched, which took the entire shoe market by storm. That shoe made the brand \'Woodland\'.\",\"filter\":\"0\",\"type\":\"textbox\"},{\"title\":\"Select that you want to fix ?\",\"value\":\"\",\"filter\":\"0\",\"type\":\"checkbox\",\"options\":[{\"value\":\"r\",\"label\":\"Kitchen\"}]}]', '1', 'Woodland\'s parent company, Aero Group, has been a well known name in the outdoor shoe industry since the early 50s. Founded in Quebec, Canada, it entered the Indian market in 1992. Before that, Aero Group was majorly exporting its leather shoes to USSR. A', NULL, '9876543210', 16, 'PLUMBER', '2019-03-28 06:46:18', '2019-03-28 06:46:18'),
(11, 9585615651372, 5, NULL, NULL, NULL, 'Woodland\'s parent company, Aero Group, has been a well known name in the outdoor shoe industry since the early 50s. Founded in Quebec, Canada, it entered the Indian market in 1992. Before that, Aero Group was majorly exporting its leather shoes to USSR. A', NULL, '', 16, 'PLUMBER', '2019-03-28 06:48:11', '2019-03-28 06:48:11'),
(12, 5577165153801, 5, NULL, NULL, NULL, 'Woodland\'s parent company, Aero Group, has been a well known name in the outdoor shoe industry since the early 50s. Founded in Quebec, Canada, it entered the Indian market in 1992. Before that, Aero Group was majorly exporting its leather shoes to USSR. A', NULL, '9876543210', 16, 'PLUMBER', '2019-03-28 06:56:25', '2019-03-28 06:56:25'),
(13, 5256357175183, 5, 'Sector 79,Sector 66', '[{\"title\":\"Select Sector in Mohali ?\",\"value\":\"\",\"filter\":\"1\",\"type\":\"checkbox\",\"options\":[{\"value\":\"1\",\"label\":\"Sector 79\"},{\"value\":\"2\",\"label\":\"Sector 66\"}]},{\"title\":\"Enter LandMaRK\",\"value\":\"Test\",\"filter\":\"0\",\"type\":\"textbox\"},{\"title\":\"Select that you want to fix ?\",\"value\":\"\",\"filter\":\"0\",\"type\":\"checkbox\",\"options\":[{\"value\":\"q\",\"label\":\"Tap\"},{\"value\":\"w\",\"label\":\"Pipe\"},{\"value\":\"e\",\"label\":\"Bathroom\"},{\"value\":\"r\",\"label\":\"Kitchen\"}]}]', '2', 'Woodland\'s parent company, Aero Group, has been a well known name in the outdoor shoe industry since the early 50s. Founded in Quebec, Canada, it entered the Indian market in 1992. Before that, Aero Group was majorly exporting its leather shoes to USSR. A', NULL, '222222222', 16, 'PLUMBER', '2019-03-28 07:14:46', '2019-03-28 07:14:46'),
(14, 5753386715587, 5, NULL, NULL, NULL, 'Woodland\'s parent company, Aero Group, has been a well known name in the outdoor shoe industry since the early 50s. Founded in Quebec, Canada, it entered the Indian market in 1992. Before that, Aero Group was majorly exporting its leather shoes to USSR. A', '{\"pic\":[\"431553757359.png\",\"501553757359.jpg\",\"341553757359.jpg\",\"361553757359.jpg\",\"401553757359.jpg\",\"301553757359.jpg\",\"471553757359.jpg\",\"701553757359.jpg\",\"431553757359.jpg\",\"311553757359.jpg\",\"151553757359.jpg\",\"221553757359.jpg\",\"861553757359.jpg\",\"291553757359.jpeg\",\"731553757359.jpeg\",\"971553757359.jpeg\",\"441553757359.jpeg\"]}', '1111111111', 16, 'PLUMBER', '2019-03-28 07:15:58', '2019-03-28 07:15:59'),
(15, 2525075327715, 5, 'Sector 79,Sector 66', '[{\"title\":\"Select Sector in Mohali ?\",\"value\":\"\",\"filter\":\"1\",\"type\":\"checkbox\",\"options\":[{\"value\":\"1\",\"label\":\"Sector 79\"},{\"value\":\"2\",\"label\":\"Sector 66\"}]},{\"title\":\"Enter LandMaRK\",\"value\":\"Footwear refers to garments worn on the feet, which originally serves to purpose of protection against adversities of the environment, usually regarding ground textures and temperature. Footwear in the manner of shoes therefore primarily serves the purpose to ease the locomotion and prevent injuries. Secondly footwear can also be used for fashion and adornment as well as to indicate the status or rank of the person within a social structure. Socks and other hosiery are typically worn additionally between the feet and other footwear for further comfort and relief.\",\"filter\":\"0\",\"type\":\"textbox\"},{\"title\":\"Select that you want to fix ?\",\"value\":\"\",\"filter\":\"0\",\"type\":\"checkbox\",\"options\":[{\"value\":\"r\",\"label\":\"Kitchen\"}]}]', '1', 'Footwear refers to garments worn on the feet, which originally serves to purpose of protection against adversities of the environment, usually regarding ground textures and temperature. Footwear in the manner of shoes therefore primarily serves the purpos', '{\"pic\":[\"221553757750.png\",\"711553757750.jpeg\",\"801553757750.jpeg\",\"511553757750.jpeg\",\"381553757750.jpeg\",\"911553757750.jpeg\",\"991553757750.jpeg\",\"401553757750.jpeg\",\"141553757750.jpeg\",\"961553757750.jpg\",\"361553757750.png\",\"841553757750.jpg\",\"341553757750.jpeg\",\"651553757750.png\",\"591553757750.jpg\",\"171553757750.png\",\"1001553757750.jpg\",\"191553757751.png\",\"271553757751.jpg\",\"521553757751.jpg\"]}', '9876543210', 16, 'PLUMBER', '2019-03-28 07:22:30', '2019-03-28 07:22:31'),
(16, 8253576446146, 5, 'Sector 79,Sector 66', '[{\"title\":\"Select Sector in Mohali ?\",\"value\":\"\",\"filter\":\"1\",\"type\":\"checkbox\",\"options\":[{\"value\":\"1\",\"label\":\"Sector 79\"},{\"value\":\"2\",\"label\":\"Sector 66\"}]},{\"title\":\"Enter LandMaRK\",\"value\":\"SecMoh@123\",\"filter\":\"0\",\"type\":\"textbox\"},{\"title\":\"Select that you want to fix ?\",\"value\":\"\",\"filter\":\"0\",\"type\":\"checkbox\",\"options\":[{\"value\":\"q\",\"label\":\"Tap\"},{\"value\":\"w\",\"label\":\"Pipe\"},{\"value\":\"e\",\"label\":\"Bathroom\"},{\"value\":\"r\",\"label\":\"Kitchen\"}]}]', '4', 'SecMoh@123SecMoh@123SecMoh@123SecMoh@123SecMoh@123SecMoh@123SecMoh@123SecMoh@123SecMoh@123SecMoh@123', '{\"pic\":[\"601553766486.png\",\"381553766486.jpeg\",\"711553766486.jpeg\",\"261553766486.jpeg\",\"721553766486.jpeg\",\"321553766486.jpeg\",\"301553766486.jpeg\",\"801553766486.jpeg\",\"371553766487.jpeg\",\"671553766487.jpg\",\"361553766487.png\",\"281553766487.jpg\",\"611553766487.jpeg\",\"251553766487.png\",\"231553766487.jpg\"]}', '9876543210', 16, 'PLUMBER', '2019-03-28 09:48:06', '2019-03-28 09:48:07'),
(17, 6707318305546, 5, 'Sector 79,Sector 66', '[{\"title\":\"Select Sector in Mohali ?\",\"value\":\"\",\"filter\":\"1\",\"type\":\"checkbox\",\"options\":[{\"value\":\"1\",\"label\":\"Sector 79\"},{\"value\":\"2\",\"label\":\"Sector 66\"}]},{\"title\":\"Enter LandMaRK\",\"value\":\"SecMoh@123\",\"filter\":\"0\",\"type\":\"textbox\"},{\"title\":\"Select that you want to fix ?\",\"value\":\"\",\"filter\":\"0\",\"type\":\"checkbox\",\"options\":[{\"value\":\"r\",\"label\":\"Kitchen\"}]}]', '3', 'SecMoh@123SecMoh@123SecMoh@123SecMoh@123SecMoh@123SecMoh@123SecMoh@123SecMoh@123SecMoh@123SecMoh@123SecMoh@123SecMoh@123SecMoh@123SecMoh@123SecMoh@123SecMoh@123SecMoh@123SecMoh@123SecMoh@123SecMoh@123SecMoh@123SecMoh@123SecMoh@123SecMoh@123SecMoh@123SecMo', '{\"pic\":[\"311553766700.png\",\"121553766700.jpeg\",\"711553766700.jpeg\",\"561553766700.jpeg\",\"901553766700.jpeg\",\"441553766700.jpeg\",\"511553766700.jpeg\",\"951553766700.jpeg\",\"391553766700.jpeg\",\"521553766700.jpg\",\"461553766700.png\",\"841553766700.jpg\",\"391553766700.jpeg\",\"261553766700.png\",\"401553766700.jpg\",\"541553766700.png\",\"781553766700.jpg\",\"341553766700.png\",\"261553766700.jpg\",\"601553766700.jpg\"]}', '9876543210', 16, 'PLUMBER', '2019-03-28 09:51:40', '2019-03-28 09:51:40'),
(18, 7385837615196, 5, 'Sector 66', '[{\"title\":\"Select Sector in Mohali ?\",\"value\":\"\",\"filter\":\"1\",\"type\":\"checkbox\",\"options\":[{\"value\":\"2\",\"label\":\"Sector 66\"}]},{\"title\":\"Enter LandMaRK\",\"value\":\"hhhhhhhhhhhhhhhhhhhhhhhhhhhhhhhhhhhhhhhhhhhhhhhhhhhhhhhhhhhhhhhhhhhhhhhhhhhhhhhhhhhhhhhhhhhhhhhhhhhhhh\",\"filter\":\"0\",\"type\":\"textbox\"},{\"title\":\"Select that you want to fix ?\",\"value\":\"\",\"filter\":\"0\",\"type\":\"checkbox\",\"options\":[{\"value\":\"e\",\"label\":\"Bathroom\"},{\"value\":\"r\",\"label\":\"Kitchen\"}]}]', '1', 'hhhhhhhhhhhhhhhhhhhhhhhhhhhhhhhhhhhhhhhhhhhhhhhhhhhhhhhhhhhhhhhhhhhhhhhhhhhhhhhhhhhhhhhhhhhhhhhhhhhhhhhhhhhhhhhhhhhhhhhhhhhhhhhhhhhhhhhhhhhhhhhhhhhhhhhhhhhhhhhhhhhhhhhhhhhhhhhhhhhhhhhhhhhhhhhhhhhhhhhhhhhhhhhhhhhhhhhhhhhhhhhhhhhhhhhhhhhhhhhhhhhhhhhhhhhhhhh', '{\"pic\":[\"341553768386.png\",\"131553768386.jpeg\",\"321553768386.jpeg\",\"891553768387.jpeg\",\"721553768387.jpeg\",\"861553768387.jpeg\",\"341553768387.jpeg\",\"111553768387.jpeg\",\"481553768387.jpeg\",\"421553768387.jpg\",\"791553768387.png\",\"301553768387.jpg\",\"491553768387.jpeg\",\"651553768387.png\",\"361553768387.jpg\",\"421553768387.png\",\"901553768387.jpg\",\"451553768387.png\",\"251553768387.jpg\",\"361553768387.jpg\"]}', '9876543210', 16, 'PLUMBER', '2019-03-28 10:19:46', '2019-03-28 10:19:47'),
(19, 3127571765375, 5, 'Sector 66', '[{\"title\":\"Select Sector in Mohali ?\",\"value\":\"\",\"filter\":\"1\",\"type\":\"checkbox\",\"options\":[{\"value\":\"2\",\"label\":\"Sector 66\"}]},{\"title\":\"Enter LandMaRK\",\"value\":\"rg\",\"filter\":\"0\",\"type\":\"textbox\"},{\"title\":\"Select that you want to fix ?\",\"value\":\"\",\"filter\":\"0\",\"type\":\"checkbox\",\"options\":[{\"value\":\"e\",\"label\":\"Bathroom\"},{\"value\":\"r\",\"label\":\"Kitchen\"}]}]', '4', 'Describe your workDescribe your workDescribe your workDescribe your workDescribe your workDescribe your workDescribe your workDescribe your workDescribe your workDescribe your workDescribe your workDescribe your workDescribe your workDescribe your workDes', NULL, '9876543210', 16, 'PLUMBER', '2019-03-28 11:32:33', '2019-03-28 11:32:33'),
(20, 1717355532757, 5, 'Sector 66', '[{\"title\":\"Select Sector in Mohali ?\",\"value\":\"\",\"filter\":\"1\",\"type\":\"checkbox\",\"options\":[{\"value\":\"2\",\"label\":\"Sector 66\"}]},{\"title\":\"Enter LandMaRK\",\"value\":\"rg\",\"filter\":\"0\",\"type\":\"textbox\"},{\"title\":\"Select that you want to fix ?\",\"value\":\"\",\"filter\":\"0\",\"type\":\"checkbox\",\"options\":[{\"value\":\"e\",\"label\":\"Bathroom\"},{\"value\":\"r\",\"label\":\"Kitchen\"}]}]', '4', 'Describe your workDescribe your workDescribe your workDescribe your workDescribe your workDescribe your workDescribe your workDescribe your workDescribe your workDescribe your workDescribe your workDescribe your workDescribe your workDescribe your workDes', NULL, '9876543210', 16, 'PLUMBER', '2019-03-28 11:32:35', '2019-03-28 11:32:35'),
(21, 2576650613577, 5, 'Sector 66', '[{\"title\":\"Select Sector in Mohali ?\",\"value\":\"\",\"filter\":\"1\",\"type\":\"checkbox\",\"options\":[{\"value\":\"2\",\"label\":\"Sector 66\"}]},{\"title\":\"Enter LandMaRK\",\"value\":\"rg\",\"filter\":\"0\",\"type\":\"textbox\"},{\"title\":\"Select that you want to fix ?\",\"value\":\"\",\"filter\":\"0\",\"type\":\"checkbox\",\"options\":[{\"value\":\"e\",\"label\":\"Bathroom\"},{\"value\":\"r\",\"label\":\"Kitchen\"}]}]', '4', 'Describe your workDescribe your workDescribe your workDescribe your workDescribe your workDescribe your workDescribe your workDescribe your workDescribe your workDescribe your workDescribe your workDescribe your workDescribe your workDescribe your workDes', NULL, '9876543210', 16, 'PLUMBER', '2019-03-28 11:32:40', '2019-03-28 11:32:40'),
(22, 1375589586287, 5, 'Sector 66', '[{\"title\":\"Select Sector in Mohali ?\",\"value\":\"\",\"filter\":\"1\",\"type\":\"checkbox\",\"options\":[{\"value\":\"2\",\"label\":\"Sector 66\"}]},{\"title\":\"Enter LandMaRK\",\"value\":\"rg\",\"filter\":\"0\",\"type\":\"textbox\"},{\"title\":\"Select that you want to fix ?\",\"value\":\"\",\"filter\":\"0\",\"type\":\"checkbox\",\"options\":[{\"value\":\"e\",\"label\":\"Bathroom\"},{\"value\":\"r\",\"label\":\"Kitchen\"}]}]', '4', 'Describe your workDescribe your workDescribe your workDescribe your workDescribe your workDescribe your workDescribe your workDescribe your workDescribe your workDescribe your workDescribe your workDescribe your workDescribe your workDescribe your workDes', NULL, '9876543210', 16, 'PLUMBER', '2019-03-28 11:34:46', '2019-03-28 11:34:46'),
(23, 5571757302595, 5, 'Sector 66', '[{\"title\":\"Select Sector in Mohali ?\",\"value\":\"\",\"filter\":\"1\",\"type\":\"checkbox\",\"options\":[{\"value\":\"2\",\"label\":\"Sector 66\"}]},{\"title\":\"Enter LandMaRK\",\"value\":\"rg\",\"filter\":\"0\",\"type\":\"textbox\"},{\"title\":\"Select that you want to fix ?\",\"value\":\"\",\"filter\":\"0\",\"type\":\"checkbox\",\"options\":[{\"value\":\"e\",\"label\":\"Bathroom\"},{\"value\":\"r\",\"label\":\"Kitchen\"}]}]', '4', 'Describe your workDescribe your workDescribe your workDescribe your workDescribe your workDescribe your workDescribe your workDescribe your workDescribe your workDescribe your workDescribe your workDescribe your workDescribe your workDescribe your workDes', NULL, '9876543210', 16, 'PLUMBER', '2019-03-28 11:35:07', '2019-03-28 11:35:07'),
(24, 5375941531072, 5, 'Sector 66', '[{\"title\":\"Select Sector in Mohali ?\",\"value\":\"\",\"filter\":\"1\",\"type\":\"checkbox\",\"options\":[{\"value\":\"2\",\"label\":\"Sector 66\"}]},{\"title\":\"Enter LandMaRK\",\"value\":\"rg\",\"filter\":\"0\",\"type\":\"textbox\"},{\"title\":\"Select that you want to fix ?\",\"value\":\"\",\"filter\":\"0\",\"type\":\"checkbox\",\"options\":[{\"value\":\"e\",\"label\":\"Bathroom\"},{\"value\":\"r\",\"label\":\"Kitchen\"}]}]', '4', 'Describe your workDescribe your workDescribe your workDescribe your workDescribe your workDescribe your workDescribe your workDescribe your workDescribe your workDescribe your workDescribe your workDescribe your workDescribe your workDescribe your workDes', NULL, '9876543210', 16, 'PLUMBER', '2019-03-28 11:35:30', '2019-03-28 11:35:30'),
(25, 6518532131845, 1, NULL, NULL, NULL, 'https://yesplease.iapplabz.co.in/general_user/public_profile/17/12https://yesplease.iapplabz.co.in/general_user/public_profile/17/12https://yesplease.iapplabz.co.in/general_user/public_profile/17/12https://yesplease.iapplabz.co.in/general_user/public_prof', NULL, '98765432213', 12, 'Electrician', '2019-03-29 06:56:21', '2019-03-29 06:56:21'),
(26, 7345178218445, 1, NULL, NULL, NULL, 'https://yesplease.iapplabz.co.in/general_user/public_profile/17/12https://yesplease.iapplabz.co.in/general_user/public_profile/17/12https://yesplease.iapplabz.co.in/general_user/public_profile/17/12https://yesplease.iapplabz.co.in/general_user/public_prof', NULL, '98765432213', 12, 'Electrician', '2019-03-29 06:58:34', '2019-03-29 06:58:34'),
(27, 553091248327, 1, NULL, NULL, NULL, 'https://yesplease.iapplabz.co.in/general_user/public_profile/17/12https://yesplease.iapplabz.co.in/general_user/public_profile/17/12https://yesplease.iapplabz.co.in/general_user/public_profile/17/12https://yesplease.iapplabz.co.in/general_user/public_prof', NULL, '98765432213', 12, 'Electrician', '2019-03-29 06:58:49', '2019-03-29 06:58:49'),
(28, 4251185563541, 5, 'Sector 66', '[{\"title\":\"Select Sector in Mohali ?\",\"value\":\"\",\"filter\":\"1\",\"type\":\"checkbox\",\"options\":[{\"value\":\"2\",\"label\":\"Sector 66\"}]},{\"title\":\"Enter LandMaRK\",\"value\":\"fhfg\",\"filter\":\"0\",\"type\":\"textbox\"},{\"title\":\"Select that you want to fix ?\",\"value\":\"\",\"filter\":\"0\",\"type\":\"checkbox\",\"options\":[{\"value\":\"r\",\"label\":\"Kitchen\"}]}]', '5', 'Describe your workDescribe your workDescribe your workDescribe your workDescribe your workDescribe your workDescribe your workDescribe your workDescribe your workDescribe your workDescribe your workDescribe your workDescribe your workDescribe your workDes', NULL, NULL, 16, 'PLUMBER', '2019-03-29 09:35:14', '2019-03-29 09:35:14'),
(29, 2514483565133, 5, 'Sector 66', '[{\"title\":\"Select Sector in Mohali ?\",\"value\":\"\",\"filter\":\"1\",\"type\":\"checkbox\",\"options\":[{\"value\":\"2\",\"label\":\"Sector 66\"}]},{\"title\":\"Enter LandMaRK\",\"value\":\"fhfg\",\"filter\":\"0\",\"type\":\"textbox\"},{\"title\":\"Select that you want to fix ?\",\"value\":\"\",\"filter\":\"0\",\"type\":\"checkbox\",\"options\":[{\"value\":\"r\",\"label\":\"Kitchen\"}]}]', '5', 'Describe your workDescribe your workDescribe your workDescribe your workDescribe your workDescribe your workDescribe your workDescribe your workDescribe your workDescribe your workDescribe your workDescribe your workDescribe your workDescribe your workDes', NULL, NULL, 16, 'PLUMBER', '2019-03-29 09:57:44', '2019-03-29 09:57:44'),
(30, 8151485335523, 5, 'Sector 66', '[{\"title\":\"Select Sector in Mohali ?\",\"value\":\"\",\"filter\":\"1\",\"type\":\"checkbox\",\"options\":[{\"value\":\"2\",\"label\":\"Sector 66\"}]},{\"title\":\"Enter LandMaRK\",\"value\":\"uytutyu\",\"filter\":\"0\",\"type\":\"textbox\"},{\"title\":\"Select that you want to fix ?\",\"value\":\"\",\"filter\":\"0\",\"type\":\"checkbox\",\"options\":[{\"value\":\"r\",\"label\":\"Kitchen\"}]}]', '5', 'Describe your workDescribe your workDescribe your workDescribe your workDescribe your workDescribe your workDescribe your workDescribe your workDescribe your workDescribe your workDescribe your workDescribe your workDescribe your workDescribe your workDes', NULL, NULL, 16, 'PLUMBER', '2019-03-29 09:59:03', '2019-03-29 09:59:03'),
(31, 7377555614383, 5, 'Sector 66', '[{\"title\":\"Select Sector in Mohali ?\",\"value\":\"\",\"filter\":\"1\",\"type\":\"checkbox\",\"options\":[{\"value\":\"2\",\"label\":\"Sector 66\"}]},{\"title\":\"Enter LandMaRK\",\"value\":\"sds\",\"filter\":\"0\",\"type\":\"textbox\"},{\"title\":\"Select that you want to fix ?\",\"value\":\"\",\"filter\":\"0\",\"type\":\"checkbox\",\"options\":[{\"value\":\"r\",\"label\":\"Kitchen\"}]}]', '5', 'Describe your workDescribe your workDescribe your workDescribe your workDescribe your workDescribe your workDescribe your workDescribe your workDescribe your workDescribe your workDescribe your workDescribe your workDescribe your workDescribe your workDes', NULL, '9876543210', 16, 'PLUMBER', '2019-03-29 10:00:37', '2019-03-29 10:00:37'),
(32, 4149514305071, 5, 'Sector 66', '[{\"title\":\"Select Sector in Mohali ?\",\"value\":\"\",\"filter\":\"1\",\"type\":\"checkbox\",\"options\":[{\"value\":\"2\",\"label\":\"Sector 66\"}]},{\"title\":\"Enter LandMaRK\",\"value\":\"Test\",\"filter\":\"0\",\"type\":\"textbox\"},{\"title\":\"Select that you want to fix ?\",\"value\":\"\",\"filter\":\"0\",\"type\":\"checkbox\",\"options\":[{\"value\":\"q\",\"label\":\"Tap\"},{\"value\":\"w\",\"label\":\"Pipe\"},{\"value\":\"e\",\"label\":\"Bathroom\"},{\"value\":\"r\",\"label\":\"Kitchen\"}]}]', '3', 'Our unique culture and product designs are inspired by the rich New England heritage of our company. Everything we make, every store we open, every aspect of our business has been founded upon the outdoor lifestyle  whether that involves wooded trails or', '{\"pic\":[\"391554097431.png\",\"711554097431.jpeg\",\"891554097431.jpeg\",\"411554097432.jpeg\",\"851554097432.jpeg\",\"191554097432.jpeg\",\"661554097432.jpeg\",\"981554097432.jpeg\",\"681554097432.jpeg\",\"601554097432.jpg\",\"151554097432.png\",\"211554097433.jpg\",\"531554097433.jpeg\",\"281554097433.png\",\"731554097433.jpg\",\"791554097433.png\",\"391554097433.jpg\",\"701554097433.png\",\"451554097433.jpg\",\"211554097433.jpg\"]}', '9876543210', 16, 'PLUMBER', '2019-04-01 05:43:51', '2019-04-01 05:43:53'),
(33, 5081015547901, 5, 'Sector 66', '[{\"title\":\"Select Sector in Mohali ?\",\"value\":\"\",\"filter\":\"1\",\"type\":\"checkbox\",\"options\":[{\"value\":\"2\",\"label\":\"Sector 66\"}]},{\"title\":\"Enter LandMaRK\",\"value\":\"daaaaaaaaaa\",\"filter\":\"0\",\"type\":\"textbox\"},{\"title\":\"Select that you want to fix ?\",\"value\":\"\",\"filter\":\"0\",\"type\":\"checkbox\",\"options\":[{\"value\":\"w\",\"label\":\"Pipe\"},{\"value\":\"e\",\"label\":\"Bathroom\"},{\"value\":\"r\",\"label\":\"Kitchen\"}]}]', '4', 'Please add your work description.Please add your work description.Please add your work description.Please add your work description.Please add your work description.Please add your work description.Please add your work description.Please add your work des', NULL, '9876543210', 16, 'PLUMBER', '2019-04-01 05:53:31', '2019-04-01 05:53:31'),
(34, 9318455510204, 5, 'Sector 79,Sector 66', '[{\"title\":\"Select Sector in Mohali ?\",\"value\":\"\",\"filter\":\"1\",\"type\":\"checkbox\",\"options\":[{\"value\":\"1\",\"label\":\"Sector 79\"},{\"value\":\"2\",\"label\":\"Sector 66\"}]},{\"title\":\"Enter LandMaRK\",\"value\":\"da\",\"filter\":\"0\",\"type\":\"textbox\"},{\"title\":\"Select that you want to fix ?\",\"value\":\"\",\"filter\":\"0\",\"type\":\"checkbox\",\"options\":[{\"value\":\"e\",\"label\":\"Bathroom\"},{\"value\":\"r\",\"label\":\"Kitchen\"}]}]', '5', 'Describe your workDescribe your workDescribe your workDescribe your workDescribe your workDescribe your workDescribe your workDescribe your workDescribe your workDescribe your workDescribe your workDescribe your work', NULL, NULL, 16, 'PLUMBER', '2019-04-01 05:54:11', '2019-04-01 05:54:11'),
(35, 991547085199, 5, 'Sector 66', '[{\"title\":\"Select Sector in Mohali ?\",\"value\":\"\",\"filter\":\"1\",\"type\":\"checkbox\",\"options\":[{\"value\":\"2\",\"label\":\"Sector 66\"}]},{\"title\":\"Enter LandMaRK\",\"value\":\"temple\",\"filter\":\"0\",\"type\":\"textbox\"},{\"title\":\"Select that you want to fix ?\",\"value\":\"\",\"filter\":\"0\",\"type\":\"checkbox\",\"options\":[{\"value\":\"w\",\"label\":\"Pipe\"},{\"value\":\"e\",\"label\":\"Bathroom\"},{\"value\":\"r\",\"label\":\"Kitchen\"}]}]', '2', 'This is meeting test. This is meeting test. This is meeting test. This is meeting test. This is meeting test. This is meeting test. This is meeting test. This is meeting test. This is meeting test. This is meeting test. This is meeting test. This is meeti', NULL, NULL, 16, 'PLUMBER', '2019-04-01 06:06:30', '2019-04-01 06:06:30'),
(36, 4140141551272, 1, NULL, NULL, NULL, 'mobile_phone_popmobile_phone_popmobile_phone_popmobile_phone_popmobile_phone_popmobile_phone_popmobile_phone_popmobile_phone_popmobile_phone_popmobile_phone_popmobile_phone_popmobile_phone_popmobile_phone_pop', '{\"pic\":[\"931554101412.jpg\"]}', '', 12, 'Electrician', '2019-04-01 06:50:12', '2019-04-01 06:50:12'),
(37, 3104450757146, 5, 'Sector 79,Sector 66', '[{\"title\":\"Select Service in Mohali ?\",\"value\":\"\",\"filter\":\"1\",\"type\":\"checkbox\",\"options\":[{\"value\":\"1\",\"label\":\"Sector 79\"},{\"value\":\"2\",\"label\":\"Sector 66\"}]},{\"title\":\"Enter Landmark\",\"value\":\"Test\",\"filter\":\"0\",\"type\":\"textbox\"},{\"title\":\"Type of connection you want to fix ?\",\"q_id\":\"51\",\"options\":[{\"value\":\"2\",\"label\":\"2\"}],\"filter\":\"0\",\"type\":\"radio\"}]', '2', 'An electrician is a tradesman specializing in electrical wiring of buildings, transmission lines, stationary machines, and related equipment. Electricians may be employed in the installation of new electrical components or the maintenance and repair of ex', '{\"pic\":[\"521554103076.jpeg\",\"761554103076.jpeg\",\"141554103076.jpg\",\"811554103076.png\"]}', NULL, 12, 'Electrician', '2019-04-01 07:17:56', '2019-04-01 07:17:56'),
(38, 6425915327103, 5, 'Sector 79,Sector 66', '[{\"title\":\"Select Service in Mohali ?\",\"value\":\"\",\"filter\":\"1\",\"type\":\"checkbox\",\"options\":[{\"value\":\"1\",\"label\":\"Sector 79\"},{\"value\":\"2\",\"label\":\"Sector 66\"}]},{\"title\":\"Enter Landmark\",\"value\":\"asdasd\",\"filter\":\"0\",\"type\":\"textbox\"},{\"title\":\"Type of connection you want to fix ?\",\"q_id\":\"51\",\"options\":[{\"value\":\"2\",\"label\":\"2\"}],\"filter\":\"0\",\"type\":\"radio\"}]', '3', 'An electrician is a tradesman specializing in electrical wiring of buildings, transmission lines, stationary machines, and related equipment. Electricians may be employed in the installation of new electrical components or the maintenance and repair of ex', NULL, '23232323232323', 12, 'Electrician', '2019-04-01 07:22:02', '2019-04-01 07:22:02'),
(39, 5791050164833, 5, 'Sector 79,Sector 66', '[{\"title\":\"Select Service in Mohali ?\",\"value\":\"\",\"filter\":\"1\",\"type\":\"checkbox\",\"options\":[{\"value\":\"1\",\"label\":\"Sector 79\"},{\"value\":\"2\",\"label\":\"Sector 66\"}]},{\"title\":\"Enter Landmark\",\"value\":\"Test\",\"filter\":\"0\",\"type\":\"textbox\"},{\"title\":\"Type of connection you want to fix ?\",\"q_id\":\"51\",\"options\":[{\"value\":\"1\",\"label\":\"3\"}],\"filter\":\"0\",\"type\":\"radio\"}]', '2', 'An electrician is a tradesman specializing in electrical wiring of buildings, transmission lines, stationary machines, and related equipment. Electricians may be employed in the installation of new electrical components or the maintenance and repair of ex', NULL, NULL, 12, 'Electrician', '2019-04-01 07:22:58', '2019-04-01 07:22:58'),
(40, 5347212852441, 5, 'Sector 66', '[{\"title\":\"Select Sector in Mohali ?\",\"value\":\"\",\"filter\":\"1\",\"type\":\"checkbox\",\"options\":[{\"value\":\"2\",\"label\":\"Sector 66\"}]},{\"title\":\"Enter LandMaRK\",\"value\":\"ghgh\",\"filter\":\"0\",\"type\":\"textbox\"},{\"title\":\"Select that you want to fix ?\",\"value\":\"\",\"filter\":\"0\",\"type\":\"checkbox\",\"options\":[{\"value\":\"w\",\"label\":\"Pipe\"},{\"value\":\"e\",\"label\":\"Bathroom\"},{\"value\":\"r\",\"label\":\"Kitchen\"}]}]', '4', 'DescribeDescribeDescribeDescribeDescribeDescribeDescribeDescribeDescribeDescribeDescribeDescribeDescription must be betDescription must be betDescription must be betDescription must be betDescription must be betDescription must be betDescription must be b', NULL, '9876543210', 16, 'PLUMBER', '2019-04-03 09:03:54', '2019-04-03 09:03:54'),
(41, 471924156453, 5, 'Sector 66,Sector 79', '[{\"title\":\"Select services in the sector ?\",\"value\":\"\",\"filter\":\"1\",\"type\":\"checkbox\",\"options\":[{\"value\":\"2\",\"label\":\"Sector 66\"},{\"value\":\"1\",\"label\":\"Sector 79\"}]},{\"title\":\"What purpose you are looking for service ?\",\"q_id\":\"59\",\"options\":[{\"value\":\"2\",\"label\":\"Out_Door\"}],\"filter\":\"0\",\"type\":\"radio\"},{\"title\":\"Select purpose ?\",\"value\":\"\",\"filter\":\"0\",\"type\":\"checkbox\",\"options\":[{\"value\":\"7\",\"label\":\"Brick_Cleaner\"},{\"value\":\"6\",\"label\":\"Helper\"},{\"value\":\"5\",\"label\":\"Labour\"},{\"value\":\"1\",\"label\":\"Chloe_Remover\"},{\"value\":\"3\",\"label\":\"Purse_Cleaner\"},{\"value\":\"4\",\"label\":\"Water_Purifier\"}]}]', '5', 'https://iapptechnologies.com/thank-you-web.htmlhttps://iapptechnologies.com/thank-you-web.htmlhttps://iapptechnologies.com/thank-you-web.htmlhttps://iapptechnologies.com/thank-you-web.htmlhttps://iapptechnologies.com/thank-you-web.htmlhttps://iapptechnolo', NULL, '9876543210', 29, 'Samsung_Helpers', '2019-04-03 12:10:17', '2019-04-03 12:10:17'),
(42, 1530954521789, 5, 'Sector 66,Sector 79,Sector Me', '[{\"title\":\"Select services in the sector ?\",\"value\":\"\",\"filter\":\"1\",\"type\":\"checkbox\",\"options\":[{\"value\":\"2\",\"label\":\"Sector 66\"},{\"value\":\"1\",\"label\":\"Sector 79\"},{\"value\":\"3\",\"label\":\"Sector Me\"}]},{\"title\":\"What purpose you are looking for service ?\",\"q_id\":\"59\",\"options\":[{\"value\":\"2\",\"label\":\"Out_Door\"}],\"filter\":\"0\",\"type\":\"radio\"},{\"title\":\"Select purpose ?\",\"value\":\"\",\"filter\":\"0\",\"type\":\"checkbox\",\"options\":[{\"value\":\"7\",\"label\":\"Brick_Cleaner\"},{\"value\":\"6\",\"label\":\"Helper\"},{\"value\":\"5\",\"label\":\"Labour\"},{\"value\":\"1\",\"label\":\"Chloe_Remover\"},{\"value\":\"3\",\"label\":\"Purse_Cleaner\"},{\"value\":\"4\",\"label\":\"Water_Purifier\"}]}]', '1', 'https://iapptechnologies.com/web-app-developers-toronto.htmlhttps://iapptechnologies.com/web-app-developers-toronto.htmlhttps://iapptechnologies.com/web-app-developers-toronto.htmlhttps://iapptechnologies.com/web-app-developers-toronto.htmlhttps://iapptec', NULL, NULL, 29, 'Samsung_Helpers', '2019-04-03 13:24:10', '2019-04-03 13:24:10'),
(43, 5550383417510, 5, 'Sector 66,Sector 79,Sector Me', '[{\"title\":\"Select services in the sector ?\",\"value\":\"\",\"filter\":\"1\",\"type\":\"checkbox\",\"options\":[{\"value\":\"2\",\"label\":\"Sector 66\"},{\"value\":\"1\",\"label\":\"Sector 79\"},{\"value\":\"3\",\"label\":\"Sector Me\"}]},{\"title\":\"What purpose you are looking for service ?\",\"q_id\":\"59\",\"options\":[{\"value\":\"2\",\"label\":\"Out_Door\"}],\"filter\":\"0\",\"type\":\"radio\"},{\"title\":\"Select purpose ?\",\"value\":\"\",\"filter\":\"0\",\"type\":\"checkbox\",\"options\":[{\"value\":\"7\",\"label\":\"Brick_Cleaner\"},{\"value\":\"6\",\"label\":\"Helper\"},{\"value\":\"5\",\"label\":\"Labour\"},{\"value\":\"1\",\"label\":\"Chloe_Remover\"},{\"value\":\"3\",\"label\":\"Purse_Cleaner\"},{\"value\":\"4\",\"label\":\"Water_Purifier\"}]}]', '3', 'https://yesplease.iapplabz.co.inhttps://yesplease.iapplabz.co.inhttps://yesplease.iapplabz.co.inhttps://yesplease.iapplabz.co.inhttps://yesplease.iapplabz.co.inhttps://yesplease.iapplabz.co.inhttps://yesplease.iapplabz.co.inhttps://yesplease.iapplabz.co.i', NULL, '9876543210', 29, 'Samsung_Helpers', '2019-04-03 14:26:25', '2019-04-03 14:26:25'),
(44, 65151384262, 5, 'Sector Me', '[{\"title\":\"Select services in the sector ?\",\"value\":\"\",\"filter\":\"1\",\"type\":\"checkbox\",\"options\":[{\"value\":\"3\",\"label\":\"Sector Me\"}]},{\"title\":\"What purpose you are looking for service ?\",\"q_id\":\"59\",\"options\":[{\"value\":\"2\",\"label\":\"Out_Door\"}],\"filter\":\"0\",\"type\":\"radio\"},{\"title\":\"Select purpose ?\",\"value\":\"\",\"filter\":\"0\",\"type\":\"checkbox\",\"options\":[{\"value\":\"7\",\"label\":\"Brick_Cleaner\"},{\"value\":\"6\",\"label\":\"Helper\"},{\"value\":\"5\",\"label\":\"Labour\"},{\"value\":\"1\",\"label\":\"Chloe_Remover\"},{\"value\":\"3\",\"label\":\"Purse_Cleaner\"},{\"value\":\"4\",\"label\":\"Water_Purifier\"}]}]', '2', 'https://yesplease.iapplabz.co.inhttps://yesplease.iapplabz.co.inhttps://yesplease.iapplabz.co.inhttps://yesplease.iapplabz.co.inhttps://yesplease.iapplabz.co.inhttps://yesplease.iapplabz.co.inhttps://yesplease.iapplabz.co.inhttps://yesplease.iapplabz.co.i', NULL, NULL, 29, 'Samsung_Helpers', '2019-04-03 14:27:48', '2019-04-03 14:27:48'),
(45, 5373534111061, 5, 'Sector 66,Sector 79', '[{\"title\":\"Select services in the sector ?\",\"value\":\"\",\"filter\":\"1\",\"type\":\"checkbox\",\"options\":[{\"value\":\"2\",\"label\":\"Sector 66\"},{\"value\":\"1\",\"label\":\"Sector 79\"}]},{\"title\":\"What purpose you are looking for service ?\",\"q_id\":\"59\",\"options\":[{\"value\":\"2\",\"label\":\"Out_Door\"}],\"filter\":\"0\",\"type\":\"radio\"},{\"title\":\"Select purpose ?\",\"value\":\"\",\"filter\":\"0\",\"type\":\"checkbox\",\"options\":[{\"value\":\"7\",\"label\":\"Brick_Cleaner\"},{\"value\":\"6\",\"label\":\"Helper\"},{\"value\":\"5\",\"label\":\"Labour\"},{\"value\":\"1\",\"label\":\"Chloe_Remover\"},{\"value\":\"3\",\"label\":\"Purse_Cleaner\"},{\"value\":\"4\",\"label\":\"Water_Purifier\"}]}]', '4', 'https://yesplease.iapplabz.co.inhttps://yesplease.iapplabz.co.inhttps://yesplease.iapplabz.co.inhttps://yesplease.iapplabz.co.inhttps://yesplease.iapplabz.co.inhttps://yesplease.iapplabz.co.inhttps://yesplease.iapplabz.co.inhttps://yesplease.iapplabz.co.i', NULL, NULL, 29, 'Samsung_Helpers', '2019-04-03 14:28:33', '2019-04-03 14:28:33'),
(46, 1919361305485, 5, '', '[]', '5', 'https://yesplease.iapplabz.co.inhttps://yesplease.iapplabz.co.inhttps://yesplease.iapplabz.co.inhttps://yesplease.iapplabz.co.inhttps://yesplease.iapplabz.co.inhttps://yesplease.iapplabz.co.inhttps://yesplease.iapplabz.co.inhttps://yesplease.iapplabz.co.i', NULL, '9876543210', 32, 'Motorola', '2019-04-03 14:31:59', '2019-04-03 14:31:59'),
(47, 1554373915619, 5, 'Sector 66', '[{\"title\":\"\",\"q_id\":\"56\",\"options\":[{\"value\":\"1\",\"label\":\"Sector 66\"}],\"filter\":\"1\",\"type\":\"radio\"}]', '3', 'dytutyuDescribe your workDescribe your workDescribe your workDescribe your workDescribe your workDescribe your workDescribe your workDescribe your workDescribe your workDescribe your workDescribe your workDescribe your workDescribe your workDescribe your ', NULL, '9876543210', 28, 'GreenLand_Properties_Mohali', '2019-04-04 04:58:36', '2019-04-04 04:58:36'),
(48, 4159450315545, 5, 'Sector 66', '[{\"title\":\"\",\"q_id\":\"56\",\"options\":[{\"value\":\"1\",\"label\":\"Sector 66\"}],\"filter\":\"1\",\"type\":\"radio\"}]', '4', 'Describe your workDescribe your workDescribe your workDescribe your workDescribe your workDescribe your workDescribe your workDescribe your workDescribe your workDescribe your workDescribe your workDescribe your workDescribe your work', NULL, NULL, 28, 'GreenLand_Properties_Mohali', '2019-04-04 05:00:15', '2019-04-04 05:00:15'),
(49, 5765594131534, 5, '', '[]', '4', 'Describe your workDescribe your workDescribe your workDescribe your workDescribe your workDescribe your workDescribe your workDescribe your workDescribe your workDescribe your work', NULL, NULL, 25, 'Watsapp', '2019-04-04 05:02:47', '2019-04-04 05:02:47'),
(50, 3153445554919, 5, '', '[]', '4', 'Describe your workDescribe your workDescribe your workDescribe your workDescribe your workDescribe your workDescribe your workDescribe your workDescribe your workDescribe your work', NULL, NULL, 25, 'Watsapp', '2019-04-04 05:03:13', '2019-04-04 05:03:13'),
(51, 4044581605353, 5, '', '[]', '4', 'Describe your workDescribe your workDescribe your workDescribe your workDescribe your workDescribe your workDescribe your workDescribe your workDescribe your workDescribe your work', NULL, '9876543210', 25, 'Watsapp', '2019-04-04 05:06:20', '2019-04-04 05:06:20'),
(52, 4345546587517, 5, 'Page', '[{\"title\":\"Selector servies of paper size\",\"value\":\"\",\"filter\":\"1\",\"type\":\"checkbox\",\"options\":[{\"value\":\"4\",\"label\":\"Page\"}]}]', '4', 'Describe your workDescribe your workDescribe your workDescribe your workDescribe your workDescribe your workDescribe your workDescribe your workDescribe your workDescribe your workDescribe your workDescribe your workDescribe your workDescribe your workDes', NULL, NULL, 31, 'PaperWorks', '2019-04-04 05:09:27', '2019-04-04 05:09:27'),
(53, 5440763597715, 5, 'Page', '[{\"title\":\"Selector servies of paper size\",\"value\":\"\",\"filter\":\"1\",\"type\":\"checkbox\",\"options\":[{\"value\":\"4\",\"label\":\"Page\"}]}]', '4', 'ddfgfDescribe your workDescribe your workDescribe your workDescribe your workDescribe your workDescribe your workDescribe your workDescribe your workDescribe your workDescribe your workDescribe your workDescribe your workDescribe your workDescribe your wo', NULL, NULL, 31, 'PaperWorks', '2019-04-04 05:10:07', '2019-04-04 05:10:07'),
(54, 5158007486573, 5, 'Sector 66,Sector 79', '[{\"title\":\"Select services in the sector ?\",\"value\":\"\",\"filter\":\"1\",\"type\":\"checkbox\",\"options\":[{\"value\":\"2\",\"label\":\"Sector 66\"},{\"value\":\"1\",\"label\":\"Sector 79\"}]},{\"title\":\"What purpose you are looking for service ?\",\"q_id\":\"59\",\"options\":[{\"value\":\"2\",\"label\":\"Out_Door\"}],\"filter\":\"0\",\"type\":\"radio\"},{\"title\":\"Select purpose ?\",\"value\":\"\",\"filter\":\"0\",\"type\":\"checkbox\",\"options\":[{\"value\":\"7\",\"label\":\"Brick_Cleaner\"},{\"value\":\"6\",\"label\":\"Helper\"},{\"value\":\"5\",\"label\":\"Labour\"},{\"value\":\"1\",\"label\":\"Chloe_Remover\"},{\"value\":\"3\",\"label\":\"Purse_Cleaner\"},{\"value\":\"4\",\"label\":\"Water_Purifier\"}]}]', '5', 'Samsung Health has a developer mode for testing the app before the partner app approval. The Samsung Healths developer mode is not activated by defaultSamsung Health has a developer mode for testing the app before the partner app approval. The Samsung He', '{\"pic\":[\"551554357070.png\",\"741554357070.jpeg\",\"191554357070.jpeg\",\"751554357070.jpeg\",\"821554357070.jpeg\",\"321554357070.jpeg\",\"451554357070.jpeg\",\"291554357070.jpeg\",\"721554357070.jpeg\",\"541554357070.jpg\",\"321554357070.png\"]}', NULL, 29, 'Samsung_Helpers', '2019-04-04 05:51:10', '2019-04-04 05:51:10'),
(55, 517471455394, 5, 'Sector 66', '[{\"title\":\"Select services in the sector ?\",\"value\":\"\",\"filter\":\"1\",\"type\":\"checkbox\",\"options\":[{\"value\":\"2\",\"label\":\"Sector 66\"}]},{\"title\":\"What purpose you are looking for service ?\",\"q_id\":\"59\",\"options\":[{\"value\":\"1\",\"label\":\"In_Door\"}],\"filter\":\"0\",\"type\":\"radio\"},{\"title\":\"Select purpose ?\",\"value\":\"\",\"filter\":\"0\",\"type\":\"checkbox\",\"options\":[{\"value\":\"4\",\"label\":\"Water_Purifier\"}]}]', '5', 'Partner App Program is an exclusive service for Samsung Health that allows users to discover engaging health and fitness apps. To enable data exchange between your app and Samsung Health, please apply for the Partner App Program. Approved partner apps are', '{\"pic\":[\"741554357441.jpg\"]}', '9876543210', 29, 'Samsung_Helpers', '2019-04-04 05:57:21', '2019-04-04 05:57:21'),
(56, 3145810557715, 5, 'Sector 66', '[{\"title\":\"Select services in the sector ?\",\"value\":\"\",\"filter\":\"1\",\"type\":\"checkbox\",\"options\":[{\"value\":\"2\",\"label\":\"Sector 66\"}]},{\"title\":\"What purpose you are looking for service ?\",\"q_id\":\"59\",\"options\":[{\"value\":\"1\",\"label\":\"In_Door\"}],\"filter\":\"0\",\"type\":\"radio\"},{\"title\":\"Select purpose ?\",\"value\":\"\",\"filter\":\"0\",\"type\":\"checkbox\",\"options\":[{\"value\":\"6\",\"label\":\"Helper\"}]}]', '4', 'Partner App Program is an exclusive service for Samsung Health that allows users to discover engaging health and fitness apps. To enable data exchange between your app and Samsung Health, please apply for the Partner App Program. Approved partner apps are', NULL, '9876543210', 29, 'Samsung_Helpers', '2019-04-04 06:03:27', '2019-04-04 06:03:27'),
(57, 155834651163, 5, '64X', '[{\"title\":\"\",\"q_id\":\"67\",\"options\":[{\"value\":\"2\",\"label\":\"64X\"}],\"filter\":\"1\",\"type\":\"radio\"}]', '5', 'Partner App Program is an exclusive service for Samsung Health that allows users to discover engaging health and fitness apps. To enable data exchange between your app and Samsung Health, please apply for the Partner App Program. Approved partner apps are', '{\"pic\":[\"681554361356.png\",\"561554361356.jpeg\",\"451554361356.jpeg\",\"171554361356.jpeg\",\"1001554361356.jpeg\",\"361554361356.jpeg\",\"671554361356.jpeg\",\"201554361356.jpeg\",\"811554361356.jpeg\",\"511554361356.jpg\",\"611554361356.png\",\"131554361356.jpg\",\"561554361356.jpeg\",\"891554361356.png\",\"741554361356.jpg\",\"101554361356.png\",\"831554361356.jpg\",\"581554361357.png\"]}', NULL, 35, 'Linux', '2019-04-04 07:02:36', '2019-04-04 07:02:37'),
(58, 2415536518820, 5, '84X', '[{\"title\":\"\",\"q_id\":\"67\",\"options\":[{\"value\":\"1\",\"label\":\"84X\"}],\"filter\":\"1\",\"type\":\"radio\"}]', '5', 'Partner App Program is an exclusive service for Samsung Health that allows users to discover engaging health and fitness apps. To enable data exchange between your app and Samsung Health, please apply for the Partner App Program. Approved partner apps are', '{\"pic\":[\"771554362808.jpeg\",\"101554362808.jpeg\",\"861554362808.jpeg\",\"241554362808.jpeg\",\"181554362808.jpeg\"]}', '9876543210', 35, 'Linux', '2019-04-04 07:26:48', '2019-04-04 07:26:48'),
(59, 386562145425, 5, '84X', '[{\"title\":\"\",\"q_id\":\"67\",\"options\":[{\"value\":\"1\",\"label\":\"84X\"}],\"filter\":\"1\",\"type\":\"radio\"}]', '5', 'Partner App Program is an exclusive service for Samsung Health that allows users to discover engaging health and fitness apps. To enable data exchange between your app and Samsung Health, please apply for the Partner App Program. Approved partner apps are', '{\"pic\":[\"831554362864.jpeg\"]}', '9876543210', 35, 'Linux', '2019-04-04 07:27:44', '2019-04-04 07:27:44'),
(60, 1345385604775, 5, '64X', '[{\"title\":\"\",\"q_id\":\"67\",\"options\":[{\"value\":\"2\",\"label\":\"64X\"}],\"filter\":\"1\",\"type\":\"radio\"}]', '5', 'http://i.prntscr.com/pUTmc2rpTC2z1xng8MK4lQ.pnghttp://i.prntscr.com/pUTmc2rpTC2z1xng8MK4lQ.pnghttp://i.prntscr.com/pUTmc2rpTC2z1xng8MK4lQ.pnghttp://i.prntscr.com/pUTmc2rpTC2z1xng8MK4lQ.pnghttp://i.prntscr.com/pUTmc2rpTC2z1xng8MK4lQ.pnghttp://i.prntscr.com', '{\"pic\":[\"711554363057.jpg\"]}', '9876543210', 35, 'Linux', '2019-04-04 07:30:57', '2019-04-04 07:30:57'),
(61, 5617598633490, 5, '64X', '[{\"title\":\"\",\"q_id\":\"67\",\"options\":[{\"value\":\"2\",\"label\":\"64X\"}],\"filter\":\"1\",\"type\":\"radio\"}]', '4', 'Partner App Program is an exclusive service for Samsung Health that allows users to discover engaging health and fitness apps. To enable data exchange between your app and Samsung Health, please apply for the Partner App Program. Approved partner apps are', '{\"pic\":[\"571554370963.jpeg\",\"921554370963.jpg\",\"481554370963.png\",\"481554370963.jpg\",\"871554370963.jpeg\",\"111554370963.png\",\"191554370963.jpg\",\"441554370963.png\",\"991554370963.jpg\",\"391554370964.png\",\"461554370964.jpg\",\"751554370964.jpg\"]}', '9876543210', 35, 'Linux', '2019-04-04 09:42:43', '2019-04-04 09:42:44'),
(62, 7333133418755, 5, '64X', '[{\"title\":\"\",\"q_id\":\"67\",\"options\":[{\"value\":\"2\",\"label\":\"64X\"}],\"filter\":\"1\",\"type\":\"radio\"}]', '5', 'Partner App Program is an exclusive service for Samsung Health that allows users to discover engaging health and fitness apps. To enable data exchange between your app and Samsung Health, please apply for the Partner App Program. Approved partner apps are', '{\"pic\":[\"641554371337.jpeg\",\"601554371337.jpeg\",\"921554371337.jpeg\",\"671554371337.jpeg\",\"971554371337.jpeg\",\"431554371337.jpg\",\"281554371337.png\",\"791554371337.jpg\",\"561554371337.jpeg\",\"281554371337.png\",\"171554371337.jpg\",\"821554371337.png\",\"591554371337.jpg\"]}', '9876543210', 35, 'Linux', '2019-04-04 09:48:57', '2019-04-04 09:48:57'),
(63, 7308153518847, 5, '64X', '[{\"title\":\"\",\"q_id\":\"67\",\"options\":[{\"value\":\"2\",\"label\":\"64X\"}],\"filter\":\"1\",\"type\":\"radio\"}]', '3', 'Partner App Program is an exclusive service for Samsung Health that allows users to discover engaging health and fitness apps. To enable data exchange between your app and Samsung Health, please apply for the Partner App Program. Approved partner apps are', NULL, '9876543210', 35, 'Linux', '2019-04-04 09:49:48', '2019-04-04 09:49:48'),
(64, 5301171544563, 5, '64X', '[{\"title\":\"\",\"q_id\":\"67\",\"options\":[{\"value\":\"2\",\"label\":\"64X\"}],\"filter\":\"1\",\"type\":\"radio\"}]', '5', 'Partner App Program is an exclusive service for Samsung Health that allows users to discover engaging health and fitness apps. To enable data exchange between your app and Samsung Health, please apply for the Partner App Program. Approved partner apps are', '{\"pic\":[\"711554371613.jpeg\",\"571554371613.jpeg\",\"711554371613.jpeg\",\"211554371613.jpeg\",\"331554371613.jpeg\",\"881554371613.jpeg\",\"211554371614.jpg\",\"1001554371614.png\",\"111554371614.jpg\",\"1001554371614.jpeg\"]}', '9876543210', 35, 'Linux', '2019-04-04 09:53:33', '2019-04-04 09:53:34'),
(65, 4511153903748, 5, '64X', '[{\"title\":\"\",\"q_id\":\"67\",\"options\":[{\"value\":\"2\",\"label\":\"64X\"}],\"filter\":\"1\",\"type\":\"radio\"}]', '3', 'Partner App Program is an exclusive service for Samsung Health that allows users to discover engaging health and fitness apps. To enable data exchange between your app and Samsung Health, please apply for the Partner App Program. Approved partner apps are', NULL, '9876543210', 35, 'Linux', '2019-04-04 09:58:13', '2019-04-04 09:58:13'),
(66, 8175628537408, 5, '64X', '[{\"title\":\"\",\"q_id\":\"67\",\"options\":[{\"value\":\"2\",\"label\":\"64X\"}],\"filter\":\"1\",\"type\":\"radio\"}]', '5', 'redminote5pro4321@gmail.com,amudasir355@gmx.com,tan@gmail.comredminote5pro4321@gmail.com,amudasir355@gmx.com,tan@gmail.comredminote5pro4321@gmail.com,amudasir355@gmx.com,tan@gmail.comredminote5pro4321@gmail.com,amudasir355@gmx.com,tan@gmail.comredminote5p', NULL, '9876543210', 35, 'Linux', '2019-04-04 10:01:27', '2019-04-04 10:01:27');
INSERT INTO `yp_general_users_quotes` (`id`, `quote_id`, `general_id`, `filter_data`, `dynamic_formdata`, `quote_count`, `work_description`, `uploaded_files`, `phone_number`, `cat_id`, `cat_name`, `created_at`, `updated_at`) VALUES
(67, 5814732105741, 5, '64X', '[{\"title\":\"\",\"q_id\":\"67\",\"options\":[{\"value\":\"2\",\"label\":\"64X\"}],\"filter\":\"1\",\"type\":\"radio\"}]', '5', 'Partner App Program is an exclusive service for Samsung Health that allows users to discover engaging health and fitness apps. To enable data exchange between your app and Samsung Health, please apply for the Partner App Program. Approved partner apps are', '{\"pic\":[\"831554380721.jpeg\"]}', '9876543210', 35, 'Linux', '2019-04-04 12:25:21', '2019-04-04 12:25:21'),
(68, 3995831415575, 5, '84X', '[{\"title\":\"\",\"q_id\":\"69\",\"options\":[{\"value\":\"1\",\"label\":\"84X\"}],\"filter\":\"1\",\"type\":\"radio\"}]', '5', 'Partner App Program is an exclusive service for Samsung Health that allows users to discover engaging health and fitness apps. To enable data exchange between your app and Samsung Health, please apply for the Partner App Program. Approved partner apps are', '{\"pic\":[\"611554381539.jpg\"]}', NULL, 37, 'IOS', '2019-04-04 12:38:59', '2019-04-04 12:38:59'),
(69, 5437531833781, 5, '64X', '[{\"title\":\"\",\"q_id\":\"69\",\"options\":[{\"value\":\"2\",\"label\":\"64X\"}],\"filter\":\"1\",\"type\":\"radio\"}]', '5', 'asd@asd.asd,jkl@jkl.jklasd@asd.asd,jkl@jkl.jklasd@asd.asd,jkl@jkl.jklasd@asd.asd,jkl@jkl.jklasd@asd.asd,jkl@jkl.jklasd@asd.asd,jkl@jkl.jklasd@asd.asd,jkl@jkl.jklasd@asd.asd,jkl@jkl.jklasd@asd.asd,jkl@jkl.jklasd@asd.asd,jkl@jkl.jklasd@asd.asd,jkl@jkl.jklas', NULL, NULL, 37, 'IOS', '2019-04-04 12:42:18', '2019-04-04 12:42:18'),
(70, 8119395545122, 5, '64X', '[{\"title\":\"\",\"q_id\":\"67\",\"options\":[{\"value\":\"2\",\"label\":\"64X\"}],\"filter\":\"1\",\"type\":\"radio\"}]', '5', 'tan@gmail.com,iop@iop.iop,bnm@bnm.bnmtan@gmail.com,iop@iop.iop,bnm@bnm.bnmtan@gmail.com,iop@iop.iop,bnm@bnm.bnmtan@gmail.com,iop@iop.iop,bnm@bnm.bnmtan@gmail.com,iop@iop.iop,bnm@bnm.bnmtan@gmail.com,iop@iop.iop,bnm@bnm.bnmtan@gmail.com,iop@iop.iop,bnm@bnm', NULL, NULL, 35, 'Linux', '2019-04-04 12:45:12', '2019-04-04 12:45:12'),
(71, 864815453178, 5, '64X', '[{\"title\":\"\",\"q_id\":\"67\",\"options\":[{\"value\":\"2\",\"label\":\"64X\"}],\"filter\":\"1\",\"type\":\"radio\"}]', '5', 'tan@gmail.com,iop@iop.iop,jkl@jkl.jkl,bnm@bnm.bnmtan@gmail.com,iop@iop.iop,jkl@jkl.jkl,bnm@bnm.bnmtan@gmail.com,iop@iop.iop,jkl@jkl.jkl,bnm@bnm.bnmtan@gmail.com,iop@iop.iop,jkl@jkl.jkl,bnm@bnm.bnmtan@gmail.com,iop@iop.iop,jkl@jkl.jkl,bnm@bnm.bnmtan@gmail.', NULL, '9876543210', 35, 'Linux', '2019-04-04 13:23:07', '2019-04-04 13:23:07'),
(72, 4015351184515, 5, '64X', '[{\"title\":\"\",\"q_id\":\"67\",\"options\":[{\"value\":\"2\",\"label\":\"64X\"}],\"filter\":\"1\",\"type\":\"radio\"}]', '5', 'Financial Module Financial Module Financial Module Financial Module Financial Module Financial Module Financial Module Financial Module Financial Module Financial Module Financial Module Financial Module Financial Module Financial Module Financial Module ', NULL, '9876543210', 35, 'Linux', '2019-04-04 13:29:12', '2019-04-04 13:29:12'),
(73, 5385754481838, 5, '64X', '[{\"title\":\"\",\"q_id\":\"67\",\"options\":[{\"value\":\"2\",\"label\":\"64X\"}],\"filter\":\"1\",\"type\":\"radio\"}]', '5', 'Financial Module Financial Module Financial Module Financial Module Financial Module Financial Module Financial Module Financial Module Financial Module Financial Module Financial Module Financial Module Financial Module Financial Module Financial Module ', NULL, '9876543210', 35, 'Linux', '2019-04-04 13:29:38', '2019-04-04 13:29:38'),
(74, 4516715687456, 5, 'Sector 79,Sector 66', '[{\"title\":\"Select Sector in Mohali ?\",\"value\":\"\",\"filter\":\"1\",\"type\":\"checkbox\",\"options\":[{\"value\":\"1\",\"label\":\"Sector 79\"},{\"value\":\"2\",\"label\":\"Sector 66\"}]},{\"title\":\"Enter LandMaRK\",\"value\":\"Test\",\"filter\":\"0\",\"type\":\"textbox\"},{\"title\":\"Select that you want to fix ?\",\"value\":\"\",\"filter\":\"0\",\"type\":\"checkbox\",\"options\":[{\"value\":\"q\",\"label\":\"Tap\"},{\"value\":\"w\",\"label\":\"Pipe\"},{\"value\":\"e\",\"label\":\"Bathroom\"},{\"value\":\"r\",\"label\":\"Kitchen\"}]}]', '1', 'Realmes next smartphone will be available in multiple RAM and storage combinations starting at 4GB of RAM and 32GB built-in storage. Realme 3 Pro is also expected to sport a 48-megapixel rear camera. The latest reports, however, suggest the phone will ha', '{\"pic\":[\"611554716665.jpeg\",\"131554716665.jpeg\",\"281554716665.jpeg\",\"771554716665.jpeg\",\"901554716665.jpg\"]}', NULL, 16, 'PLUMBER', '2019-04-08 09:44:25', '2019-04-08 09:44:25'),
(75, 4531115944839, 5, NULL, NULL, NULL, '2.Binary Search Tree: Binary Search Tree Pollution can take the form of chemical substances or energy, such as noise, heat or light. ... Major forms of pollution include: Air pollution, light pollution, littering, noise pollution, plastic pollution, soil ', NULL, '9876543210', 35, 'Linux', '2019-04-11 13:25:34', '2019-04-11 13:25:34'),
(76, 1537315891984, 5, NULL, NULL, NULL, '2.Binary Search Tree: Binary Search Tree Pollution can take the form of chemical substances or energy, such as noise, heat or light. ... Major forms of pollution include: Air pollution, light pollution, littering, noise pollution, plastic pollution, soil ', NULL, '9876543210', 35, 'Linux', '2019-04-11 13:25:37', '2019-04-11 13:25:37'),
(77, 9198531184853, 5, NULL, NULL, NULL, '2.Binary Search Tree: Binary Search Tree Pollution can take the form of chemical substances or energy, such as noise, heat or light. ... Major forms of pollution include: Air pollution, light pollution, littering, noise pollution, plastic pollution, soil ', NULL, '9876543210', 35, 'Linux', '2019-04-11 13:25:38', '2019-04-11 13:25:38'),
(78, 5478952159241, 5, NULL, NULL, NULL, '2.Binary Search Tree: Binary Search Tree Pollution can take the form of chemical substances or energy, such as noise, heat or light. ... Major forms of pollution include: Air pollution, light pollution, littering, noise pollution, plastic pollution, soil ', '{\"pic\":[\"441554989215.jpeg\"]}', '', 35, 'Linux', '2019-04-11 13:26:55', '2019-04-11 13:26:55'),
(79, 1159995876244, 5, NULL, NULL, NULL, '2.Binary Search Tree: Binary Search Tree Pollution can take the form of chemical substances or energy, such as noise, heat or light. ... Major forms of pollution include: Air pollution, light pollution, littering, noise pollution, plastic pollution, soil ', '{\"pic\":[\"701554989216.jpeg\"]}', '', 35, 'Linux', '2019-04-11 13:26:56', '2019-04-11 13:26:56'),
(80, 6619584821595, 5, NULL, NULL, NULL, '2.Binary Search Tree: Binary Search Tree Pollution can take the form of chemical substances or energy, such as noise, heat or light. ... Major forms of pollution include: Air pollution, light pollution, littering, noise pollution, plastic pollution, soil ', '{\"pic\":[\"781554989216.jpeg\"]}', '', 35, 'Linux', '2019-04-11 13:26:56', '2019-04-11 13:26:56'),
(81, 1998392156544, 5, NULL, NULL, NULL, '2.Binary Search Tree: Binary Search Tree Pollution can take the form of chemical substances or energy, such as noise, heat or light. ... Major forms of pollution include: Air pollution, light pollution, littering, noise pollution, plastic pollution, soil ', '{\"pic\":[\"681554989216.jpeg\"]}', '', 35, 'Linux', '2019-04-11 13:26:56', '2019-04-11 13:26:56'),
(82, 7489821595951, 5, NULL, NULL, NULL, '2.Binary Search Tree: Binary Search Tree Pollution can take the form of chemical substances or energy, such as noise, heat or light. ... Major forms of pollution include: Air pollution, light pollution, littering, noise pollution, plastic pollution, soil ', '{\"pic\":[\"841554989217.jpeg\"]}', '', 35, 'Linux', '2019-04-11 13:26:57', '2019-04-11 13:26:57'),
(83, 181552549179, 5, NULL, NULL, NULL, '2.Binary Search Tree: Binary Search Tree Pollution can take the form of chemical substances or energy, such as noise, heat or light. ... Major forms of pollution include: Air pollution, light pollution, littering, noise pollution, plastic pollution, soil ', '{\"pic\":[\"171554989217.jpeg\"]}', '', 35, 'Linux', '2019-04-11 13:26:57', '2019-04-11 13:26:57'),
(84, 4035251529344, 5, NULL, NULL, NULL, 'Please suggest it. Please suggest it. Please suggest it. Please suggest it. Please suggest it. Please suggest it. ', '{\"pic\":[\"211555049232.png\"]}', '9876543210', 35, 'Linux', '2019-04-12 06:07:12', '2019-04-12 06:07:12'),
(85, 5104533132485, 3, NULL, NULL, NULL, 'dad asd asdsad ad ka;sdk sa;lkdas; lksad;l ksad;lskad ;laksd;s alkdsa;ldk a;sldk sa;ldksa;ld kasd;laks d;lsakdsa;lkd', NULL, '', 35, 'Linux', '2019-04-15 16:00:18', '2019-04-15 16:00:18'),
(86, 3288153457155, 3, NULL, NULL, NULL, 'asd asd asd asdas dasd asd asd asd asd asdas dasd asd asd asd asd asdas dasd asd asd asd asd asdas dasd asd asd asd asd asdas dasd asd ', NULL, '', 34, 'Windows', '2019-04-15 17:12:51', '2019-04-15 17:12:51'),
(87, 1097516555416, 10, '64X', '[{\"title\":\"\",\"q_id\":\"67\",\"options\":[{\"value\":\"2\",\"label\":\"64X\"}],\"filter\":\"1\",\"type\":\"radio\"}]', '1', 'The study found that people with the two eating habits had a four to five times higher likelihood of death, another heart attack, or angina (chest pain) within 30 days after hospital discharge for heart attack.\n\nThe study, published in the European Journa', NULL, NULL, 35, 'Linux', '2019-04-19 09:46:31', '2019-04-19 09:46:31'),
(88, 9618598375556, 5, '', '[]', '2', 'http://i.prntscr.com/2_etBVd_Tw_onwF8Ti_oyg.pnghttp://i.prntscr.com/2_etBVd_Tw_onwF8Ti_oyg.pnghttp://i.prntscr.com/2_etBVd_Tw_onwF8Ti_oyg.pnghttp://i.prntscr.com/2_etBVd_Tw_onwF8Ti_oyg.pnghttp://i.prntscr.com/2_etBVd_Tw_onwF8Ti_oyg.pnghttp://i.prntscr.com', NULL, NULL, 35, 'Linux', '2019-04-19 14:21:19', '2019-04-19 14:21:19'),
(89, 6511830951506, 5, '', '[]', '2', 'http://i.prntscr.com/2_etBVd_Tw_onwF8Ti_oyg.pnghttp://i.prntscr.com/2_etBVd_Tw_onwF8Ti_oyg.pnghttp://i.prntscr.com/2_etBVd_Tw_onwF8Ti_oyg.pnghttp://i.prntscr.com/2_etBVd_Tw_onwF8Ti_oyg.pnghttp://i.prntscr.com/2_etBVd_Tw_onwF8Ti_oyg.pnghttp://i.prntscr.com', NULL, NULL, 35, 'Linux', '2019-04-19 14:21:31', '2019-04-19 14:21:31'),
(90, 9855365751406, 5, '', '[]', '4', 'safddsfsdf sdf sdf dssafddsfsdf sdf sdf dssafddsfsdf sdf sdf dssafddsfsdf sdf sdf dssafddsfsdf sdf sdf dssafddsfsdf sdf sdf dssafddsfsdf sdf sdf dssafddsfsdf sdf sdf dssafddsfsdf sdf sdf dssafddsfsdf sdf sdf dssafddsfsdf sdf sdf dssafddsfsdf sdf sdf dssaf', NULL, NULL, 34, 'Windows', '2019-04-21 14:14:24', '2019-04-21 14:14:24'),
(91, 9215242541531, 5, '', '[]', '2', 'Millions of people use Facebook everyday to keep up with friends, upload an unlimited number of photos, share links and videos, and learn more about the people they meet. Comment Policy: We love your comments, but please be respectful of others.', '{\"pic\":[\"471555914122.jpg\"]}', '9876543210', 16, 'PLUMBER', '2019-04-22 06:22:02', '2019-04-22 06:22:02'),
(92, 5395162554041, 5, '', '[]', '1', 'Millions of people use Facebook everyday to keep up with friends, upload an unlimited number of photos, share links and videos, and learn more about the people they meet. Comment Policy: We love your comments, but please be respectful of others.', '{\"pic\":[\"851555914206.jpg\"]}', '9876543210', 16, 'PLUMBER', '2019-04-22 06:23:26', '2019-04-22 06:23:26'),
(93, 2755152541295, 5, '', '[]', '5', 'Millions of people use Facebook everyday to keep up with friends, upload an unlimited number of photos, share links and videos, and learn more about the people they meet. Comment Policy: We love your comments, but please be respectful of others.', NULL, '9876543210', 16, 'PLUMBER', '2019-04-22 06:23:47', '2019-04-22 06:23:47'),
(94, 6654955118154, 5, '', '[]', '5', 'Millions of people use Facebook everyday to keep up with friends, upload an unlimited number of photos, share links and videos, and learn more about the people they meet. Comment Policy: We love your comments, but please be respectful of others.', NULL, '9876543210', 16, 'PLUMBER', '2019-04-22 06:27:41', '2019-04-22 06:27:41'),
(95, 5374381255149, 5, '', '[]', '5', 'Millions of people use Facebook everyday to keep up with friends, upload an unlimited number of photos, share links and videos, and learn more about the people they meet. Comment Policy: We love your comments, but please be respectful of others.', NULL, '9876543210', 16, 'PLUMBER', '2019-04-22 06:28:03', '2019-04-22 06:28:03'),
(96, 2575051641398, 5, '', '[]', '3', 'Millions of people use Facebook everyday to keep up with friends, upload an unlimited number of photos, share links and videos, and learn more about the people they meet. Comment Policy: We love your comments, but please be respectful of others.', '{\"pic\":[\"761555914780.png\",\"831555914780.jpeg\",\"291555914780.jpg\",\"861555914780.jpg\",\"251555914780.jpg\",\"801555914780.jpg\",\"901555914780.jpg\",\"811555914780.jpg\",\"181555914780.jpg\",\"621555914780.jpg\",\"381555914780.jpg\",\"861555914780.jpg\",\"881555914780.jpg\",\"911555914780.jpg\",\"231555914780.jpg\",\"811555914780.jpeg\",\"161555914780.jpeg\",\"431555914780.jpeg\",\"871555914780.jpeg\",\"631555914780.jpeg\"]}', '9876543210', 16, 'PLUMBER', '2019-04-22 06:33:00', '2019-04-22 06:33:00'),
(97, 1959135015965, 5, NULL, NULL, NULL, 'How many quotes you want to receive?How many quotes you want to receive?How many quotes you want to receive?How many quotes you want to receive?How many quotes you want to receive?How many quotes you want to receive?How many quotes you want to receive?How', NULL, '', 16, 'PLUMBER', '2019-04-22 06:37:11', '2019-04-22 06:37:11'),
(98, 4511559335105, 5, NULL, NULL, NULL, 'How many quotes you want to receive?How many quotes you want to receive?How many quotes you want to receive?How many quotes you want to receive?How many quotes you want to receive?How many quotes you want to receive?How many quotes you want to receive?How', NULL, '', 16, 'PLUMBER', '2019-04-22 06:37:13', '2019-04-22 06:37:13'),
(99, 2053190351455, 5, NULL, NULL, NULL, 'How many quotes you want to receive?How many quotes you want to receive?How many quotes you want to receive?How many quotes you want to receive?How many quotes you want to receive?How many quotes you want to receive?How many quotes you want to receive?How', NULL, '9876543210', 16, 'PLUMBER', '2019-04-22 06:37:14', '2019-04-22 06:37:14'),
(100, 3151191530555, 5, NULL, NULL, NULL, 'How many quotes you want to receive?How many quotes you want to receive?How many quotes you want to receive?How many quotes you want to receive?How many quotes you want to receive?How many quotes you want to receive?How many quotes you want to receive?How', NULL, '9876543210', 16, 'PLUMBER', '2019-04-22 06:37:15', '2019-04-22 06:37:15'),
(101, 5050379155125, 5, NULL, NULL, NULL, 'How many quotes you want to receive?How many quotes you want to receive?How many quotes you want to receive?How many quotes you want to receive?How many quotes you want to receive?How many quotes you want to receive?How many quotes you want to receive?How', NULL, '', 16, 'PLUMBER', '2019-04-22 06:37:15', '2019-04-22 06:37:15'),
(102, 1551096185315, 5, NULL, NULL, NULL, 'How many quotes you want to receive?How many quotes you want to receive?How many quotes you want to receive?How many quotes you want to receive?How many quotes you want to receive?How many quotes you want to receive?How many quotes you want to receive?How', NULL, '9876543210', 16, 'PLUMBER', '2019-04-22 06:37:16', '2019-04-22 06:37:16'),
(103, 5115359906958, 5, NULL, NULL, NULL, 'How many quotes you want to receive?How many quotes you want to receive?How many quotes you want to receive?How many quotes you want to receive?How many quotes you want to receive?How many quotes you want to receive?How many quotes you want to receive?How', NULL, '', 16, 'PLUMBER', '2019-04-22 06:37:16', '2019-04-22 06:37:16'),
(104, 5955151390257, 5, NULL, NULL, NULL, 'How many quotes you want to receive?How many quotes you want to receive?How many quotes you want to receive?How many quotes you want to receive?How many quotes you want to receive?How many quotes you want to receive?How many quotes you want to receive?How', NULL, '9876543210', 16, 'PLUMBER', '2019-04-22 06:37:17', '2019-04-22 06:37:17'),
(105, 5950153159758, 5, NULL, NULL, NULL, 'How many quotes you want to receive?How many quotes you want to receive?How many quotes you want to receive?How many quotes you want to receive?How many quotes you want to receive?How many quotes you want to receive?How many quotes you want to receive?How', NULL, '', 16, 'PLUMBER', '2019-04-22 06:37:17', '2019-04-22 06:37:17'),
(106, 5507193599915, 5, NULL, NULL, NULL, 'How many quotes you want to receive?How many quotes you want to receive?How many quotes you want to receive?How many quotes you want to receive?How many quotes you want to receive?How many quotes you want to receive?How many quotes you want to receive?How', NULL, '', 16, 'PLUMBER', '2019-04-22 06:37:17', '2019-04-22 06:37:17'),
(107, 3451595501599, 5, NULL, NULL, NULL, 'Millions of people use Facebook everyday to keep up with friends, upload an unlimited number of photos, share links and videos, and learn more about the people they meet. Comment Policy: We love your comments, but please be respectful of others.Millions o', NULL, '9876543210', 16, 'PLUMBER', '2019-04-22 06:37:39', '2019-04-22 06:37:39'),
(108, 560510559125, 5, NULL, NULL, NULL, 'Millions of people use Facebook everyday to keep up with friends, upload an unlimited number of photos, share links and videos, and learn more about the people they meet. Comment Policy: We love your comments, but please be respectful of others.Millions o', NULL, '', 16, 'PLUMBER', '2019-04-22 06:37:42', '2019-04-22 06:37:42'),
(109, 5945311551174, 5, NULL, NULL, NULL, 'Millions of people use Facebook everyday to keep up with friends, upload an unlimited number of photos, share links and videos, and learn more about the people they meet. Comment Policy: We love your comments, but please be respectful of others.', NULL, '9876543210', 16, 'PLUMBER', '2019-04-22 06:38:33', '2019-04-22 06:38:33'),
(110, 8516596518115, 5, NULL, NULL, NULL, 'Millions of people use Facebook everyday to keep up with friends, upload an unlimited number of photos, share links and videos, and learn more about the people they meet. Comment Policy: We love your comments, but please be respectful of others.', '{\"pic\":[\"481555915188.jpg\"]}', '', 16, 'PLUMBER', '2019-04-22 06:39:48', '2019-04-22 06:39:48'),
(111, 5154512192531, 5, NULL, NULL, NULL, 'Millions of people use Facebook everyday to keep up with friends, upload an unlimited number of photos, share links and videos, and learn more about the people they meet. Comment Policy: We love your comments, but please be respectful of others.', NULL, '', 16, 'PLUMBER', '2019-04-22 06:40:21', '2019-04-22 06:40:21'),
(112, 3850517515957, 5, '', '[]', '1', 'Millions of people use Facebook everyday to keep up with friends, upload an unlimited number of photos, share links and videos, and learn more about the people they meet. Comment Policy: We love your comments, but please be respectful of others.', NULL, NULL, 16, 'PLUMBER', '2019-04-22 06:43:00', '2019-04-22 06:43:00'),
(113, 5511055985168, 5, 'Sector 79,Sector 66', '[{\"title\":\"Select Sector in Mohali ?\",\"value\":\"\",\"filter\":\"1\",\"type\":\"checkbox\",\"options\":[{\"value\":\"1\",\"label\":\"Sector 79\"},{\"value\":\"2\",\"label\":\"Sector 66\"}]},{\"title\":\"Enter LandMaRK\",\"value\":\"Test\",\"filter\":\"0\",\"type\":\"textbox\"},{\"title\":\"Select that you want to fix ?\",\"value\":\"\",\"filter\":\"0\",\"type\":\"checkbox\",\"options\":[{\"value\":\"q\",\"label\":\"Tap\"},{\"value\":\"w\",\"label\":\"Pipe\"},{\"value\":\"e\",\"label\":\"Bathroom\"},{\"value\":\"r\",\"label\":\"Kitchen\"}]}]', '5', '1. Filter questions are not getting seen http://i.prntscr.com/8eXsmTSNRB_gsyhPjonG_g.png\n\n2. When GU is logged in using ISRAEL id and Send quote wothout checking any checkbox at that time it is showing \"Sorry No Business Found For Selected Service\"  http:', '{\"pic\":[\"771555916058.jpg\"]}', '9876543210', 16, 'PLUMBER', '2019-04-22 06:54:18', '2019-04-22 06:54:18'),
(114, 922265155531, 5, NULL, NULL, NULL, '1. Filter questions are not getting seen http://i.prntscr.com/8eXsmTSNRB_gsyhPjonG_g.png\r\n\r\n2. When GU is logged in using ISRAEL id and Send quote wothout checking any checkbox at that time it is showing \"Sorry No Business Found For Selected Service\"  htt', '{\"pic\":[\"321555916222.jpg\"]}', '9876543210', 16, 'PLUMBER', '2019-04-22 06:57:02', '2019-04-22 06:57:02'),
(115, 565572815919, 5, NULL, NULL, NULL, '1. Filter questions are not getting seen http://i.prntscr.com/8eXsmTSNRB_gsyhPjonG_g.png\r\n\r\n2. When GU is logged in using ISRAEL id and Send quote wothout checking any checkbox at that time it is showing \"Sorry No Business Found For Selected Service\"  htt', '{\"pic\":[\"411555916287.jpg\"]}', '9876543210', 16, 'PLUMBER', '2019-04-22 06:58:07', '2019-04-22 06:58:07'),
(116, 4626651959512, 5, 'Sector 79,Sector 66', '[{\"title\":\"Select Sector in Mohali ?\",\"value\":\"\",\"filter\":\"1\",\"type\":\"checkbox\",\"options\":[{\"value\":\"1\",\"label\":\"Sector 79\"},{\"value\":\"2\",\"label\":\"Sector 66\"}]},{\"title\":\"Enter LandMaRK\",\"value\":\"Test\",\"filter\":\"0\",\"type\":\"textbox\"},{\"title\":\"Select that you want to fix ?\",\"value\":\"\",\"filter\":\"0\",\"type\":\"checkbox\",\"options\":[{\"value\":\"q\",\"label\":\"Tap\"},{\"value\":\"w\",\"label\":\"Pipe\"},{\"value\":\"e\",\"label\":\"Bathroom\"},{\"value\":\"r\",\"label\":\"Kitchen\"}]}]', '1', '1. Filter questions are not getting seen http://i.prntscr.com/8eXsmTSNRB_gsyhPjonG_g.png\n\n2. When GU is logged in using ISRAEL id and Send quote wothout checking any checkbox at that time it is showing \"Sorry No Business Found For Selected Service\"  http:', NULL, NULL, 16, 'PLUMBER', '2019-04-22 07:01:06', '2019-04-22 07:01:06'),
(117, 3961113567555, 5, 'Sector 66', '[{\"title\":\"Select Sector in Mohali ?\",\"value\":\"\",\"filter\":\"1\",\"type\":\"checkbox\",\"options\":[{\"value\":\"2\",\"label\":\"Sector 66\"}]},{\"title\":\"Enter LandMaRK\",\"value\":\"1. Filter questions are not getting seen http:\\/\\/i.prntscr.com\\/8eXsmTSNRB_gsyhPjonG_g.png  2. When GU is logged in using ISRAEL id and Send quote wothout checking any checkbox at that time it is showing \\\"Sorry No Business Found For Selected Service\\\"  http:\\/\\/i.prntscr.com\\/YJTxAMZQSRamuEbR6o7cBw.png  3. Dynamie questions are not displaying http:\\/\\/i.prntscr.com\\/LK7ek-5ySCyzBX3SbxHZCA.png  4. When GU selected 2 BU to send quotes and in \\\"How many quotes you want to receive?\\\" page GU is able to select the radio button to select more quotes to user, which is not fine  http:\\/\\/i.prntscr.com\\/oaV6chE0SCSG_fjBjzbr8Q.png  5. Send quote inside from BU page is not working fine, When user click on VALIDATE or  DON\'t WANT at that time is taking time to show \\\"Your quote request was sent\\\" (Show lader at that time) but when user clicks on CROSS page refreshes and dusplays the same page. http:\\/\\/i.prntscr.com\\/8l6zyfkYSoKVORgq_EtM7Q.png\",\"filter\":\"0\",\"type\":\"textbox\"},{\"title\":\"Select that you want to fix ?\",\"value\":\"\",\"filter\":\"0\",\"type\":\"checkbox\",\"options\":[{\"value\":\"w\",\"label\":\"Pipe\"},{\"value\":\"r\",\"label\":\"Kitchen\"}]}]', '5', 'CodeIgniter is based on the Model-View-Controller (MVC) development pattern.CodeIgniter is based on the Model-View-Controller (MVC) development pattern.', NULL, '9876543210', 16, 'PLUMBER', '2019-04-22 07:02:11', '2019-04-22 07:02:11'),
(118, 5165501191622, 5, 'Sector 66', '[{\"title\":\"Select Sector in Mohali ?\",\"value\":\"\",\"filter\":\"1\",\"type\":\"checkbox\",\"options\":[{\"value\":\"2\",\"label\":\"Sector 66\"}]},{\"title\":\"Enter LandMaRK\",\"value\":\"CodeIgniter is based on the Model-View-Controller (MVC) development pattern.\",\"filter\":\"0\",\"type\":\"textbox\"},{\"title\":\"Select that you want to fix ?\",\"value\":\"\",\"filter\":\"0\",\"type\":\"checkbox\",\"options\":[{\"value\":\"r\",\"label\":\"Kitchen\"}]}]', '3', 'CodeIgniter is based on the Model-View-Controller (MVC) development pattern.CodeIgniter is based on the Model-View-Controller (MVC) development pattern.', '{\"pic\":[\"741555916602.jpg\"]}', '9876543210', 16, 'PLUMBER', '2019-04-22 07:03:22', '2019-04-22 07:03:22'),
(119, 2645966995115, 5, NULL, NULL, NULL, 'CodeIgniter is based on the Model-View-Controller (MVC) development pattern.CodeIgniter is based on the Model-View-Controller (MVC) development pattern.', '{\"pic\":[\"231555916649.jpg\"]}', '9876543210', 16, 'PLUMBER', '2019-04-22 07:04:09', '2019-04-22 07:04:09'),
(120, 8145075911538, 5, 'Sector 79,Sector 66', '[{\"title\":\"Select Sector in Mohali ?\",\"value\":\"\",\"filter\":\"1\",\"type\":\"checkbox\",\"options\":[{\"value\":\"1\",\"label\":\"Sector 79\"},{\"value\":\"2\",\"label\":\"Sector 66\"}]},{\"title\":\"Enter LandMaRK\",\"value\":\"CodeIgniter is based on the Model-View-Controller (MVC) development pattern.\",\"filter\":\"0\",\"type\":\"textbox\"},{\"title\":\"Select that you want to fix ?\",\"value\":\"\",\"filter\":\"0\",\"type\":\"checkbox\",\"options\":[{\"value\":\"w\",\"label\":\"Pipe\"},{\"value\":\"e\",\"label\":\"Bathroom\"}]}]', '5', 'HP is a complex language that has suffered years of twists, bends, stretches, and hacks. Its highly inconsistent and sometimes buggy. Each version has its own unique features, warts, and quirks, and its hard to keep track of what version has what proble', '{\"pic\":[\"961555917018.jpg\"]}', '9876543210', 16, 'PLUMBER', '2019-04-22 07:10:18', '2019-04-22 07:10:18'),
(121, 9570951515907, 5, 'Sector 66', '[{\"title\":\"Select Sector in Mohali ?\",\"value\":\"\",\"filter\":\"1\",\"type\":\"checkbox\",\"options\":[{\"value\":\"2\",\"label\":\"Sector 66\"}]},{\"title\":\"Enter LandMaRK\",\"value\":\"f\",\"filter\":\"0\",\"type\":\"textbox\"},{\"title\":\"Select that you want to fix ?\",\"value\":\"\",\"filter\":\"0\",\"type\":\"checkbox\",\"options\":[{\"value\":\"e\",\"label\":\"Bathroom\"},{\"value\":\"r\",\"label\":\"Kitchen\"}]}]', '1', 'HP is a complex language that has suffered years of twists, bends, stretches, and hacks. Its highly inconsistent and sometimes buggy. Each version has its own unique features, warts, and quirks, and its hard to keep track of what version has what proble', NULL, NULL, 16, 'PLUMBER', '2019-04-22 07:10:50', '2019-04-22 07:10:50'),
(122, 9655181457970, 5, NULL, NULL, NULL, 'HP is a complex language that has suffered years of twists, bends, stretches, and hacks. Its highly inconsistent and sometimes buggy. Each version has its own unique features, warts, and quirks, and its hard to keep track of what version has what proble', NULL, '9876543210', 16, 'PLUMBER', '2019-04-22 07:11:14', '2019-04-22 07:11:14'),
(123, 7179528615558, 1, NULL, NULL, NULL, 'this is description this is description this is description this is description this is description this is description this is description this is description this is description this is description this is description this is description this is descrip', NULL, '98765432213', 12, 'Electrician', '2019-04-22 07:37:52', '2019-04-22 07:37:52'),
(124, 4250585891158, 1, NULL, NULL, NULL, 'this is desvthis is desvthis is desvthis is desvthis is desvthis is desvthis is desvthis is desvthis is desvthis is desvthis is desvthis is desvthis is desvthis is desvthis is desvthis is desvthis is desvthis is desvthis is desvthis is desvthis is desvthi', NULL, '98765432213', 12, 'Electrician', '2019-04-22 07:40:45', '2019-04-22 07:40:45'),
(125, 4255251159291, 1, NULL, NULL, NULL, 'yesPleaseyesPleaseyesPleaseyesPleaseyesPleaseyesPleaseyesPleaseyesPleaseyesPleaseyesPleaseyesPleaseyesPleaseyesPleaseyesPleaseyesPleaseyesPleaseyesPleaseyesPleaseyesPleaseyesPleaseyesPleaseyesPleaseyesPleaseyesPleaseyesPleaseyesPleaseyesPleaseyesPleaseyes', NULL, '98765432213', 12, 'Electrician', '2019-04-22 07:47:05', '2019-04-22 07:47:05'),
(126, 9699171152553, 1, NULL, NULL, NULL, 'desc desc desc desc desc desc desc desc desc desc desc desc desc desc desc desc desc desc desc desc desc desc desc desc desc desc desc desc desc desc desc desc desc desc desc desc desc desc desc desc desc desc desc desc desc desc desc desc ', NULL, '98765432213', 12, 'Electrician', '2019-04-22 07:48:32', '2019-04-22 07:48:32'),
(127, 1119597550915, 1, NULL, NULL, NULL, 'close_single_quoteclose_single_quoteclose_single_quoteclose_single_quoteclose_single_quoteclose_single_quoteclose_single_quoteclose_single_quoteclose_single_quoteclose_single_quoteclose_single_quoteclose_single_quoteclose_single_quoteclose_single_quoteclo', NULL, '98765432213', 12, 'Electrician', '2019-04-22 07:58:30', '2019-04-22 07:58:30'),
(128, 6550562061955, 1, NULL, NULL, NULL, 'close_single_quoteclose_single_quoteclose_single_quoteclose_single_quoteclose_single_quoteclose_single_quoteclose_single_quoteclose_single_quoteclose_single_quoteclose_single_quoteclose_single_quoteclose_single_quoteclose_single_quoteclose_single_quote', NULL, '', 12, 'Electrician', '2019-04-22 08:00:56', '2019-04-22 08:00:56'),
(129, 7959550182021, 5, 'Sector 79,Sector 66', '[{\"title\":\"Select Sector in Mohali ?\",\"value\":\"\",\"filter\":\"1\",\"type\":\"checkbox\",\"options\":[{\"value\":\"1\",\"label\":\"Sector 79\"},{\"value\":\"2\",\"label\":\"Sector 66\"}]},{\"title\":\"Enter LandMaRK\",\"value\":\"h\",\"filter\":\"0\",\"type\":\"textbox\"},{\"title\":\"Select that you want to fix ?\",\"value\":\"\",\"filter\":\"0\",\"type\":\"checkbox\",\"options\":[{\"value\":\"q\",\"label\":\"Tap\"},{\"value\":\"w\",\"label\":\"Pipe\"}]}]', '2', 'Whoops,Whoops, looks like something went wrong.Whoops, looks like something went wrong. looks like something went wrong.', NULL, '9876543210', 16, 'PLUMBER', '2019-04-22 08:13:30', '2019-04-22 08:13:30'),
(130, 3509528129513, 5, NULL, NULL, NULL, 'Whoops, looks like something went wrong.Whoops, looks like something went wrong.Whoops, looks like something went wrong.Whoops, looks like something went wrong.Whoops, looks like something went wrong.', '{\"pic\":[\"571555920832.jpg\"]}', '9876543210', 16, 'PLUMBER', '2019-04-22 08:13:52', '2019-04-22 08:13:52'),
(131, 7144197156525, 5, NULL, NULL, NULL, 'Whoops, looks like something went wrong.Whoops, looks like something went wrong.Whoops, looks like something went wrong.Whoops, looks like something went wrong.', NULL, '9876543210', 16, 'PLUMBER', '2019-04-22 08:24:37', '2019-04-22 08:24:37'),
(132, 1544539550719, 3, NULL, NULL, NULL, 'dfdfgdfgsdf fddsf sdfsf sdfsdf  dfg dfg dfgd fdfdfgdfgsdf fddsf sdfsf sdfsdf  dfg dfg dfgd fdfdfgdfgsdf fddsf sdfsf sdfsdf  dfg dfg dfgd fdfdfgdfgsdf fddsf sdfsf sdfsdf  dfg dfg dfgd f', NULL, '', 35, 'Linux', '2019-04-22 11:11:15', '2019-04-22 11:11:15'),
(133, 6317592135534, 3, NULL, NULL, NULL, 'fdsfdsfsdf sdf sffdsfdsfsdf sdf sffdsfdsfsdf sdf sffdsfdsfsdf sdf sffdsfdsfsdf sdf sffdsfdsfsdf sdf sffdsfdsfsdf sdf sffdsfdsfsdf sdf sffdsfdsfsdf sdf sffdsfdsfsdf sdf sffdsfdsfsdf sdf sffdsfdsfsdf sdf sffdsfdsfsdf sdf sffdsfdsfsdf sdf sf', NULL, '', 35, 'Linux', '2019-04-22 11:15:43', '2019-04-22 11:15:43'),
(134, 5112551652193, 1, 'Sector 66', '[{\"title\":\"Select Service in Mohali ?\",\"value\":\"\",\"filter\":\"1\",\"type\":\"checkbox\",\"options\":[{\"value\":\"2\",\"label\":\"Sector 66\"}]},{\"title\":\"Enter Landmark\",\"value\":\"sdsd\",\"filter\":\"0\",\"type\":\"textbox\"},{\"title\":\"Type of connection you want to fix ?\",\"q_id\":\"51\",\"options\":[{\"value\":\"2\",\"label\":\"2\"}],\"filter\":\"0\",\"type\":\"radio\"}]', '3', 'daiapp-admin/iapp-admin/iapp-admin/iapp-admin/iapp-admin/iapp-admin/iapp-admin/iapp-admin/iapp-admin/iapp-admin/iapp-admin/iapp-admin/iapp-admin/iapp-admin/iapp-admin/iapp-admin/', NULL, '98765432213', 12, 'Electrician', '2019-04-22 11:23:31', '2019-04-22 11:23:31'),
(135, 751295295123, 1, NULL, NULL, NULL, 'iapp-admin/iapp-admin/iapp-admin/iapp-admin/iapp-admin/iapp-admin/iapp-admin/iapp-admin/iapp-admin/iapp-admin/iapp-admin/iapp-admin/iapp-admin/iapp-admin/iapp-admin/iapp-admin/iapp-admin/iapp-admin/iapp-admin/', NULL, '98765432213', 12, 'Electrician', '2019-04-22 11:23:47', '2019-04-22 11:23:47'),
(136, 9145335235354, 1, 'Sector 79', '[{\"title\":\"Select services in the sector ?\",\"value\":\"\",\"filter\":\"1\",\"type\":\"checkbox\",\"options\":[{\"value\":\"1\",\"label\":\"Sector 79\"}]},{\"title\":\"What purpose you are looking for service ?\",\"q_id\":\"59\",\"options\":[{\"value\":\"2\",\"label\":\"Out_Door\"}],\"filter\":\"0\",\"type\":\"radio\"},{\"title\":\"Select purpose ?\",\"value\":\"\",\"filter\":\"0\",\"type\":\"checkbox\",\"options\":[{\"value\":\"1\",\"label\":\"Chloe_Remover\"}]}]', '4', 'DescribeDescribeDescribeDescribeDescribeDescribeDescribeDescribeDescribeDescribeDescribeDescribeDescribeDescribeDescribeDescribeDescribeDescribeDescribeDescribeDescribeDescribeDescribeDescribeDescribeDescribeDescribeDescribeDescribeDescribeDescribeDescrib', NULL, '98765432213', 29, 'Samsung_Helpers', '2019-04-22 11:42:03', '2019-04-22 11:42:03'),
(137, 6531533398501, 1, 'Sector 79', '[{\"title\":\"Select services in the sector ?\",\"value\":\"\",\"filter\":\"1\",\"type\":\"checkbox\",\"options\":[{\"value\":\"1\",\"label\":\"Sector 79\"}]},{\"title\":\"What purpose you are looking for service ?\",\"q_id\":\"59\",\"options\":[{\"value\":\"2\",\"label\":\"Out_Door\"}],\"filter\":\"0\",\"type\":\"radio\"},{\"title\":\"Select purpose ?\",\"value\":\"\",\"filter\":\"0\",\"type\":\"checkbox\",\"options\":[{\"value\":\"1\",\"label\":\"Chloe_Remover\"}]}]', '4', 'DescribeDescribeDescribeDescribeDescribeDescribeDescribeDescribeDescribeDescribeDescribeDescribeDescribeDescribeDescribeDescribeDescribeDescribeDescribeDescribeDescribeDescribeDescribeDescribeDescribeDescribeDescribeDescribeDescribeDescribeDescribeDescrib', NULL, '98765432213', 29, 'Samsung_Helpers', '2019-04-22 11:42:43', '2019-04-22 11:42:43'),
(138, 3895335715635, 1, 'Sector 79', '[{\"title\":\"Select services in the sector ?\",\"value\":\"\",\"filter\":\"1\",\"type\":\"checkbox\",\"options\":[{\"value\":\"1\",\"label\":\"Sector 79\"}]},{\"title\":\"What purpose you are looking for service ?\",\"q_id\":\"59\",\"options\":[{\"value\":\"2\",\"label\":\"Out_Door\"}],\"filter\":\"0\",\"type\":\"radio\"},{\"title\":\"Select purpose ?\",\"value\":\"\",\"filter\":\"0\",\"type\":\"checkbox\",\"options\":[{\"value\":\"1\",\"label\":\"Chloe_Remover\"}]}]', '4', 'DescribeDescribeDescribeDescribeDescribeDescribeDescribeDescribeDescribeDescribeDescribeDescribeDescribeDescribeDescribeDescribeDescribeDescribeDescribeDescribeDescribeDescribeDescribeDescribeDescribeDescribeDescribeDescribeDescribeDescribeDescribeDescrib', NULL, NULL, 29, 'Samsung_Helpers', '2019-04-22 11:43:07', '2019-04-22 11:43:07'),
(139, 884434513955, 1, 'Sector 79', '[{\"title\":\"Select services in the sector ?\",\"value\":\"\",\"filter\":\"1\",\"type\":\"checkbox\",\"options\":[{\"value\":\"1\",\"label\":\"Sector 79\"}]},{\"title\":\"What purpose you are looking for service ?\",\"q_id\":\"59\",\"options\":[{\"value\":\"2\",\"label\":\"Out_Door\"}],\"filter\":\"0\",\"type\":\"radio\"},{\"title\":\"Select purpose ?\",\"value\":\"\",\"filter\":\"0\",\"type\":\"checkbox\",\"options\":[{\"value\":\"1\",\"label\":\"Chloe_Remover\"}]}]', '4', 'DescribeDescribeDescribeDescribeDescribeDescribeDescribeDescribeDescribeDescribeDescribeDescribeDescribeDescribeDescribeDescribeDescribeDescribeDescribeDescribeDescribeDescribeDescribeDescribeDescribeDescribeDescribeDescribeDescribeDescribeDescribeDescrib', NULL, '98765432213', 29, 'Samsung_Helpers', '2019-04-22 11:50:44', '2019-04-22 11:50:44'),
(140, 957355860113, 1, 'Sector 79', '[{\"title\":\"Select services in the sector ?\",\"value\":\"\",\"filter\":\"1\",\"type\":\"checkbox\",\"options\":[{\"value\":\"1\",\"label\":\"Sector 79\"}]},{\"title\":\"What purpose you are looking for service ?\",\"q_id\":\"59\",\"options\":[{\"value\":\"2\",\"label\":\"Out_Door\"}],\"filter\":\"0\",\"type\":\"radio\"},{\"title\":\"Select purpose ?\",\"value\":\"\",\"filter\":\"0\",\"type\":\"checkbox\",\"options\":[{\"value\":\"3\",\"label\":\"Purse_Cleaner\"}]}]', '4', 'Describe your work\nDescribe your work\nDescribe your work\nDescribe your work\nDescribe your work\nDescribe your work\nDescribe your work\nDescribe your work\nDescribe your work\nDescribe your work\nDescribe your work\nDescribe your work\nDescribe your work\nDescribe', NULL, '98765432213', 29, 'Samsung_Helpers', '2019-04-22 11:51:10', '2019-04-22 11:51:10'),
(141, 9145313655398, 10, '64X', '[{\"title\":\"\",\"q_id\":\"66\",\"options\":[{\"value\":\"2\",\"label\":\"64X\"}],\"filter\":\"1\",\"type\":\"radio\"}]', '5', 'At Website.com, we believe everyone deserves to have a website or online store. Innovation and simplicity makes us happy: our goal is to remove any technical or financial barriers that can prevent business owners from making their own website. We\'re excit', NULL, '7412589630', 34, 'Windows', '2019-04-22 13:27:18', '2019-04-22 13:27:18');

-- --------------------------------------------------------

--
-- Table structure for table `yp_hashtag`
--

CREATE TABLE `yp_hashtag` (
  `id` int(10) UNSIGNED NOT NULL,
  `hashtag_id` bigint(20) NOT NULL,
  `hashtag_name` varchar(255) COLLATE utf8mb4_unicode_ci DEFAULT NULL,
  `hashtag_status` int(11) NOT NULL DEFAULT '1',
  `created_at` timestamp NOT NULL DEFAULT CURRENT_TIMESTAMP,
  `updated_at` timestamp NOT NULL DEFAULT CURRENT_TIMESTAMP ON UPDATE CURRENT_TIMESTAMP
) ENGINE=InnoDB DEFAULT CHARSET=utf8mb4 COLLATE=utf8mb4_unicode_ci;

--
-- Dumping data for table `yp_hashtag`
--

INSERT INTO `yp_hashtag` (`id`, `hashtag_id`, `hashtag_name`, `hashtag_status`, `created_at`, `updated_at`) VALUES
(14, 3514515856514, ' \'', 1, '2019-04-21 13:47:31', '2019-04-21 13:47:31'),
(15, 5845516154459, ' 24/7', 1, '2019-04-21 13:47:44', '2019-04-21 13:47:44'),
(16, 1437525595841, ' ', 1, '2019-04-21 13:47:52', '2019-04-21 13:47:52');

-- --------------------------------------------------------

--
-- Table structure for table `yp_ques_jumps`
--

CREATE TABLE `yp_ques_jumps` (
  `id` int(10) UNSIGNED NOT NULL,
  `q_id` int(11) NOT NULL,
  `operator` int(11) NOT NULL COMMENT '1 is =,2 is !=,3 is >,4 is <',
  `value` text COLLATE utf8mb4_unicode_ci NOT NULL,
  `jump_to` varchar(100) COLLATE utf8mb4_unicode_ci NOT NULL,
  `created_at` timestamp NOT NULL DEFAULT CURRENT_TIMESTAMP,
  `updated_at` timestamp NOT NULL DEFAULT CURRENT_TIMESTAMP ON UPDATE CURRENT_TIMESTAMP
) ENGINE=InnoDB DEFAULT CHARSET=utf8mb4 COLLATE=utf8mb4_unicode_ci;

-- --------------------------------------------------------

--
-- Table structure for table `yp_users`
--

CREATE TABLE `yp_users` (
  `id` int(10) UNSIGNED NOT NULL,
  `user_id` bigint(20) NOT NULL,
  `first_name` varchar(255) COLLATE utf8mb4_unicode_ci DEFAULT NULL,
  `last_name` varchar(255) COLLATE utf8mb4_unicode_ci DEFAULT NULL,
  `city` varchar(255) COLLATE utf8mb4_unicode_ci DEFAULT NULL,
  `country` varchar(255) COLLATE utf8mb4_unicode_ci DEFAULT NULL,
  `state` varchar(255) COLLATE utf8mb4_unicode_ci DEFAULT NULL,
  `email` varchar(255) COLLATE utf8mb4_unicode_ci NOT NULL,
  `password` varchar(255) COLLATE utf8mb4_unicode_ci NOT NULL,
  `phone_number` int(11) NOT NULL,
  `image` varchar(255) COLLATE utf8mb4_unicode_ci DEFAULT NULL,
  `logitude` varchar(255) COLLATE utf8mb4_unicode_ci DEFAULT NULL,
  `latitude` varchar(255) COLLATE utf8mb4_unicode_ci DEFAULT NULL,
  `remember_token` varchar(255) COLLATE utf8mb4_unicode_ci DEFAULT NULL,
  `created_at` timestamp NOT NULL DEFAULT CURRENT_TIMESTAMP,
  `updated_at` timestamp NOT NULL DEFAULT CURRENT_TIMESTAMP ON UPDATE CURRENT_TIMESTAMP
) ENGINE=InnoDB DEFAULT CHARSET=utf8mb4 COLLATE=utf8mb4_unicode_ci;

-- --------------------------------------------------------

--
-- Table structure for table `yp_user_reviews`
--

CREATE TABLE `yp_user_reviews` (
  `id` int(10) UNSIGNED NOT NULL,
  `business_id` int(10) UNSIGNED NOT NULL,
  `general_id` int(10) UNSIGNED NOT NULL,
  `quote_id` int(10) UNSIGNED NOT NULL,
  `review` varchar(255) COLLATE utf8mb4_unicode_ci DEFAULT NULL,
  `rating` int(11) DEFAULT NULL,
  `user_type` varchar(255) COLLATE utf8mb4_unicode_ci DEFAULT NULL COMMENT 'Review by which user type',
  `created_at` timestamp NOT NULL DEFAULT CURRENT_TIMESTAMP,
  `updated_at` timestamp NOT NULL DEFAULT CURRENT_TIMESTAMP ON UPDATE CURRENT_TIMESTAMP
) ENGINE=InnoDB DEFAULT CHARSET=utf8mb4 COLLATE=utf8mb4_unicode_ci;

--
-- Dumping data for table `yp_user_reviews`
--

INSERT INTO `yp_user_reviews` (`id`, `business_id`, `general_id`, `quote_id`, `review`, `rating`, `user_type`, `created_at`, `updated_at`) VALUES
(1, 26, 1, 1, 'Review Review Review Review Review Review Review Review Review Review Review Review Review Review Review Review Review Review Review Review Review Review Review Review Review ', 1, 'general', '2019-03-27 11:09:00', '2019-03-27 11:09:00'),
(2, 26, 1, 1, 'okay okay okay okay okay okay okay okay okay okay okay okay okay okay okay okay okay okay okay okay okay okay okay ', 3, 'business', '2019-03-27 11:09:21', '2019-03-27 11:09:21'),
(3, 26, 1, 2, 'Good work. Good work. Good work. Good work. Good work. Good work. Good work. Good work. Good work. Good work. Good work. Good work. Good work. Good work. Good work. Good work. ', 5, 'general', '2019-03-27 11:56:56', '2019-03-27 11:56:56'),
(4, 26, 5, 4, 'Test For BEstFootwear refers to garments worn on the feet, which originally serves to purpose of protection against adversities of the environment, usually regarding ground textures and temperature. Footwear in the manner of shoes therefore primarily serv', 5, 'general', '2019-03-28 05:40:33', '2019-03-28 05:40:33'),
(5, 26, 5, 4, 'You will be able to view how the business rated and reviewed you after both of you will submit your reviews.\r\nYou will be able to view how the business rated and reviewed you after both of you will submit your reviews.\r\nYou will be able to view how the bu', 3, 'business', '2019-03-28 05:46:54', '2019-03-28 05:46:54'),
(6, 26, 5, 5, 'Footwear refers to garments worn on the feet, which originally serves to purpose of protection against adversities of the environment, usually regarding ground textures and temperature. Footwear in the manner of shoes therefore primarily serves the purpos', 2, 'general', '2019-03-28 05:55:26', '2019-03-28 05:55:26'),
(7, 26, 5, 5, 'Footwear refers to garments worn on the feet, which originally serves to purpose of protection against adversities of the environment, usually regarding ground textures and temperature. Footwear in the manner of shoes therefore primarily serves the purpos', 1, 'business', '2019-03-28 05:56:40', '2019-03-28 05:56:40'),
(8, 26, 5, 8, 'Woodland\'s parent company, Aero Group, has been a well known name in the outdoor shoe industry since the early 50s. Founded in Quebec, Canada, it entered the Indian market in 1992. Before that, Aero Group was majorly exporting its leather shoes to USSR. A', 1, 'general', '2019-03-28 06:35:23', '2019-03-28 06:35:23'),
(9, 26, 5, 8, 'Woodland\'s parent company, Aero Group, has been a well known name in the outdoor shoe industry since the early 50s. Founded in Quebec, Canada, it entered the Indian market in 1992. Before that, Aero Group was majorly exporting its leather shoes to USSR. A', 5, 'business', '2019-03-28 06:36:50', '2019-03-28 06:36:50'),
(10, 26, 5, 9, 'Woodland\'s parent company, Aero Group, has been a well known name in the outdoor shoe industry since the early 50s. Founded in Quebec, Canada, it entered the Indian market in 1992. Before that, Aero Group was majorly exporting its leather shoes to USSR. A', 5, 'general', '2019-03-28 06:42:01', '2019-03-28 06:42:13'),
(11, 26, 5, 9, 'Test\r\n\r\nWoodland\'s parent company, Aero Group, has been a well known name in the outdoor shoe industry since the early 50s. Founded in Quebec, Canada, it entered the Indian market in 1992. Before that, Aero Group was majorly exporting its leather shoes to', 5, 'business', '2019-03-28 06:45:19', '2019-03-28 06:45:19'),
(12, 24, 5, 11, 'Woodland\'s parent company, Aero Group, has been a well known name in the outdoor shoe industry since the early 50s. Founded in Quebec, Canada, it entered the Indian market in 1992. Before that, Aero Group was majorly exporting its leather shoes to USSR. A', 5, 'general', '2019-03-28 06:51:39', '2019-03-28 06:51:39'),
(13, 24, 5, 11, 'Woodland\'s parent company, Aero Group, has been a well known name in the outdoor shoe industry since the early 50s. Founded in Quebec, Canada, it entered the Indian market in 1992. Before that, Aero Group was majorly exporting its leather shoes to USSR. A', 1, 'business', '2019-03-28 06:52:55', '2019-03-28 06:52:55'),
(14, 24, 5, 12, 'Woodland\'s parent company, Aero Group, has been a well known name in the outdoor shoe industry since the early 50s. Founded in Quebec, Canada, it entered the Indian market in 1992. Before that, Aero Group was majorly exporting its leather shoes to USSR. A', 1, 'general', '2019-03-28 06:59:37', '2019-03-28 06:59:37'),
(15, 26, 5, 10, 'Woodland\'s parent company, Aero Group, has been a well known name in the outdoor shoe industry since the early 50s. Founded in Quebec, Canada, it entered the Indian market in 1992. Before that, Aero Group was majorly exporting its leather shoes to USSR. A', 1, 'general', '2019-03-28 07:01:37', '2019-03-28 07:01:37'),
(16, 26, 5, 10, 'Woodland\'s parent company, Aero Group, has been a well known name in the outdoor shoe industry since the early 50s. Founded in Quebec, Canada, it entered the Indian market in 1992. Before that, Aero Group was majorly exporting its leather shoes to USSR. A', 1, 'business', '2019-03-28 07:07:43', '2019-03-28 07:07:43'),
(17, 24, 5, 12, 'Woodland\'s parent company, Aero Group, has been a well known name in the outdoor shoe industry since the early 50s. Founded in Quebec, Canada, it entered the Indian market in 1992. Before that, Aero Group was majorly exporting its leather shoes to USSR. A', 5, 'business', '2019-03-28 07:08:14', '2019-03-28 07:08:14'),
(18, 26, 5, 14, 'Footwear refers to garments worn on the feet, which originally serves to purpose of protection against adversities of the environment, usually regarding ground textures and temperature. Footwear in the manner of shoes therefore primarily serves the purpos', 5, 'general', '2019-03-28 07:21:53', '2019-03-28 07:21:53'),
(19, 26, 5, 15, 'Testhttps://yesplease.iapplabz.co.in/business_user/quoted_accepted/14/3Woodland\'s parent company, Aero Group, has been a well known name in the outdoor shoe industry since the early 50s. Founded in Quebec, Canada, it entered the Indian market in 1992. Bef', 4, 'general', '2019-03-28 07:53:50', '2019-03-28 07:53:50'),
(20, 26, 5, 14, 'Woodland\'s parent company, Aero Group, has been a well known name in the outdoor shoe industry since the early 50s. Founded in Quebec, Canada, it entered the Indian market in 1992. Before that, Aero Group was majorly exporting its leather shoes to USSR. A', 5, 'business', '2019-03-28 07:54:34', '2019-03-28 07:54:34'),
(21, 26, 5, 15, 'Woodland\'s parent company, Aero Group, has been a well known name in the outdoor shoe industry since the early 50s. Founded in Quebec, Canada, it entered the Indian market in 1992. Before that, Aero Group was majorly exporting its leather shoes to USSR. A', 1, 'business', '2019-03-28 07:54:50', '2019-03-28 07:54:50'),
(22, 26, 5, 13, 'Gernal Dogr Home/Quotes and Questions/ PLUMBER/Review Kalonji\r\nKalonji\r\nYou will be able to view how the business rated and reviewed yo', 5, 'general', '2019-03-28 09:21:02', '2019-03-28 09:21:02'),
(23, 26, 5, 17, 'hhhhhhhhhhhhhhhhhhhhhhhhhhhhhhhhhhhhhhhhhhhhhhhhhhh', 4, 'general', '2019-03-28 10:00:44', '2019-03-28 10:09:44'),
(24, 26, 5, 18, 'your_quote_des {\r\n    padding-bottom: 40px;\r\n    display: inline-block;\r\n    margin-top: 40px;\r\n    word-break: break-all;your_quote_des {\r\n    padding-bottom: 40px;\r\n    display: inline-block;\r\n    margin-top: 40px;\r\n    word-break: break-all;', 4, 'general', '2019-03-28 10:26:08', '2019-03-28 10:26:08'),
(25, 26, 5, 18, 'your_quote_des {\r\n    padding-bottom: 40px;\r\n    display: inline-block;\r\n    margin-top: 40px;\r\n    word-break: break-all;your_quote_des {\r\n    padding-bottom: 40px;\r\n    display: inline-block;\r\n    margin-top: 40px;\r\n    word-break: break-all;your_quote_', 5, 'business', '2019-03-28 10:27:05', '2019-03-28 10:27:05'),
(26, 16, 5, 38, 'reviewreviewreviewreviewreviewreviewreviewreviewreviewreviewreviewreviewreviewreviewreviewreviewreviewreviewreviewreviewreviewreviewreviewreviewreviewreviewreviewreviewreviewreviewreviewreview', 5, 'general', '2019-04-03 05:53:23', '2019-04-03 05:53:23'),
(27, 16, 5, 38, 'Write your reviewWrite your reviewWrite your reviewWrite your reviewWrite your reviewWrite your reviewWrite your review', 4, 'business', '2019-04-03 06:12:34', '2019-04-03 06:12:34'),
(28, 16, 5, 35, 'Plumber_InCityPlumber_InCityPlumber_InCityPlumber_InCityPlumber_InCityPlumber_InCityPlumber_InCityPlumber_InCityPlumber_InCityPlumber_InCityPlumber_InCityPlumber_InCityPlumber_InCityPlumber_InCity', 5, 'general', '2019-04-03 06:15:37', '2019-04-03 06:15:37'),
(29, 16, 5, 35, 'your Gernal DograGernal DograGernal DograGernal DograGernal DograGernal DograGernal DograGernal DograGernal DograGernal DograGernal DograGernal DograGernal DograGernal DograGernal DograGernal DograGernal DograGernal DograGernal DograGernal DograGernal Dog', 4, 'business', '2019-04-03 06:18:39', '2019-04-03 06:18:39'),
(30, 16, 5, 33, 'Plumber_InCityPlumber_InCityPlumber_InCityPlumber_InCityPlumber_InCityPlumber_InCityPlumber_InCityPlumber_InCityPlumber_InCityPlumber_InCityPlumber_InCityPlumber_InCityPlumber_InCityPlumber_InCityPlumber_InCityPlumber_InCity', 2, 'general', '2019-04-03 06:19:47', '2019-04-03 06:19:47'),
(31, 16, 5, 33, 'Gernal DograGernal DograGernal DograGernal DograGernal DograGernal DograGernal DograGernal DograGernal DograGernal DograGernal DograGernal DograGernal DograGernal Dograv', 3, 'business', '2019-04-03 06:20:10', '2019-04-03 06:20:10'),
(32, 31, 5, 42, 'PLUMBER Quotes : 5347212852441\r\nNEW\r\n03/04/2019\r\nSelect Sector in Mohali ? : Sector 66, Mobile Number: 9876543210\r\nDescribeDescribeDescribeDescribeDescribeDescribeDescribeDescribeDescribeDescribeDescribeDescribeDescription must be betDescription must be b', 5, 'general', '2019-04-03 13:30:33', '2019-04-03 13:30:33'),
(33, 31, 5, 42, 'PLUMBER Quotes : 5347212852441\r\nNEW\r\n03/04/2019\r\nSelect Sector in Mohali ? : Sector 66, Mobile Number: 9876543210\r\nDescribeDescribeDescribeDescribeDescribeDescribeDescribeDescribeDescribeDescribeDescribeDescribeDescription must be betDescription must be b', 5, 'business', '2019-04-03 13:31:03', '2019-04-03 13:31:03'),
(34, 31, 5, 56, 'Partner App Program is an exclusive service for Samsung Health that allows users to discover engaging health and fitness apps. To enable data exchange between your app and Samsung Health, please apply for the Partner App Program. Approved partner apps are', 1, 'general', '2019-04-04 06:08:20', '2019-04-04 06:08:20'),
(35, 31, 5, 56, 'Partner App Program is an exclusive service for Samsung Health that allows users to discover engaging health and fitness apps. To enable data exchange between your app and Samsung Health, please apply for the Partner App Program. Approved partner apps are', 5, 'business', '2019-04-04 06:09:25', '2019-04-04 06:09:25'),
(36, 31, 5, 57, 'Partner App Program is an exclusive service for Samsung Health that allows users to discover engaging health and fitness apps. To enable data exchange between your app and Samsung Health, please apply for the Partner App Program. Approved partner apps are', 5, 'general', '2019-04-04 07:06:37', '2019-04-04 07:06:37'),
(37, 31, 5, 57, 'Partner App Program is an exclusive service for Samsung Health that allows users to discover engaging health and fitness apps. To enable data exchange between your app and Samsung Health, please apply for the Partner App Program. Approved partner apps are', 5, 'business', '2019-04-04 07:06:59', '2019-04-04 07:06:59');

-- --------------------------------------------------------

--
-- Table structure for table `yp_verfication_business_users`
--

CREATE TABLE `yp_verfication_business_users` (
  `id` int(10) UNSIGNED NOT NULL,
  `b_id` int(10) UNSIGNED NOT NULL,
  `business_user_id` varchar(255) COLLATE utf8mb4_unicode_ci DEFAULT NULL,
  `uploaded_files` text COLLATE utf8mb4_unicode_ci,
  `business_id` varchar(255) COLLATE utf8mb4_unicode_ci DEFAULT NULL,
  `admin_verified_status` varchar(255) COLLATE utf8mb4_unicode_ci DEFAULT '0',
  `created_at` timestamp NOT NULL DEFAULT CURRENT_TIMESTAMP,
  `updated_at` timestamp NOT NULL DEFAULT CURRENT_TIMESTAMP ON UPDATE CURRENT_TIMESTAMP
) ENGINE=InnoDB DEFAULT CHARSET=utf8mb4 COLLATE=utf8mb4_unicode_ci;

--
-- Dumping data for table `yp_verfication_business_users`
--

INSERT INTO `yp_verfication_business_users` (`id`, `b_id`, `business_user_id`, `uploaded_files`, `business_id`, `admin_verified_status`, `created_at`, `updated_at`) VALUES
(1, 26, '3012405375575', '{\"pic\":[\"691553759069.png\",\"931553759333.jpg\",\"0bfe1182dabb4464a6fd977c06f8d32e_1472016116.png\",\"461553759511.png\",\"be6cbd80b141486a901f0b4ce2bf14c1_447234656.png\"]}', 't', '1', '2019-03-28 07:44:29', '2019-03-28 07:51:52');

--
-- Indexes for dumped tables
--

--
-- Indexes for table `migrations`
--
ALTER TABLE `migrations`
  ADD PRIMARY KEY (`id`);

--
-- Indexes for table `password_resets`
--
ALTER TABLE `password_resets`
  ADD KEY `password_resets_email_index` (`email`);

--
-- Indexes for table `users`
--
ALTER TABLE `users`
  ADD PRIMARY KEY (`id`),
  ADD UNIQUE KEY `users_email_unique` (`email`);

--
-- Indexes for table `yp_admins`
--
ALTER TABLE `yp_admins`
  ADD PRIMARY KEY (`id`),
  ADD UNIQUE KEY `yp_admins_email_unique` (`email`);

--
-- Indexes for table `yp_business_categories`
--
ALTER TABLE `yp_business_categories`
  ADD PRIMARY KEY (`id`),
  ADD KEY `super_cat_id` (`super_cat_id`);

--
-- Indexes for table `yp_business_details`
--
ALTER TABLE `yp_business_details`
  ADD PRIMARY KEY (`id`),
  ADD KEY `yp_business_details_b_id_index` (`b_id`);

--
-- Indexes for table `yp_business_products`
--
ALTER TABLE `yp_business_products`
  ADD PRIMARY KEY (`id`),
  ADD KEY `yp_business_products_product_id_index` (`product_id`),
  ADD KEY `yp_business_products_business_id_index` (`business_id`),
  ADD KEY `yp_business_products_category_id_index` (`category_id`),
  ADD KEY `yp_business_products_sub_category_id_index` (`sub_category_id`);

--
-- Indexes for table `yp_business_selected_services`
--
ALTER TABLE `yp_business_selected_services`
  ADD PRIMARY KEY (`id`),
  ADD KEY `yp_business_selected_services_business_id_index` (`business_id`),
  ADD KEY `yp_business_selected_services_cat_id_index` (`cat_id`);

--
-- Indexes for table `yp_business_sub_categories`
--
ALTER TABLE `yp_business_sub_categories`
  ADD PRIMARY KEY (`id`),
  ADD KEY `yp_business_sub_categories_cat_id_index` (`cat_id`);

--
-- Indexes for table `yp_business_super_categories`
--
ALTER TABLE `yp_business_super_categories`
  ADD PRIMARY KEY (`id`),
  ADD KEY `super_cat_id` (`super_cat_id`);

--
-- Indexes for table `yp_business_users`
--
ALTER TABLE `yp_business_users`
  ADD PRIMARY KEY (`id`),
  ADD UNIQUE KEY `yp_business_users_email_unique` (`email`);

--
-- Indexes for table `yp_business_users_questions`
--
ALTER TABLE `yp_business_users_questions`
  ADD PRIMARY KEY (`id`),
  ADD KEY `yp_business_users_questions_business_id_index` (`business_id`),
  ADD KEY `yp_business_users_questions_general_id_index` (`general_id`),
  ADD KEY `yp_business_users_questions_question_id_index` (`question_id`);

--
-- Indexes for table `yp_business_users_quotes`
--
ALTER TABLE `yp_business_users_quotes`
  ADD PRIMARY KEY (`id`),
  ADD KEY `yp_business_users_quotes_business_userid_index` (`business_id`),
  ADD KEY `yp_business_users_quotes_general_userid_index` (`general_id`),
  ADD KEY `yp_business_users_quotes_quote_id_index` (`quote_id`),
  ADD KEY `business_userid` (`business_id`),
  ADD KEY `general_userid` (`general_id`),
  ADD KEY `quote_id` (`quote_id`);

--
-- Indexes for table `yp_business_user_categories`
--
ALTER TABLE `yp_business_user_categories`
  ADD PRIMARY KEY (`id`),
  ADD KEY `yp_business_user_categories_business_userid_index` (`business_userid`),
  ADD KEY `yp_business_user_categories_category_id_index` (`category_id`);

--
-- Indexes for table `yp_business_user_cc_details`
--
ALTER TABLE `yp_business_user_cc_details`
  ADD PRIMARY KEY (`id`),
  ADD KEY `yp_business_user_cc_details_b_id_foreign` (`b_id`);

--
-- Indexes for table `yp_business_user_hashtags`
--
ALTER TABLE `yp_business_user_hashtags`
  ADD PRIMARY KEY (`id`),
  ADD KEY `yp_business_user_hashtags_business_userid_foreign` (`business_userid`),
  ADD KEY `tag_id` (`tag_id`);

--
-- Indexes for table `yp_business_user_quotes_reply`
--
ALTER TABLE `yp_business_user_quotes_reply`
  ADD PRIMARY KEY (`id`),
  ADD KEY `yp_business_user_quotes_reply_business_userid_index` (`business_id`),
  ADD KEY `yp_business_user_quotes_reply_quote_id_index` (`quote_id`);

--
-- Indexes for table `yp_business_user_quote_templates`
--
ALTER TABLE `yp_business_user_quote_templates`
  ADD PRIMARY KEY (`id`),
  ADD KEY `yp_business_user_quote_templates_business_userid_index` (`business_id`);

--
-- Indexes for table `yp_business_user_transactions`
--
ALTER TABLE `yp_business_user_transactions`
  ADD PRIMARY KEY (`id`),
  ADD KEY `yp_business_user_transactions_b_id_index` (`b_id`),
  ADD KEY `yp_business_user_transactions_cat_id_index` (`cat_id`),
  ADD KEY `camp_id` (`click_id`);

--
-- Indexes for table `yp_campaign_category`
--
ALTER TABLE `yp_campaign_category`
  ADD PRIMARY KEY (`id`),
  ADD KEY `camp_id` (`camp_id`),
  ADD KEY `cat_id` (`cat_id`),
  ADD KEY `b_id` (`b_id`);

--
-- Indexes for table `yp_campaign_click`
--
ALTER TABLE `yp_campaign_click`
  ADD PRIMARY KEY (`id`),
  ADD KEY `camp_id` (`camp_id`),
  ADD KEY `cat_id` (`cat_id`),
  ADD KEY `general_id` (`general_id`),
  ADD KEY `b_id` (`b_id`);

--
-- Indexes for table `yp_campaign_detail`
--
ALTER TABLE `yp_campaign_detail`
  ADD PRIMARY KEY (`id`),
  ADD KEY `b_id` (`b_id`);

--
-- Indexes for table `yp_campaign_impression`
--
ALTER TABLE `yp_campaign_impression`
  ADD PRIMARY KEY (`id`),
  ADD KEY `camp_id` (`camp_id`),
  ADD KEY `cat_id` (`cat_id`);

--
-- Indexes for table `yp_form_questions`
--
ALTER TABLE `yp_form_questions`
  ADD PRIMARY KEY (`id`),
  ADD UNIQUE KEY `qid` (`qid`),
  ADD KEY `cat_id` (`cat_id`);

--
-- Indexes for table `yp_general_users`
--
ALTER TABLE `yp_general_users`
  ADD PRIMARY KEY (`id`),
  ADD UNIQUE KEY `yp_general_users_email_unique` (`email`);

--
-- Indexes for table `yp_general_users_questions`
--
ALTER TABLE `yp_general_users_questions`
  ADD PRIMARY KEY (`id`),
  ADD KEY `yp_general_users_questions_question_id_index` (`question_id`),
  ADD KEY `yp_general_users_questions_general_id_index` (`general_id`),
  ADD KEY `yp_general_users_questions_cat_id_index` (`cat_id`);

--
-- Indexes for table `yp_general_users_quotes`
--
ALTER TABLE `yp_general_users_quotes`
  ADD PRIMARY KEY (`id`),
  ADD KEY `yp_general_users_quotes_quote_id_index` (`quote_id`),
  ADD KEY `yp_general_users_quotes_general_id_index` (`general_id`),
  ADD KEY `cat_id` (`cat_id`);

--
-- Indexes for table `yp_hashtag`
--
ALTER TABLE `yp_hashtag`
  ADD PRIMARY KEY (`id`);

--
-- Indexes for table `yp_ques_jumps`
--
ALTER TABLE `yp_ques_jumps`
  ADD PRIMARY KEY (`id`),
  ADD KEY `q_id` (`q_id`),
  ADD KEY `q_id_2` (`q_id`),
  ADD KEY `q_id_3` (`q_id`);

--
-- Indexes for table `yp_users`
--
ALTER TABLE `yp_users`
  ADD PRIMARY KEY (`id`),
  ADD UNIQUE KEY `yp_users_email_unique` (`email`);

--
-- Indexes for table `yp_user_reviews`
--
ALTER TABLE `yp_user_reviews`
  ADD PRIMARY KEY (`id`),
  ADD KEY `yp_user_reviews_business_id_index` (`business_id`),
  ADD KEY `yp_user_reviews_general_id_index` (`general_id`),
  ADD KEY `yp_user_reviews_quote_id_index` (`quote_id`);

--
-- Indexes for table `yp_verfication_business_users`
--
ALTER TABLE `yp_verfication_business_users`
  ADD PRIMARY KEY (`id`),
  ADD KEY `yp_verfication_business_users_b_id_index` (`b_id`);

--
-- AUTO_INCREMENT for dumped tables
--

--
-- AUTO_INCREMENT for table `migrations`
--
ALTER TABLE `migrations`
  MODIFY `id` int(10) UNSIGNED NOT NULL AUTO_INCREMENT, AUTO_INCREMENT=174;
--
-- AUTO_INCREMENT for table `users`
--
ALTER TABLE `users`
  MODIFY `id` int(10) UNSIGNED NOT NULL AUTO_INCREMENT, AUTO_INCREMENT=5;
--
-- AUTO_INCREMENT for table `yp_admins`
--
ALTER TABLE `yp_admins`
  MODIFY `id` int(10) UNSIGNED NOT NULL AUTO_INCREMENT, AUTO_INCREMENT=2;
--
-- AUTO_INCREMENT for table `yp_business_categories`
--
ALTER TABLE `yp_business_categories`
  MODIFY `id` int(10) UNSIGNED NOT NULL AUTO_INCREMENT, AUTO_INCREMENT=38;
--
-- AUTO_INCREMENT for table `yp_business_details`
--
ALTER TABLE `yp_business_details`
  MODIFY `id` int(10) UNSIGNED NOT NULL AUTO_INCREMENT, AUTO_INCREMENT=41;
--
-- AUTO_INCREMENT for table `yp_business_products`
--
ALTER TABLE `yp_business_products`
  MODIFY `id` int(10) UNSIGNED NOT NULL AUTO_INCREMENT;
--
-- AUTO_INCREMENT for table `yp_business_selected_services`
--
ALTER TABLE `yp_business_selected_services`
  MODIFY `id` int(10) UNSIGNED NOT NULL AUTO_INCREMENT, AUTO_INCREMENT=169;
--
-- AUTO_INCREMENT for table `yp_business_sub_categories`
--
ALTER TABLE `yp_business_sub_categories`
  MODIFY `id` int(10) UNSIGNED NOT NULL AUTO_INCREMENT;
--
-- AUTO_INCREMENT for table `yp_business_super_categories`
--
ALTER TABLE `yp_business_super_categories`
  MODIFY `id` int(11) NOT NULL AUTO_INCREMENT, AUTO_INCREMENT=17;
--
-- AUTO_INCREMENT for table `yp_business_users`
--
ALTER TABLE `yp_business_users`
  MODIFY `id` int(10) UNSIGNED NOT NULL AUTO_INCREMENT, AUTO_INCREMENT=45;
--
-- AUTO_INCREMENT for table `yp_business_users_questions`
--
ALTER TABLE `yp_business_users_questions`
  MODIFY `id` int(10) UNSIGNED NOT NULL AUTO_INCREMENT, AUTO_INCREMENT=96;
--
-- AUTO_INCREMENT for table `yp_business_users_quotes`
--
ALTER TABLE `yp_business_users_quotes`
  MODIFY `id` int(10) UNSIGNED NOT NULL AUTO_INCREMENT, AUTO_INCREMENT=266;
--
-- AUTO_INCREMENT for table `yp_business_user_categories`
--
ALTER TABLE `yp_business_user_categories`
  MODIFY `id` int(10) UNSIGNED NOT NULL AUTO_INCREMENT, AUTO_INCREMENT=206;
--
-- AUTO_INCREMENT for table `yp_business_user_cc_details`
--
ALTER TABLE `yp_business_user_cc_details`
  MODIFY `id` int(10) UNSIGNED NOT NULL AUTO_INCREMENT, AUTO_INCREMENT=26;
--
-- AUTO_INCREMENT for table `yp_business_user_hashtags`
--
ALTER TABLE `yp_business_user_hashtags`
  MODIFY `id` int(10) UNSIGNED NOT NULL AUTO_INCREMENT, AUTO_INCREMENT=202;
--
-- AUTO_INCREMENT for table `yp_business_user_quotes_reply`
--
ALTER TABLE `yp_business_user_quotes_reply`
  MODIFY `id` int(10) UNSIGNED NOT NULL AUTO_INCREMENT, AUTO_INCREMENT=35;
--
-- AUTO_INCREMENT for table `yp_business_user_quote_templates`
--
ALTER TABLE `yp_business_user_quote_templates`
  MODIFY `id` int(10) UNSIGNED NOT NULL AUTO_INCREMENT, AUTO_INCREMENT=10;
--
-- AUTO_INCREMENT for table `yp_business_user_transactions`
--
ALTER TABLE `yp_business_user_transactions`
  MODIFY `id` int(10) UNSIGNED NOT NULL AUTO_INCREMENT, AUTO_INCREMENT=566;
--
-- AUTO_INCREMENT for table `yp_campaign_category`
--
ALTER TABLE `yp_campaign_category`
  MODIFY `id` int(10) UNSIGNED NOT NULL AUTO_INCREMENT, AUTO_INCREMENT=225;
--
-- AUTO_INCREMENT for table `yp_campaign_click`
--
ALTER TABLE `yp_campaign_click`
  MODIFY `id` int(10) UNSIGNED NOT NULL AUTO_INCREMENT, AUTO_INCREMENT=398;
--
-- AUTO_INCREMENT for table `yp_campaign_detail`
--
ALTER TABLE `yp_campaign_detail`
  MODIFY `id` int(10) UNSIGNED NOT NULL AUTO_INCREMENT, AUTO_INCREMENT=98;
--
-- AUTO_INCREMENT for table `yp_campaign_impression`
--
ALTER TABLE `yp_campaign_impression`
  MODIFY `id` int(10) UNSIGNED NOT NULL AUTO_INCREMENT, AUTO_INCREMENT=2379;
--
-- AUTO_INCREMENT for table `yp_form_questions`
--
ALTER TABLE `yp_form_questions`
  MODIFY `id` int(11) NOT NULL AUTO_INCREMENT, AUTO_INCREMENT=102;
--
-- AUTO_INCREMENT for table `yp_general_users`
--
ALTER TABLE `yp_general_users`
  MODIFY `id` int(10) UNSIGNED NOT NULL AUTO_INCREMENT, AUTO_INCREMENT=11;
--
-- AUTO_INCREMENT for table `yp_general_users_questions`
--
ALTER TABLE `yp_general_users_questions`
  MODIFY `id` int(10) UNSIGNED NOT NULL AUTO_INCREMENT, AUTO_INCREMENT=87;
--
-- AUTO_INCREMENT for table `yp_general_users_quotes`
--
ALTER TABLE `yp_general_users_quotes`
  MODIFY `id` int(10) UNSIGNED NOT NULL AUTO_INCREMENT, AUTO_INCREMENT=142;
--
-- AUTO_INCREMENT for table `yp_hashtag`
--
ALTER TABLE `yp_hashtag`
  MODIFY `id` int(10) UNSIGNED NOT NULL AUTO_INCREMENT, AUTO_INCREMENT=17;
--
-- AUTO_INCREMENT for table `yp_ques_jumps`
--
ALTER TABLE `yp_ques_jumps`
  MODIFY `id` int(10) UNSIGNED NOT NULL AUTO_INCREMENT;
--
-- AUTO_INCREMENT for table `yp_users`
--
ALTER TABLE `yp_users`
  MODIFY `id` int(10) UNSIGNED NOT NULL AUTO_INCREMENT;
--
-- AUTO_INCREMENT for table `yp_user_reviews`
--
ALTER TABLE `yp_user_reviews`
  MODIFY `id` int(10) UNSIGNED NOT NULL AUTO_INCREMENT, AUTO_INCREMENT=38;
--
-- AUTO_INCREMENT for table `yp_verfication_business_users`
--
ALTER TABLE `yp_verfication_business_users`
  MODIFY `id` int(10) UNSIGNED NOT NULL AUTO_INCREMENT, AUTO_INCREMENT=2;
--
-- Constraints for dumped tables
--

--
-- Constraints for table `yp_business_categories`
--
ALTER TABLE `yp_business_categories`
  ADD CONSTRAINT `super category relation` FOREIGN KEY (`super_cat_id`) REFERENCES `yp_business_super_categories` (`super_cat_id`) ON DELETE CASCADE;

--
-- Constraints for table `yp_business_details`
--
ALTER TABLE `yp_business_details`
  ADD CONSTRAINT `yp_business_details_b_id_foreign` FOREIGN KEY (`b_id`) REFERENCES `yp_business_users` (`id`) ON DELETE CASCADE;

--
-- Constraints for table `yp_business_products`
--
ALTER TABLE `yp_business_products`
  ADD CONSTRAINT `yp_business_products_business_id_foreign` FOREIGN KEY (`business_id`) REFERENCES `yp_business_users` (`id`) ON DELETE CASCADE,
  ADD CONSTRAINT `yp_business_products_category_id_foreign` FOREIGN KEY (`category_id`) REFERENCES `yp_business_categories` (`id`) ON DELETE CASCADE,
  ADD CONSTRAINT `yp_business_products_sub_category_id_foreign` FOREIGN KEY (`sub_category_id`) REFERENCES `yp_business_sub_categories` (`id`) ON DELETE CASCADE;

--
-- Constraints for table `yp_business_selected_services`
--
ALTER TABLE `yp_business_selected_services`
  ADD CONSTRAINT `yp_business_selected_services_business_id_foreign` FOREIGN KEY (`business_id`) REFERENCES `yp_business_users` (`id`) ON DELETE CASCADE,
  ADD CONSTRAINT `yp_business_selected_services_cat_id_foreign` FOREIGN KEY (`cat_id`) REFERENCES `yp_business_categories` (`id`) ON DELETE CASCADE;

--
-- Constraints for table `yp_business_sub_categories`
--
ALTER TABLE `yp_business_sub_categories`
  ADD CONSTRAINT `yp_business_sub_categories_cat_id_foreign` FOREIGN KEY (`cat_id`) REFERENCES `yp_business_categories` (`id`) ON DELETE CASCADE;

--
-- Constraints for table `yp_business_users_questions`
--
ALTER TABLE `yp_business_users_questions`
  ADD CONSTRAINT `yp_business_users_questions_business_id_foreign` FOREIGN KEY (`business_id`) REFERENCES `yp_business_users` (`id`) ON DELETE CASCADE,
  ADD CONSTRAINT `yp_business_users_questions_general_id_foreign` FOREIGN KEY (`general_id`) REFERENCES `yp_general_users` (`id`) ON DELETE CASCADE,
  ADD CONSTRAINT `yp_business_users_questions_question_id_foreign` FOREIGN KEY (`question_id`) REFERENCES `yp_general_users_questions` (`id`) ON DELETE CASCADE;

--
-- Constraints for table `yp_business_users_quotes`
--
ALTER TABLE `yp_business_users_quotes`
  ADD CONSTRAINT `yp_business_users_quotes_business_userid_foreign` FOREIGN KEY (`business_id`) REFERENCES `yp_business_users` (`id`) ON DELETE CASCADE,
  ADD CONSTRAINT `yp_business_users_quotes_general_userid_foreign` FOREIGN KEY (`general_id`) REFERENCES `yp_general_users` (`id`) ON DELETE CASCADE,
  ADD CONSTRAINT `yp_business_users_quotes_ibfk_1` FOREIGN KEY (`quote_id`) REFERENCES `yp_general_users_quotes` (`id`) ON DELETE CASCADE;

--
-- Constraints for table `yp_business_user_categories`
--
ALTER TABLE `yp_business_user_categories`
  ADD CONSTRAINT `yp_business_user_categories_business_userid_foreign` FOREIGN KEY (`business_userid`) REFERENCES `yp_business_users` (`id`) ON DELETE CASCADE,
  ADD CONSTRAINT `yp_business_user_categories_category_id_foreign` FOREIGN KEY (`category_id`) REFERENCES `yp_business_categories` (`id`) ON DELETE CASCADE;

--
-- Constraints for table `yp_business_user_cc_details`
--
ALTER TABLE `yp_business_user_cc_details`
  ADD CONSTRAINT `yp_business_user_cc_details_b_id_foreign` FOREIGN KEY (`b_id`) REFERENCES `yp_business_users` (`id`) ON DELETE CASCADE;

--
-- Constraints for table `yp_business_user_hashtags`
--
ALTER TABLE `yp_business_user_hashtags`
  ADD CONSTRAINT `yp_business_user_hashtags_business_userid_foreign` FOREIGN KEY (`business_userid`) REFERENCES `yp_business_users` (`id`) ON DELETE CASCADE,
  ADD CONSTRAINT `yp_business_user_hashtags_ibfk_1` FOREIGN KEY (`tag_id`) REFERENCES `yp_hashtag` (`id`) ON DELETE CASCADE ON UPDATE CASCADE;

--
-- Constraints for table `yp_business_user_quotes_reply`
--
ALTER TABLE `yp_business_user_quotes_reply`
  ADD CONSTRAINT `yp_business_user_quotes_reply_business_userid_foreign` FOREIGN KEY (`business_id`) REFERENCES `yp_business_users` (`id`) ON DELETE CASCADE,
  ADD CONSTRAINT `yp_business_user_quotes_reply_ibfk_1` FOREIGN KEY (`quote_id`) REFERENCES `yp_general_users_quotes` (`id`) ON DELETE CASCADE;

--
-- Constraints for table `yp_business_user_quote_templates`
--
ALTER TABLE `yp_business_user_quote_templates`
  ADD CONSTRAINT `yp_business_user_quote_templates_business_userid_foreign` FOREIGN KEY (`business_id`) REFERENCES `yp_business_users` (`id`) ON DELETE CASCADE;

--
-- Constraints for table `yp_business_user_transactions`
--
ALTER TABLE `yp_business_user_transactions`
  ADD CONSTRAINT `yp_business_user_transactions_b_id_foreign` FOREIGN KEY (`b_id`) REFERENCES `yp_business_users` (`id`);

--
-- Constraints for table `yp_campaign_category`
--
ALTER TABLE `yp_campaign_category`
  ADD CONSTRAINT `yp_campaign_category_ibfk_1` FOREIGN KEY (`b_id`) REFERENCES `yp_business_users` (`id`) ON DELETE CASCADE ON UPDATE CASCADE,
  ADD CONSTRAINT `yp_campaign_category_ibfk_2` FOREIGN KEY (`camp_id`) REFERENCES `yp_campaign_detail` (`id`) ON DELETE CASCADE ON UPDATE CASCADE,
  ADD CONSTRAINT `yp_campaign_category_ibfk_3` FOREIGN KEY (`cat_id`) REFERENCES `yp_business_categories` (`id`) ON DELETE CASCADE ON UPDATE CASCADE;

--
-- Constraints for table `yp_campaign_click`
--
ALTER TABLE `yp_campaign_click`
  ADD CONSTRAINT `yp_campaign_click_ibfk_1` FOREIGN KEY (`camp_id`) REFERENCES `yp_campaign_detail` (`id`) ON DELETE CASCADE ON UPDATE CASCADE,
  ADD CONSTRAINT `yp_campaign_click_ibfk_2` FOREIGN KEY (`cat_id`) REFERENCES `yp_business_categories` (`id`) ON DELETE CASCADE ON UPDATE CASCADE,
  ADD CONSTRAINT `yp_campaign_click_ibfk_4` FOREIGN KEY (`b_id`) REFERENCES `yp_business_users` (`id`) ON DELETE CASCADE ON UPDATE CASCADE;

--
-- Constraints for table `yp_campaign_detail`
--
ALTER TABLE `yp_campaign_detail`
  ADD CONSTRAINT `yp_campaign_detail_ibfk_1` FOREIGN KEY (`b_id`) REFERENCES `yp_business_users` (`id`) ON DELETE CASCADE ON UPDATE CASCADE;

--
-- Constraints for table `yp_campaign_impression`
--
ALTER TABLE `yp_campaign_impression`
  ADD CONSTRAINT `yp_campaign_impression_ibfk_1` FOREIGN KEY (`camp_id`) REFERENCES `yp_campaign_detail` (`id`) ON DELETE CASCADE ON UPDATE CASCADE,
  ADD CONSTRAINT `yp_campaign_impression_ibfk_2` FOREIGN KEY (`cat_id`) REFERENCES `yp_business_categories` (`id`) ON DELETE CASCADE ON UPDATE CASCADE;

--
-- Constraints for table `yp_form_questions`
--
ALTER TABLE `yp_form_questions`
  ADD CONSTRAINT `yp_form_questions_ibfk_1` FOREIGN KEY (`cat_id`) REFERENCES `yp_business_categories` (`id`) ON DELETE CASCADE ON UPDATE CASCADE;

--
-- Constraints for table `yp_general_users_questions`
--
ALTER TABLE `yp_general_users_questions`
  ADD CONSTRAINT `yp_general_users_questions_cat_id_foreign` FOREIGN KEY (`cat_id`) REFERENCES `yp_business_categories` (`id`) ON DELETE CASCADE,
  ADD CONSTRAINT `yp_general_users_questions_general_id_foreign` FOREIGN KEY (`general_id`) REFERENCES `yp_general_users` (`id`) ON DELETE CASCADE;

--
-- Constraints for table `yp_general_users_quotes`
--
ALTER TABLE `yp_general_users_quotes`
  ADD CONSTRAINT `yp_general_users_quotes_general_id_foreign` FOREIGN KEY (`general_id`) REFERENCES `yp_general_users` (`id`) ON DELETE CASCADE ON UPDATE CASCADE,
  ADD CONSTRAINT `yp_general_users_quotes_ibfk_1` FOREIGN KEY (`cat_id`) REFERENCES `yp_business_categories` (`id`) ON DELETE CASCADE ON UPDATE CASCADE;

--
-- Constraints for table `yp_ques_jumps`
--
ALTER TABLE `yp_ques_jumps`
  ADD CONSTRAINT `yp_ques_jumps_ibfk_1` FOREIGN KEY (`q_id`) REFERENCES `yp_form_questions` (`id`) ON DELETE CASCADE ON UPDATE CASCADE;

--
-- Constraints for table `yp_user_reviews`
--
ALTER TABLE `yp_user_reviews`
  ADD CONSTRAINT `yp_user_reviews_business_id_foreign` FOREIGN KEY (`business_id`) REFERENCES `yp_business_users` (`id`) ON DELETE CASCADE,
  ADD CONSTRAINT `yp_user_reviews_general_id_foreign` FOREIGN KEY (`general_id`) REFERENCES `yp_general_users` (`id`) ON DELETE CASCADE;

--
-- Constraints for table `yp_verfication_business_users`
--
ALTER TABLE `yp_verfication_business_users`
  ADD CONSTRAINT `yp_verfication_business_users_b_id_foreign` FOREIGN KEY (`b_id`) REFERENCES `yp_business_users` (`id`) ON DELETE CASCADE;

/*!40101 SET CHARACTER_SET_CLIENT=@OLD_CHARACTER_SET_CLIENT */;
/*!40101 SET CHARACTER_SET_RESULTS=@OLD_CHARACTER_SET_RESULTS */;
/*!40101 SET COLLATION_CONNECTION=@OLD_COLLATION_CONNECTION */;
